well_id,depth_md,formation,lithology,rop_mhr,wob_klbs,rpm,torque_kftlb,spp_psi,flow_rate_gpm,mud_weight_ppg,ecd_ppg,offset_wells_count_in_radius,max_offset_similarity,offset_mud_loss_count,offset_stuck_pipe_count,offset_kick_count,offset_torque_spike_count,nearest_hazard_distance_km,offset_hazard_density,hazard_event_type,risk_level,is_mud_loss,is_stuck_pipe,is_kick,split_group
DLJ-07,1800.0,Tipam Sandstone,Porous Sandstone / Siltstone,11.88,26.1,113.8,7.02,2617.4,551.0,9.82,10.21,5,0.2862,2,2,0,3,5.34,1.5593,NONE,LOW,0,0,0,train
DLJ-07,1810.0,Tipam Sandstone,Porous Sandstone / Siltstone,11.99,26.3,113.1,8.03,2680.7,553.7,9.8,10.17,5,0.2862,2,2,0,3,5.34,1.5595,NONE,LOW,0,0,0,train
DLJ-07,1820.0,Tipam Sandstone,Porous Sandstone / Siltstone,11.92,26.33,109.8,7.91,2638.0,559.8,9.83,10.22,5,0.2862,2,2,0,3,5.34,1.5597,NONE,LOW,0,0,0,train
DLJ-07,1830.0,Tipam Sandstone,Porous Sandstone / Siltstone,12.29,25.96,111.5,8.21,2668.3,567.1,9.77,10.15,5,0.2862,2,2,0,3,5.34,1.5599,NONE,LOW,0,0,0,train
DLJ-07,1840.0,Tipam Sandstone,Porous Sandstone / Siltstone,12.01,26.1,114.5,7.94,2639.0,543.4,9.76,10.18,5,0.2862,2,2,0,3,5.34,1.5602,NONE,LOW,0,0,0,train
DLJ-07,1850.0,Tipam Sandstone,Porous Sandstone / Siltstone,12.83,24.6,110.9,8.06,2668.0,557.0,9.86,10.27,5,0.2862,2,2,0,3,5.34,1.5604,NONE,LOW,0,0,0,train
DLJ-07,1860.0,Tipam Sandstone,Porous Sandstone / Siltstone,12.54,25.79,112.5,7.27,2657.0,546.2,9.85,10.24,5,0.2862,2,2,0,3,5.34,1.5607,NONE,LOW,0,0,0,train
DLJ-07,1870.0,Tipam Sandstone,Porous Sandstone / Siltstone,13.4,24.44,113.9,7.16,2659.1,551.3,9.78,10.2,5,0.2862,2,2,0,3,5.34,1.561,NONE,LOW,0,0,0,train
DLJ-07,1880.0,Tipam Sandstone,Porous Sandstone / Siltstone,12.98,25.1,108.2,8.43,2665.2,539.8,9.86,10.22,5,0.2863,2,2,0,3,5.34,1.5616,NONE,LOW,0,0,0,train
DLJ-07,1890.0,Tipam Sandstone,Porous Sandstone / Siltstone,12.8,25.73,112.8,7.79,2676.5,555.0,9.73,10.12,5,0.2863,2,2,0,3,5.34,1.5619,NONE,LOW,0,0,0,train
DLJ-07,1900.0,Tipam Sandstone,Porous Sandstone / Siltstone,12.1,25.16,108.5,7.4,2687.2,546.2,9.84,10.24,5,0.2863,2,2,0,3,5.34,1.5623,NONE,LOW,0,0,0,train
DLJ-07,1910.0,Tipam Sandstone,Porous Sandstone / Siltstone,12.77,26.44,109.6,7.79,2675.5,536.5,9.84,10.2,5,0.2863,2,2,0,3,5.34,1.563,NONE,LOW,0,0,0,train
DLJ-07,1920.0,Tipam Sandstone,Porous Sandstone / Siltstone,11.9,26.16,106.4,7.81,2712.5,547.1,9.69,10.12,5,0.2863,2,2,0,3,5.34,1.5634,NONE,LOW,0,0,0,train
DLJ-07,1930.0,Tipam Sandstone,Porous Sandstone / Siltstone,12.38,24.58,108.6,8.42,2639.3,553.5,9.73,10.13,5,0.2863,2,2,0,3,5.34,1.5639,NONE,LOW,0,0,0,train
DLJ-07,1940.0,Tipam Sandstone,Porous Sandstone / Siltstone,11.63,25.85,107.9,8.12,2685.5,562.8,9.75,10.15,5,0.2864,2,2,0,3,5.34,1.5646,NONE,LOW,0,0,0,train
DLJ-07,1950.0,Tipam Sandstone,Porous Sandstone / Siltstone,12.61,26.06,115.4,8.42,2696.4,561.7,9.72,10.08,5,0.2864,2,2,0,3,5.34,1.5651,NONE,LOW,0,0,0,train
DLJ-07,1960.0,Tipam Sandstone,Porous Sandstone / Siltstone,11.94,25.37,104.5,8.32,2684.4,538.2,9.75,10.12,5,0.2864,2,2,0,3,5.34,1.5656,NONE,LOW,0,0,0,train
DLJ-07,1970.0,Tipam Sandstone,Porous Sandstone / Siltstone,13.0,28.28,121.7,8.21,2667.8,532.9,9.83,10.23,5,0.2864,2,2,0,3,5.34,1.5662,NONE,LOW,0,0,0,train
DLJ-07,1980.0,Tipam Sandstone,Porous Sandstone / Siltstone,12.25,25.19,109.4,8.53,2698.9,548.7,9.73,10.1,5,0.2865,2,2,0,3,5.34,1.5672,NONE,LOW,0,0,0,train
DLJ-07,1990.0,Tipam Sandstone,Porous Sandstone / Siltstone,12.21,25.9,117.1,8.07,2722.1,546.0,9.67,10.03,5,0.2865,2,2,0,3,5.34,1.5681,NONE,LOW,0,0,0,train
DLJ-07,2000.0,Tipam Sandstone,Porous Sandstone / Siltstone,12.06,28.55,106.7,8.42,2677.4,557.5,9.72,10.13,5,0.2865,2,2,0,3,5.34,1.5688,NONE,LOW,0,0,0,train
DLJ-07,2010.0,Tipam Sandstone,Porous Sandstone / Siltstone,12.48,25.25,111.8,7.77,2671.9,539.8,9.79,10.19,5,0.2865,2,2,0,3,5.34,1.5696,NONE,LOW,0,0,0,train
DLJ-07,2020.0,Tipam Sandstone,Porous Sandstone / Siltstone,12.6,25.94,111.1,8.65,2710.5,546.7,9.93,10.36,5,0.2866,2,2,0,3,5.34,1.5707,NONE,LOW,0,0,0,train
DLJ-07,2030.0,Tipam Sandstone,Porous Sandstone / Siltstone,13.42,26.34,105.1,7.32,2748.8,563.8,9.83,10.23,5,0.2866,2,2,0,3,5.34,1.5716,NONE,LOW,0,0,0,train
DLJ-07,2040.0,Tipam Sandstone,Porous Sandstone / Siltstone,13.38,24.83,106.4,8.32,2700.1,550.0,9.77,10.16,5,0.2866,2,2,0,3,5.34,1.5727,NONE,LOW,0,0,0,train
DLJ-07,2050.0,Tipam Sandstone,Porous Sandstone / Siltstone,13.34,26.31,112.6,6.97,2711.3,543.3,9.83,10.19,5,0.2867,2,2,0,3,5.34,1.5741,NONE,LOW,0,0,0,train
DLJ-07,2060.0,Tipam Sandstone,Porous Sandstone / Siltstone,12.3,27.34,104.7,8.02,2702.9,547.4,9.73,10.16,5,0.2867,2,2,0,3,5.34,1.5751,NONE,LOW,0,0,0,train
DLJ-07,2070.0,Tipam Sandstone,Porous Sandstone / Siltstone,13.3,26.09,107.2,7.89,2723.6,551.4,9.84,10.21,5,0.2868,2,2,0,3,5.34,1.5765,NONE,LOW,0,0,0,train
DLJ-07,2080.0,Tipam Sandstone,Porous Sandstone / Siltstone,12.64,29.34,117.5,7.57,2712.8,538.3,9.81,10.19,5,0.2868,2,2,0,3,5.34,1.578,NONE,LOW,0,0,0,train
DLJ-07,2090.0,Tipam Sandstone,Porous Sandstone / Siltstone,13.22,25.49,107.4,6.93,2718.4,541.5,9.83,10.21,5,0.2869,2,2,0,3,5.34,1.5796,NONE,LOW,0,0,0,train
DLJ-07,2100.0,Tipam Sandstone,Porous Sandstone / Siltstone,12.44,24.29,104.1,9.06,2692.8,541.2,9.73,10.18,5,0.2869,2,2,0,3,5.34,1.581,NONE,LOW,0,0,0,train
DLJ-07,2110.0,Tipam Sandstone,Porous Sandstone / Siltstone,11.8,26.0,111.4,8.86,2702.8,548.0,10.03,10.46,5,0.287,2,2,0,3,5.34,1.583,NONE,LOW,0,0,0,train
DLJ-07,2120.0,Tipam Sandstone,Porous Sandstone / Siltstone,12.27,26.32,104.5,7.88,2723.3,551.9,9.83,10.22,5,0.2871,2,2,0,3,5.34,1.5848,NONE,LOW,0,0,0,train
DLJ-07,2130.0,Tipam Sandstone,Porous Sandstone / Siltstone,13.11,26.71,111.4,8.03,2732.5,544.2,9.84,10.25,5,0.2871,2,2,0,3,5.34,1.5869,NONE,LOW,0,0,0,train
DLJ-07,2140.0,Tipam Sandstone,Porous Sandstone / Siltstone,13.76,28.45,111.5,7.62,2707.2,559.5,9.79,10.2,5,0.2872,2,2,0,3,5.34,1.589,NONE,LOW,0,0,0,train
DLJ-07,2150.0,Tipam Sandstone,Porous Sandstone / Siltstone,11.45,27.71,111.8,7.44,2725.7,552.1,9.84,10.24,5,0.2873,2,2,0,3,5.34,1.5914,NONE,LOW,0,0,0,train
DLJ-07,2160.0,Tipam Sandstone,Porous Sandstone / Siltstone,12.44,26.34,110.6,8.74,2675.8,548.1,9.78,10.18,5,0.2874,2,2,0,3,5.34,1.5938,NONE,LOW,0,0,0,train
DLJ-07,2170.0,Tipam Sandstone,Porous Sandstone / Siltstone,12.28,24.57,111.3,8.86,2704.2,556.9,9.82,10.21,5,0.2875,2,2,0,3,5.34,1.5966,NONE,LOW,0,0,0,train
DLJ-07,2180.0,Tipam Sandstone,Porous Sandstone / Siltstone,11.87,26.32,115.2,8.29,2788.3,559.4,9.8,10.21,5,0.2876,2,2,0,3,5.34,1.5992,NONE,LOW,0,0,0,train
DLJ-07,2190.0,Tipam Sandstone,Porous Sandstone / Siltstone,12.76,27.75,108.8,8.03,2730.1,557.9,9.94,10.3,5,0.2877,2,2,0,3,5.34,1.6024,NONE,LOW,0,0,0,train
DLJ-07,2200.0,Tipam Sandstone,Porous Sandstone / Siltstone,12.39,28.21,113.0,8.91,2768.3,537.4,9.86,10.26,5,0.2878,2,2,0,3,5.34,1.6057,NONE,LOW,0,0,0,train
DLJ-07,2210.0,Tipam Sandstone,Porous Sandstone / Siltstone,12.19,28.65,112.6,7.65,2727.2,550.3,9.71,10.07,5,0.2879,2,2,0,3,5.34,1.6089,NONE,LOW,0,0,0,train
DLJ-07,2220.0,Tipam Sandstone,Porous Sandstone / Siltstone,12.69,28.27,112.4,6.85,2762.6,550.6,9.75,10.16,5,0.288,2,2,0,3,5.34,1.6126,NONE,LOW,0,0,0,train
DLJ-07,2230.0,Tipam Sandstone,Porous Sandstone / Siltstone,11.26,26.21,112.4,7.21,2794.4,552.9,9.93,10.35,5,0.2882,2,2,0,3,5.34,1.6166,NONE,LOW,0,0,0,train
DLJ-07,2240.0,Tipam Sandstone,Porous Sandstone / Siltstone,12.99,28.24,110.9,8.12,2766.8,543.1,9.75,10.15,5,0.2883,2,2,0,3,5.34,1.6208,NONE,LOW,0,0,0,train
DLJ-07,2250.0,Tipam Sandstone,Porous Sandstone / Siltstone,12.73,28.2,105.8,7.94,2799.5,544.1,9.79,10.16,5,0.2885,2,2,0,3,5.34,1.6253,NONE,LOW,0,0,0,train
DLJ-07,2260.0,Tipam Sandstone,Porous Sandstone / Siltstone,13.01,27.05,115.3,8.43,2786.0,554.4,9.82,10.29,5,0.2886,2,2,0,3,5.34,1.63,NONE,LOW,0,0,0,train
DLJ-07,2270.0,Tipam Sandstone,Porous Sandstone / Siltstone,11.3,29.01,108.2,8.05,2800.2,537.2,9.78,10.15,5,0.2888,2,2,0,3,5.34,1.6352,NONE,LOW,0,0,0,train
DLJ-07,2280.0,Tipam Sandstone,Porous Sandstone / Siltstone,12.02,27.65,112.1,8.14,2734.7,531.5,9.67,10.07,5,0.289,2,2,0,3,5.34,1.6406,NONE,LOW,0,0,0,train
DLJ-07,2290.0,Tipam Sandstone,Porous Sandstone / Siltstone,12.78,28.0,110.6,8.38,2778.2,554.2,9.76,10.14,5,0.2892,2,2,0,3,5.34,1.6464,NONE,LOW,0,0,0,train
DLJ-07,2300.0,Tipam Sandstone,Porous Sandstone / Siltstone,12.62,28.18,108.4,8.26,2768.4,549.1,9.79,10.21,5,0.2894,2,2,0,3,5.34,1.6526,NONE,LOW,0,0,0,train
DLJ-07,2310.0,Tipam Sandstone,Porous Sandstone / Siltstone,11.72,25.46,100.7,7.66,2796.2,547.7,9.64,10.05,5,0.2897,2,2,0,3,5.34,1.6594,NONE,LOW,0,0,0,train
DLJ-07,2320.0,Tipam Sandstone,Porous Sandstone / Siltstone,13.3,27.2,115.4,8.05,2759.1,545.2,9.89,10.24,5,0.2899,2,2,0,3,5.34,1.6664,NONE,LOW,0,0,0,train
DLJ-07,2330.0,Tipam Sandstone,Porous Sandstone / Siltstone,12.29,28.28,116.9,7.31,2792.3,541.7,9.73,10.14,5,0.2902,2,2,0,3,5.34,1.6742,NONE,LOW,0,0,0,train
DLJ-07,2340.0,Tipam Sandstone,Porous Sandstone / Siltstone,11.4,28.47,107.6,7.73,2758.3,544.8,9.79,10.2,5,0.2905,2,2,0,3,5.34,1.6825,NONE,LOW,0,0,0,train
DLJ-07,2350.0,Tipam Sandstone,Porous Sandstone / Siltstone,12.7,27.83,115.3,7.83,2750.6,558.5,9.78,10.17,5,0.2977,2,2,0,3,5.34,1.691,NONE,LOW,0,0,0,train
DLJ-07,2360.0,Tipam Sandstone,Porous Sandstone / Siltstone,12.73,27.28,111.4,8.98,2841.9,550.6,9.89,10.29,5,0.3058,2,2,0,3,5.34,1.7004,NONE,LOW,0,0,0,train
DLJ-07,2370.0,Tipam Sandstone,Porous Sandstone / Siltstone,11.99,27.88,109.9,8.16,2771.7,537.3,9.89,10.22,5,0.3144,2,2,0,3,5.34,1.7105,NONE,LOW,0,0,0,train
DLJ-07,2380.0,Tipam Sandstone,Porous Sandstone / Siltstone,12.22,27.17,117.7,8.55,2770.9,552.8,9.71,10.1,5,0.3235,2,2,0,3,5.34,1.7211,NONE,LOW,0,0,0,train
DLJ-07,2390.0,Tipam Sandstone,Porous Sandstone / Siltstone,12.61,28.3,108.6,8.53,2769.0,550.1,9.78,10.26,5,0.3333,2,2,0,3,5.34,1.7324,NONE,LOW,0,0,0,train
DLJ-07,2400.0,Tipam Sandstone,Porous Sandstone / Siltstone,13.36,27.71,112.3,7.97,2795.7,543.8,9.82,10.23,5,0.3438,2,2,0,3,5.34,1.7446,NONE,LOW,0,0,0,train
DLJ-07,2410.0,Tipam Sandstone,Porous Sandstone / Siltstone,12.9,28.94,111.5,7.86,2813.8,547.5,9.73,10.16,5,0.355,2,2,0,3,5.34,1.7576,NONE,LOW,0,0,0,train
DLJ-07,2420.0,Tipam Sandstone,Porous Sandstone / Siltstone,12.3,25.29,104.0,8.68,2827.4,544.2,9.65,10.01,5,0.367,2,2,0,3,5.34,1.7716,NONE,LOW,0,0,0,train
DLJ-07,2430.0,Tipam Sandstone,Porous Sandstone / Siltstone,12.17,30.62,111.7,7.72,2819.1,537.5,9.56,9.95,5,0.3798,2,2,0,3,5.34,1.7867,NONE,LOW,0,0,0,train
DLJ-07,2440.0,Tipam Sandstone,Porous Sandstone / Siltstone,12.45,28.71,111.4,8.33,2792.8,557.2,9.81,10.26,5,0.3695,2,2,0,3,5.34,1.7784,NONE,LOW,0,0,0,train
DLJ-07,2450.0,Tipam Sandstone,Porous Sandstone / Siltstone,11.97,29.4,109.2,8.7,2801.4,561.6,9.72,10.13,5,0.3574,2,2,0,3,5.34,1.7685,NONE,LOW,0,0,0,train
DLJ-07,2460.0,Tipam Sandstone,Porous Sandstone / Siltstone,13.44,27.41,106.2,7.78,2826.3,537.5,9.82,10.24,5,0.346,2,2,0,3,5.34,1.7598,NONE,LOW,0,0,0,train
DLJ-07,2470.0,Tipam Sandstone,Porous Sandstone / Siltstone,13.19,25.01,106.9,7.16,2796.8,552.0,9.76,10.15,5,0.3354,2,2,0,3,5.34,1.752,NONE,LOW,0,0,0,train
DLJ-07,2480.0,Tipam Sandstone,Porous Sandstone / Siltstone,12.4,28.16,106.0,8.35,2836.6,553.1,9.78,10.2,5,0.3254,2,2,0,3,5.34,1.745,NONE,LOW,0,0,0,train
DLJ-07,2490.0,Tipam Sandstone,Porous Sandstone / Siltstone,13.72,27.86,108.8,7.62,2796.7,540.0,9.82,10.2,5,0.3161,2,2,0,3,5.34,1.7387,NONE,LOW,0,0,0,train
DLJ-07,2500.0,Tipam Sandstone,Porous Sandstone / Siltstone,12.7,28.06,106.9,8.45,2843.5,548.7,9.79,10.17,5,0.3074,2,2,0,3,5.34,1.7333,NONE,LOW,0,0,0,train
DLJ-07,2510.0,Tipam Sandstone,Porous Sandstone / Siltstone,12.61,26.3,109.7,8.13,2805.0,551.5,9.84,10.2,5,0.2998,2,2,0,3,5.34,1.7288,NONE,LOW,0,0,0,train
DLJ-07,2520.0,Tipam Sandstone,Porous Sandstone / Siltstone,13.25,27.78,111.5,6.8,2801.1,547.6,9.91,10.27,5,0.3007,2,2,0,3,5.34,1.7249,NONE,LOW,0,0,0,train
DLJ-07,2530.0,Tipam Sandstone,Porous Sandstone / Siltstone,13.7,26.71,106.7,8.12,2872.8,540.2,9.86,10.26,5,0.3017,2,2,0,3,5.34,1.7216,NONE,LOW,0,0,0,train
DLJ-07,2540.0,Tipam Sandstone,Porous Sandstone / Siltstone,11.51,26.62,108.3,7.74,2855.3,551.9,9.95,10.29,5,0.3028,2,2,0,3,5.34,1.7195,NONE,LOW,0,0,0,train
DLJ-07,2550.0,Tipam Sandstone,Porous Sandstone / Siltstone,12.15,29.73,107.5,7.68,2851.0,556.1,9.84,10.25,5,0.304,2,2,0,3,5.34,1.718,NONE,LOW,0,0,0,train
DLJ-07,2560.0,Tipam Sandstone,Porous Sandstone / Siltstone,12.82,27.0,110.9,7.29,2851.2,543.5,9.67,10.03,5,0.3052,2,2,0,3,5.34,1.7169,NONE,LOW,0,0,0,train
DLJ-07,2570.0,Tipam Sandstone,Porous Sandstone / Siltstone,12.64,27.54,115.8,7.78,2843.3,552.2,9.86,10.24,5,0.3065,2,2,0,3,5.34,1.7167,NONE,LOW,0,0,0,train
DLJ-07,2580.0,Tipam Sandstone,Porous Sandstone / Siltstone,12.18,27.83,115.5,7.48,2784.7,562.9,9.84,10.31,5,0.3079,2,2,0,3,5.34,1.7173,NONE,LOW,0,0,0,train
DLJ-07,2590.0,Tipam Sandstone,Porous Sandstone / Siltstone,11.34,27.99,108.9,7.91,2819.7,554.6,9.77,10.18,5,0.3094,2,2,0,3,5.34,1.7186,NONE,LOW,0,0,0,train
DLJ-07,2600.0,Tipam Sandstone,Porous Sandstone / Siltstone,12.92,30.86,110.7,7.83,2846.4,554.9,9.68,10.03,5,0.311,2,2,0,3,5.34,1.7206,NONE,LOW,0,0,0,train
DLJ-07,2610.0,Tipam Sandstone,Porous Sandstone / Siltstone,12.27,30.66,109.3,8.83,2824.9,554.7,9.81,10.22,5,0.3128,2,2,0,3,5.34,1.7234,NONE,LOW,0,0,0,train
DLJ-07,2620.0,Tipam Sandstone,Porous Sandstone / Siltstone,12.61,29.94,108.7,7.15,2854.6,542.8,9.73,10.12,5,0.3146,2,2,0,3,5.34,1.7268,NONE,LOW,0,0,0,train
DLJ-07,2630.0,Tipam Sandstone,Porous Sandstone / Siltstone,11.48,26.58,111.9,7.74,2793.4,556.3,9.79,10.2,5,0.3166,2,2,0,3,5.34,1.7311,NONE,LOW,0,0,0,train
DLJ-07,2640.0,Tipam Sandstone,Porous Sandstone / Siltstone,11.71,29.56,111.4,9.19,2870.5,553.1,9.74,10.14,5,0.3187,2,2,0,3,5.34,1.7361,NONE,LOW,0,0,0,train
DLJ-07,2650.0,Tipam Sandstone,Porous Sandstone / Siltstone,12.88,30.1,107.9,7.78,2850.5,556.3,9.87,10.31,5,0.3209,2,2,0,3,5.34,1.7417,NONE,LOW,0,0,0,train
DLJ-07,2660.0,Tipam Sandstone,Porous Sandstone / Siltstone,12.25,29.02,109.0,8.48,2808.7,543.4,9.76,10.14,5,0.3233,2,2,0,2,5.34,1.5482,NONE,LOW,0,0,0,train
DLJ-07,2670.0,Tipam Sandstone,Porous Sandstone / Siltstone,11.92,27.58,109.2,8.56,2861.4,541.8,9.61,10.01,5,0.3259,2,2,0,2,5.34,1.5589,NONE,LOW,0,0,0,train
DLJ-07,2680.0,Tipam Sandstone,Porous Sandstone / Siltstone,11.91,27.63,112.2,7.89,2886.2,549.9,9.88,10.3,5,0.3286,2,2,0,2,5.34,1.5704,NONE,LOW,0,0,0,train
DLJ-07,2690.0,Tipam Sandstone,Porous Sandstone / Siltstone,12.49,28.51,105.1,7.22,2889.6,547.2,9.72,10.09,5,0.3316,2,2,0,2,5.34,1.5835,NONE,LOW,0,0,0,train
DLJ-07,2700.0,Tipam Sandstone,Porous Sandstone / Siltstone,13.18,26.06,104.0,7.54,2911.5,552.3,9.79,10.22,5,0.3347,2,2,0,2,5.34,1.5974,NONE,LOW,0,0,0,train
DLJ-07,2710.0,Tipam Sandstone,Porous Sandstone / Siltstone,11.83,29.38,110.2,8.27,2872.8,552.2,9.71,10.11,5,0.3381,2,2,0,2,5.34,1.6128,NONE,LOW,0,0,0,train
DLJ-07,2720.0,Tipam Sandstone,Porous Sandstone / Siltstone,12.98,26.94,101.0,8.5,2909.7,541.8,9.86,10.21,5,0.3417,1,3,0,3,5.34,1.8465,NONE,LOW,0,0,0,train
DLJ-07,2730.0,Tipam Sandstone,Porous Sandstone / Siltstone,13.06,31.08,112.1,7.81,2860.2,550.1,9.81,10.2,5,0.3455,1,3,0,3,5.34,1.871,NONE,LOW,0,0,0,train
DLJ-07,2740.0,Tipam Sandstone,Porous Sandstone / Siltstone,13.73,31.1,114.5,7.54,2906.4,555.1,9.72,10.13,5,0.3496,1,3,0,3,5.34,1.8974,NONE,LOW,0,0,0,train
DLJ-07,2750.0,Tipam Sandstone,Porous Sandstone / Siltstone,12.88,29.89,112.5,8.17,2842.9,550.7,9.9,10.28,5,0.354,1,3,0,3,5.34,1.9253,NONE,LOW,0,0,0,train
DLJ-07,2760.0,Tipam Sandstone,Porous Sandstone / Siltstone,13.51,31.11,115.4,8.13,2923.8,550.1,9.7,10.1,5,0.3587,1,3,0,3,5.34,1.9554,NONE,LOW,0,0,0,train
DLJ-07,2770.0,Tipam Sandstone,Porous Sandstone / Siltstone,12.74,29.15,104.8,7.97,2890.5,564.4,9.71,10.14,5,0.3637,1,3,0,3,5.34,1.9878,NONE,LOW,0,0,0,train
DLJ-07,2780.0,Tipam Sandstone,Porous Sandstone / Siltstone,12.65,29.17,109.2,7.46,2891.2,544.0,9.8,10.16,5,0.369,1,3,0,3,5.34,2.0219,NONE,LOW,0,0,0,train
DLJ-07,2790.0,Tipam Sandstone,Porous Sandstone / Siltstone,12.73,27.02,109.5,8.5,2924.0,558.2,9.84,10.24,5,0.3747,1,3,0,3,5.34,2.0318,NONE,LOW,0,0,0,train
DLJ-07,2800.0,Barail,Coal / Shale / Sandstone Sequence,5.85,29.61,111.5,12.14,3327.5,478.9,10.53,10.9,5,0.5058,1,3,0,3,5.34,2.7442,NONE,LOW,0,0,0,train
DLJ-07,2810.0,Barail,Coal / Shale / Sandstone Sequence,6.63,29.0,107.7,11.63,3289.9,475.0,10.57,10.98,5,0.5124,2,2,0,3,5.34,3.0507,NONE,LOW,0,0,0,train
DLJ-07,2820.0,Barail,Coal / Shale / Sandstone Sequence,6.65,29.61,105.4,11.26,3340.9,470.7,10.57,10.9,5,0.5194,2,2,0,3,5.34,3.0788,NONE,LOW,0,0,0,train
DLJ-07,2830.0,Barail,Coal / Shale / Sandstone Sequence,6.52,29.36,109.5,12.11,3240.7,483.2,10.45,10.9,5,0.5268,2,2,0,3,5.34,3.1085,NONE,LOW,0,0,0,train
DLJ-07,2840.0,Barail,Coal / Shale / Sandstone Sequence,6.27,28.46,106.4,11.34,3345.7,494.7,10.51,10.9,5,0.5348,2,2,0,3,5.34,3.1406,NONE,LOW,0,0,0,train
DLJ-07,2850.0,Barail,Coal / Shale / Sandstone Sequence,6.52,31.5,109.6,11.57,3321.6,505.4,10.75,11.18,5,0.5433,2,2,0,3,5.34,3.1746,NONE,LOW,0,0,0,train
DLJ-07,2860.0,Barail,Coal / Shale / Sandstone Sequence,7.08,29.01,108.0,11.95,3315.8,482.2,10.54,10.94,5,0.5525,2,2,0,3,5.34,3.2113,NONE,LOW,0,0,0,train
DLJ-07,2870.0,Barail,Coal / Shale / Sandstone Sequence,6.75,27.16,112.7,11.01,3281.4,479.5,10.63,11.03,5,0.5622,2,2,0,3,5.34,3.2503,NONE,LOW,0,0,0,train
DLJ-07,2880.0,Barail,Coal / Shale / Sandstone Sequence,7.0,27.91,108.4,11.21,3318.8,482.2,10.54,10.91,5,0.5726,2,2,0,3,5.34,3.2921,NONE,LOW,0,0,0,train
DLJ-07,2890.0,Barail,Coal / Shale / Sandstone Sequence,6.54,27.29,102.2,11.49,3317.0,479.2,10.66,11.06,5,0.5838,2,2,0,3,5.34,3.3368,NONE,LOW,0,0,0,train
DLJ-07,2900.0,Barail,Coal / Shale / Sandstone Sequence,7.07,28.27,105.3,10.95,3332.2,490.0,10.62,11.01,5,0.5957,2,2,0,3,5.34,3.3844,NONE,LOW,0,0,0,train
DLJ-07,2910.0,Barail,Coal / Shale / Sandstone Sequence,5.48,28.64,107.8,11.3,3328.5,477.5,10.4,10.83,5,0.6084,2,2,0,3,5.34,3.4354,NONE,LOW,0,0,0,train
DLJ-07,2920.0,Barail,Coal / Shale / Sandstone Sequence,5.98,30.25,103.9,11.69,3332.6,478.8,10.55,10.99,5,0.6007,2,2,0,3,5.34,3.4474,NONE,LOW,0,0,0,train
DLJ-07,2930.0,Barail,Coal / Shale / Sandstone Sequence,7.74,29.45,104.9,11.53,3305.6,474.0,10.55,10.96,5,0.5982,2,2,0,3,5.34,3.4716,NONE,LOW,0,0,0,train
DLJ-07,2940.0,Barail,Coal / Shale / Sandstone Sequence,6.13,30.94,114.6,12.22,3348.2,490.9,10.64,10.99,5,0.6111,2,2,0,3,5.34,3.5285,NONE,LOW,0,0,0,train
DLJ-07,2950.0,Barail,Coal / Shale / Sandstone Sequence,5.98,29.94,107.7,11.42,3384.6,478.6,10.57,10.99,5,0.5982,2,2,0,3,5.34,3.5361,NONE,LOW,0,0,0,train
DLJ-07,2960.0,Barail,Coal / Shale / Sandstone Sequence,6.55,29.85,111.8,12.08,3381.2,482.5,10.58,11.0,5,0.5861,2,2,0,3,5.34,3.5235,NONE,LOW,0,0,0,train
DLJ-07,2970.0,Barail,Coal / Shale / Sandstone Sequence,6.45,31.01,113.5,11.61,3364.7,483.9,10.51,10.94,5,0.5748,2,2,0,3,5.34,3.5124,NONE,LOW,0,0,0,train
DLJ-07,2980.0,Barail,Coal / Shale / Sandstone Sequence,6.29,30.32,98.3,11.69,3253.8,466.2,10.62,11.04,5,0.5642,2,2,0,3,5.34,3.5049,NONE,LOW,0,0,0,train
DLJ-07,2990.0,Barail,Coal / Shale / Sandstone Sequence,5.8,29.11,115.5,11.26,3403.6,480.0,10.64,11.05,5,0.5544,2,2,0,3,5.34,3.491,NONE,LOW,0,0,0,train
DLJ-07,3000.0,Barail,Coal / Shale / Sandstone Sequence,6.58,28.8,109.6,11.48,3315.9,478.0,10.73,11.11,5,0.5451,2,2,0,3,5.34,3.4375,NONE,LOW,0,0,0,train
DLJ-07,3010.0,Barail,Coal / Shale / Sandstone Sequence,6.52,29.7,109.6,11.61,3367.9,472.0,10.67,11.04,5,0.5365,2,2,0,3,5.34,3.4374,NONE,LOW,0,0,0,train
DLJ-07,3020.0,Barail,Coal / Shale / Sandstone Sequence,6.25,28.38,111.8,11.73,3316.7,481.8,10.69,11.11,5,0.5284,2,2,0,3,5.34,3.3978,NONE,LOW,0,0,0,train
DLJ-07,3030.0,Barail,Coal / Shale / Sandstone Sequence,6.88,28.43,111.3,11.35,3345.4,487.0,10.63,11.07,5,0.5208,2,2,0,3,5.34,3.351,NONE,LOW,0,0,0,train
DLJ-07,3040.0,Barail,Coal / Shale / Sandstone Sequence,7.29,30.03,111.4,11.88,3363.0,481.0,10.74,11.17,5,0.5137,2,2,0,3,5.34,3.3072,NONE,LOW,0,0,0,train
DLJ-07,3050.0,Barail,Coal / Shale / Sandstone Sequence,6.06,29.7,112.5,11.5,3371.0,485.4,10.6,10.98,5,0.5071,2,2,0,3,5.34,2.9822,NONE,LOW,0,0,0,train
DLJ-07,3060.0,Barail,Coal / Shale / Sandstone Sequence,6.73,28.76,115.8,11.25,3323.6,471.6,10.66,11.03,5,0.5009,2,2,0,3,5.34,2.9456,NONE,LOW,0,0,0,train
DLJ-07,3070.0,Barail,Coal / Shale / Sandstone Sequence,6.34,29.88,112.5,11.67,3375.4,483.3,10.6,11.02,5,0.4951,2,2,0,3,5.34,2.9116,NONE,LOW,0,0,0,train
DLJ-07,3080.0,Barail,Coal / Shale / Sandstone Sequence,6.28,27.7,110.1,11.5,3396.1,489.5,10.43,10.84,5,0.4897,2,2,0,3,5.34,2.8802,NONE,LOW,0,0,0,train
DLJ-07,3090.0,Barail,Coal / Shale / Sandstone Sequence,6.79,29.73,110.0,11.99,3358.6,486.4,10.56,10.98,5,0.4846,2,2,0,3,5.34,2.851,NONE,LOW,0,0,0,train
DLJ-07,3100.0,Barail,Coal / Shale / Sandstone Sequence,7.08,31.24,110.4,11.12,3651.6,535.0,10.52,10.94,5,0.4799,2,2,0,3,5.34,2.8243,KICK,CRITICAL,0,0,1,train
DLJ-07,3110.0,Barail,Coal / Shale / Sandstone Sequence,6.38,30.57,119.8,10.81,3630.4,528.8,10.5,10.91,5,0.4754,2,2,0,3,5.34,2.7997,KICK,CRITICAL,0,0,1,train
DLJ-07,3120.0,Barail,Coal / Shale / Sandstone Sequence,7.37,29.93,114.5,11.18,3676.0,505.6,10.59,11.0,5,0.4713,2,2,0,3,5.34,2.7772,KICK,CRITICAL,0,0,1,train
DLJ-07,3130.0,Barail,Coal / Shale / Sandstone Sequence,5.83,30.24,103.6,11.04,3388.2,490.6,10.58,11.07,5,0.4674,2,2,0,3,5.34,2.7564,NONE,LOW,0,0,0,train
DLJ-07,3140.0,Barail,Coal / Shale / Sandstone Sequence,7.36,30.85,109.4,11.72,3386.5,480.9,10.55,10.94,5,0.4638,2,2,0,3,5.34,2.7376,NONE,LOW,0,0,0,train
DLJ-07,3150.0,Barail,Coal / Shale / Sandstone Sequence,5.57,31.38,108.9,11.2,3387.7,486.4,10.49,10.89,5,0.4604,2,2,0,3,5.34,2.7204,NONE,LOW,0,0,0,train
DLJ-07,3160.0,Barail,Coal / Shale / Sandstone Sequence,7.24,32.54,112.0,11.99,3421.0,489.0,10.55,10.97,5,0.4572,2,2,0,3,5.34,2.7052,NONE,LOW,0,0,0,train
DLJ-07,3170.0,Barail,Coal / Shale / Sandstone Sequence,6.81,29.36,112.8,10.82,3372.6,490.4,10.65,11.07,5,0.4542,2,2,0,3,5.34,2.6913,NONE,LOW,0,0,0,train
DLJ-07,3180.0,Barail,Coal / Shale / Sandstone Sequence,6.34,29.34,109.0,11.55,3397.0,489.1,10.72,11.11,5,0.4514,2,2,0,3,5.34,2.6791,NONE,LOW,0,0,0,train
DLJ-07,3190.0,Barail,Coal / Shale / Sandstone Sequence,5.91,31.3,110.0,11.13,3391.6,478.5,10.63,11.02,5,0.4488,2,2,0,3,5.34,2.6684,NONE,LOW,0,0,0,train
DLJ-07,3200.0,Barail,Coal / Shale / Sandstone Sequence,6.44,30.51,101.6,11.05,3393.4,474.5,10.74,11.18,5,0.4464,2,2,0,3,5.34,2.6591,NONE,LOW,0,0,0,train
DLJ-07,3210.0,Barail,Coal / Shale / Sandstone Sequence,7.27,30.91,110.1,11.46,3402.6,493.8,10.59,10.92,5,0.4441,2,2,0,3,5.34,2.6512,NONE,LOW,0,0,0,train
DLJ-07,3220.0,Barail,Coal / Shale / Sandstone Sequence,6.17,30.9,112.8,11.74,3395.4,488.2,10.44,10.87,5,0.442,2,2,0,3,5.34,2.6449,NONE,LOW,0,0,0,train
DLJ-12,1800.0,Tipam Sandstone,Porous Sandstone / Siltstone,13.08,25.53,107.8,8.35,2652.8,550.0,9.81,10.26,5,0.3332,3,1,0,2,10.51,2.0629,NONE,LOW,0,0,0,train
DLJ-12,1810.0,Tipam Sandstone,Porous Sandstone / Siltstone,11.65,23.82,108.5,7.87,2614.8,542.1,9.6,9.98,5,0.3332,3,1,0,2,10.51,2.0629,NONE,LOW,0,0,0,train
DLJ-12,1820.0,Tipam Sandstone,Porous Sandstone / Siltstone,13.58,24.79,108.5,7.43,2607.3,549.1,10.0,10.37,5,0.3332,3,1,0,2,10.51,2.0629,NONE,LOW,0,0,0,train
DLJ-12,1830.0,Tipam Sandstone,Porous Sandstone / Siltstone,11.54,24.41,110.6,8.18,2667.9,539.4,9.79,10.22,5,0.3332,3,1,0,2,10.51,2.0629,NONE,LOW,0,0,0,train
DLJ-12,1840.0,Tipam Sandstone,Porous Sandstone / Siltstone,12.88,25.35,104.5,7.84,2669.1,554.9,9.74,10.13,5,0.3332,3,1,0,2,10.51,2.0629,NONE,LOW,0,0,0,train
DLJ-12,1850.0,Tipam Sandstone,Porous Sandstone / Siltstone,13.1,25.09,113.0,8.97,2711.5,540.2,9.92,10.29,5,0.3332,3,1,0,2,10.51,2.0629,NONE,LOW,0,0,0,train
DLJ-12,1860.0,Tipam Sandstone,Porous Sandstone / Siltstone,11.87,23.85,108.1,8.21,2662.4,544.8,9.92,10.3,5,0.3332,3,1,0,2,10.51,2.0629,NONE,LOW,0,0,0,train
DLJ-12,1870.0,Tipam Sandstone,Porous Sandstone / Siltstone,11.97,28.22,111.2,8.44,2655.3,548.5,9.74,10.12,5,0.3332,3,1,0,2,10.51,2.0629,NONE,LOW,0,0,0,train
DLJ-12,1880.0,Tipam Sandstone,Porous Sandstone / Siltstone,11.67,23.35,101.0,7.4,2703.1,549.6,9.59,10.03,5,0.3332,3,1,0,2,10.51,2.0629,NONE,LOW,0,0,0,train
DLJ-12,1890.0,Tipam Sandstone,Porous Sandstone / Siltstone,12.97,24.48,112.1,8.36,2658.1,554.5,9.83,10.25,5,0.3332,3,1,0,2,10.51,2.0629,NONE,LOW,0,0,0,train
DLJ-12,1900.0,Tipam Sandstone,Porous Sandstone / Siltstone,11.83,24.18,110.3,8.16,2655.2,550.2,9.76,10.17,5,0.3332,3,1,0,2,10.51,2.063,NONE,LOW,0,0,0,train
DLJ-12,1910.0,Tipam Sandstone,Porous Sandstone / Siltstone,13.43,27.17,106.0,8.84,2664.2,558.4,9.85,10.25,5,0.3332,3,1,0,2,10.51,2.063,NONE,LOW,0,0,0,train
DLJ-12,1920.0,Tipam Sandstone,Porous Sandstone / Siltstone,11.42,25.47,103.8,8.48,2717.9,543.6,9.77,10.18,5,0.3332,3,1,0,2,10.51,2.063,NONE,LOW,0,0,0,train
DLJ-12,1930.0,Tipam Sandstone,Porous Sandstone / Siltstone,12.12,26.65,109.8,8.87,2670.4,558.0,9.74,10.14,5,0.3333,3,1,0,2,10.51,2.0632,NONE,LOW,0,0,0,train
DLJ-12,1940.0,Tipam Sandstone,Porous Sandstone / Siltstone,12.23,25.7,109.5,7.58,2701.6,555.2,9.86,10.28,5,0.3333,3,1,0,2,10.51,2.0632,NONE,LOW,0,0,0,train
DLJ-12,1950.0,Tipam Sandstone,Porous Sandstone / Siltstone,13.37,25.35,111.5,7.69,2688.1,545.2,9.92,10.37,5,0.3333,3,1,0,2,10.51,2.0632,NONE,LOW,0,0,0,train
DLJ-12,1960.0,Tipam Sandstone,Porous Sandstone / Siltstone,12.37,27.27,101.3,6.99,2709.9,550.5,9.83,10.24,5,0.3333,3,1,0,2,10.51,2.0632,NONE,LOW,0,0,0,train
DLJ-12,1970.0,Tipam Sandstone,Porous Sandstone / Siltstone,12.49,28.28,113.3,8.08,2681.5,546.8,9.69,10.03,5,0.3333,3,1,0,2,10.51,2.0633,NONE,LOW,0,0,0,train
DLJ-12,1980.0,Tipam Sandstone,Porous Sandstone / Siltstone,13.01,24.03,107.4,7.42,2670.9,550.4,9.82,10.16,5,0.3333,3,1,0,2,10.51,2.0633,NONE,LOW,0,0,0,train
DLJ-12,1990.0,Tipam Sandstone,Porous Sandstone / Siltstone,12.95,25.66,100.1,7.5,2728.3,527.8,9.85,10.24,5,0.3333,3,1,0,2,10.51,2.0633,NONE,LOW,0,0,0,train
DLJ-12,2000.0,Tipam Sandstone,Porous Sandstone / Siltstone,12.98,25.19,111.6,8.28,2745.9,548.4,9.71,10.12,5,0.3334,3,1,0,2,10.51,2.0635,NONE,LOW,0,0,0,train
DLJ-12,2010.0,Tipam Sandstone,Porous Sandstone / Siltstone,13.21,25.13,107.8,7.99,2663.4,551.8,9.68,10.11,5,0.3334,3,1,0,2,10.51,2.0636,NONE,LOW,0,0,0,train
DLJ-12,2020.0,Tipam Sandstone,Porous Sandstone / Siltstone,11.55,25.93,113.0,7.06,2678.1,557.0,9.82,10.23,5,0.3334,3,1,0,2,10.51,2.0636,NONE,LOW,0,0,0,train
DLJ-12,2030.0,Tipam Sandstone,Porous Sandstone / Siltstone,13.62,26.68,112.6,9.36,2702.2,543.6,9.83,10.25,5,0.3334,3,1,0,2,10.51,2.0636,NONE,LOW,0,0,0,train
DLJ-12,2040.0,Tipam Sandstone,Porous Sandstone / Siltstone,12.18,24.92,119.2,8.16,2691.7,557.3,9.84,10.23,5,0.3334,3,1,0,2,10.51,2.0636,NONE,LOW,0,0,0,train
DLJ-12,2050.0,Tipam Sandstone,Porous Sandstone / Siltstone,12.84,24.65,111.4,8.96,2724.2,547.0,9.78,10.16,5,0.3335,3,1,0,2,10.51,2.0639,NONE,LOW,0,0,0,train
DLJ-12,2060.0,Tipam Sandstone,Porous Sandstone / Siltstone,12.35,25.79,113.7,7.13,2736.6,547.0,9.77,10.18,5,0.3335,3,1,0,2,10.51,2.0639,NONE,LOW,0,0,0,train
DLJ-12,2070.0,Tipam Sandstone,Porous Sandstone / Siltstone,13.3,27.77,113.8,7.24,2738.2,553.2,9.71,10.06,5,0.3335,3,1,0,2,10.51,2.0639,NONE,LOW,0,0,0,train
DLJ-12,2080.0,Tipam Sandstone,Porous Sandstone / Siltstone,12.72,26.99,110.7,8.15,2756.8,559.8,9.8,10.11,5,0.3336,3,1,0,2,10.51,2.0642,NONE,LOW,0,0,0,train
DLJ-12,2090.0,Tipam Sandstone,Porous Sandstone / Siltstone,12.4,24.26,110.4,8.62,2695.3,552.7,9.77,10.15,5,0.3336,3,1,0,2,10.51,2.0642,NONE,LOW,0,0,0,train
DLJ-12,2100.0,Tipam Sandstone,Porous Sandstone / Siltstone,13.39,25.75,111.8,7.06,2771.6,554.8,9.75,10.14,5,0.3336,3,1,0,2,10.51,2.0643,NONE,LOW,0,0,0,train
DLJ-12,2110.0,Tipam Sandstone,Porous Sandstone / Siltstone,11.65,27.86,108.7,7.9,2715.2,545.4,9.85,10.27,5,0.3337,3,1,0,2,10.51,2.0645,NONE,LOW,0,0,0,train
DLJ-12,2120.0,Tipam Sandstone,Porous Sandstone / Siltstone,12.89,26.47,112.1,7.79,2785.7,537.5,9.82,10.26,5,0.3337,3,1,0,2,10.51,2.0646,NONE,LOW,0,0,0,train
DLJ-12,2130.0,Tipam Sandstone,Porous Sandstone / Siltstone,11.99,29.2,114.0,8.49,2733.2,548.3,9.91,10.3,5,0.3337,3,1,0,2,10.51,2.0646,NONE,LOW,0,0,0,train
DLJ-12,2140.0,Tipam Sandstone,Porous Sandstone / Siltstone,13.34,26.78,106.4,8.41,2758.0,555.2,9.83,10.25,5,0.3338,3,1,0,2,10.51,2.0649,NONE,LOW,0,0,0,train
DLJ-12,2150.0,Tipam Sandstone,Porous Sandstone / Siltstone,11.94,25.56,103.5,8.12,2735.4,546.5,9.78,10.09,5,0.3338,3,1,0,2,10.51,2.0649,NONE,LOW,0,0,0,train
DLJ-12,2160.0,Tipam Sandstone,Porous Sandstone / Siltstone,13.17,25.84,111.4,7.3,2776.0,548.8,9.7,10.11,5,0.3339,3,1,0,2,10.51,2.0652,NONE,LOW,0,0,0,train
DLJ-12,2170.0,Tipam Sandstone,Porous Sandstone / Siltstone,13.41,26.31,107.6,7.84,2755.2,549.2,9.99,10.37,5,0.3339,3,1,0,2,10.51,2.0654,NONE,LOW,0,0,0,train
DLJ-12,2180.0,Tipam Sandstone,Porous Sandstone / Siltstone,12.43,29.48,110.4,8.89,2753.9,557.7,9.92,10.3,5,0.334,3,1,0,2,10.51,2.0656,NONE,LOW,0,0,0,train
DLJ-12,2190.0,Tipam Sandstone,Porous Sandstone / Siltstone,12.78,27.95,110.2,7.36,2713.5,538.6,9.73,10.08,5,0.3341,3,1,0,2,10.51,2.066,NONE,LOW,0,0,0,train
DLJ-12,2200.0,Tipam Sandstone,Porous Sandstone / Siltstone,13.18,26.78,101.0,7.9,2745.9,566.8,9.81,10.17,5,0.3341,3,1,0,2,10.51,2.0661,NONE,LOW,0,0,0,train
DLJ-12,2210.0,Tipam Sandstone,Porous Sandstone / Siltstone,13.52,27.38,112.3,8.06,2760.7,556.2,9.77,10.14,5,0.3342,3,1,0,2,10.51,2.0664,NONE,LOW,0,0,0,train
DLJ-12,2220.0,Tipam Sandstone,Porous Sandstone / Siltstone,11.68,27.27,110.7,7.69,2754.4,545.0,9.87,10.24,5,0.3343,3,1,0,2,10.51,2.0667,NONE,LOW,0,0,0,train
DLJ-12,2230.0,Tipam Sandstone,Porous Sandstone / Siltstone,11.84,27.31,105.4,8.36,2728.0,545.5,9.77,10.15,5,0.3344,3,1,0,2,10.51,2.067,NONE,LOW,0,0,0,train
DLJ-12,2240.0,Tipam Sandstone,Porous Sandstone / Siltstone,12.7,26.71,112.0,6.95,2758.9,566.0,9.91,10.31,5,0.3345,3,1,0,2,10.51,2.0673,NONE,LOW,0,0,0,train
DLJ-12,2250.0,Tipam Sandstone,Porous Sandstone / Siltstone,12.83,28.07,102.0,7.16,2767.8,544.3,9.81,10.24,5,0.3345,3,1,0,2,6.48,2.0702,NONE,LOW,0,0,0,train
DLJ-12,2260.0,Tipam Sandstone,Porous Sandstone / Siltstone,11.34,25.52,99.0,7.88,2760.3,546.6,9.77,10.21,5,0.3346,3,1,0,2,6.48,2.0747,NONE,LOW,0,0,0,train
DLJ-12,2270.0,Tipam Sandstone,Porous Sandstone / Siltstone,12.4,24.52,112.5,8.28,2775.2,557.9,9.9,10.26,5,0.3348,3,1,0,2,6.48,2.0796,NONE,LOW,0,0,0,train
DLJ-12,2280.0,Tipam Sandstone,Porous Sandstone / Siltstone,11.92,28.02,103.3,7.53,2807.9,547.9,9.96,10.39,5,0.3349,3,1,0,2,6.48,2.0848,NONE,LOW,0,0,0,train
DLJ-12,2290.0,Tipam Sandstone,Porous Sandstone / Siltstone,12.44,28.8,109.1,7.11,2752.4,554.4,9.82,10.23,5,0.335,3,1,0,2,6.48,2.0901,NONE,LOW,0,0,0,train
DLJ-12,2300.0,Tipam Sandstone,Porous Sandstone / Siltstone,12.07,26.5,108.5,7.31,2759.3,544.2,9.67,10.1,5,0.3351,3,1,0,2,6.48,2.0959,NONE,LOW,0,0,0,train
DLJ-12,2310.0,Tipam Sandstone,Porous Sandstone / Siltstone,12.41,26.77,110.6,7.59,2748.8,542.5,9.86,10.25,5,0.3353,3,1,0,2,6.48,2.1022,NONE,LOW,0,0,0,train
DLJ-12,2320.0,Tipam Sandstone,Porous Sandstone / Siltstone,12.6,28.16,103.7,8.01,2774.5,552.7,9.71,10.11,5,0.3354,3,1,0,2,6.48,2.1088,NONE,LOW,0,0,0,train
DLJ-12,2330.0,Tipam Sandstone,Porous Sandstone / Siltstone,11.74,27.36,114.1,6.89,2791.1,559.5,9.68,10.08,5,0.3356,3,1,0,2,6.48,2.116,NONE,LOW,0,0,0,train
DLJ-12,2340.0,Tipam Sandstone,Porous Sandstone / Siltstone,12.08,27.22,103.5,6.83,2808.6,542.1,9.84,10.23,5,0.3357,3,1,0,2,6.48,2.1234,NONE,LOW,0,0,0,train
DLJ-12,2350.0,Tipam Sandstone,Porous Sandstone / Siltstone,11.65,27.19,107.1,8.19,2798.8,552.6,9.69,10.1,5,0.3359,3,1,0,2,6.48,2.1316,NONE,LOW,0,0,0,train
DLJ-12,2360.0,Tipam Sandstone,Porous Sandstone / Siltstone,11.86,27.37,114.5,8.63,2754.5,547.5,9.93,10.37,5,0.3361,3,1,0,2,6.48,2.1404,NONE,LOW,0,0,0,train
DLJ-12,2370.0,Tipam Sandstone,Porous Sandstone / Siltstone,12.62,27.22,108.5,8.14,2786.2,549.7,9.84,10.24,5,0.3432,3,1,0,2,6.48,2.1495,NONE,LOW,0,0,0,train
DLJ-12,2380.0,Tipam Sandstone,Porous Sandstone / Siltstone,12.82,31.02,102.9,8.16,2776.0,554.6,9.75,10.15,5,0.3524,3,1,0,2,6.48,2.1596,NONE,LOW,0,0,0,train
DLJ-12,2390.0,Tipam Sandstone,Porous Sandstone / Siltstone,13.21,27.79,114.5,6.83,2837.3,553.0,9.86,10.29,5,0.3622,3,1,0,2,6.48,2.1701,NONE,LOW,0,0,0,train
DLJ-12,2400.0,Tipam Sandstone,Porous Sandstone / Siltstone,12.0,27.78,109.9,8.14,2827.1,535.9,9.7,10.13,5,0.3727,3,1,0,2,6.48,2.1816,NONE,LOW,0,0,0,train
DLJ-12,2410.0,Tipam Sandstone,Porous Sandstone / Siltstone,12.38,25.87,112.0,6.79,2818.7,538.1,9.8,10.2,5,0.3839,3,1,0,2,6.48,2.1935,NONE,LOW,0,0,0,train
DLJ-12,2420.0,Tipam Sandstone,Porous Sandstone / Siltstone,13.2,27.47,107.2,7.75,2836.8,554.3,9.79,10.18,5,0.3959,3,1,0,2,6.48,2.2065,NONE,LOW,0,0,0,train
DLJ-12,2430.0,Tipam Sandstone,Porous Sandstone / Siltstone,11.56,28.19,103.0,8.38,2810.7,569.1,9.78,10.15,5,0.4087,3,1,0,2,6.48,2.2204,NONE,LOW,0,0,0,train
DLJ-12,2440.0,Tipam Sandstone,Porous Sandstone / Siltstone,13.58,29.19,107.2,8.11,2810.0,552.3,9.79,10.17,5,0.3984,3,1,0,2,6.48,2.2113,NONE,LOW,0,0,0,train
DLJ-12,2450.0,Tipam Sandstone,Porous Sandstone / Siltstone,11.54,27.96,111.8,7.89,2772.1,557.9,9.79,10.2,5,0.3863,3,1,0,2,6.48,2.2003,NONE,LOW,0,0,0,train
DLJ-12,2460.0,Tipam Sandstone,Porous Sandstone / Siltstone,12.33,26.04,105.9,7.73,2845.7,544.9,9.74,10.16,5,0.3749,3,1,0,2,6.48,2.1902,NONE,LOW,0,0,0,train
DLJ-12,2470.0,Tipam Sandstone,Porous Sandstone / Siltstone,12.65,27.71,113.5,7.73,2778.2,538.9,9.76,10.14,5,0.3643,3,1,0,2,6.48,2.1809,NONE,LOW,0,0,0,train
DLJ-12,2480.0,Tipam Sandstone,Porous Sandstone / Siltstone,12.75,27.36,119.5,7.13,2825.1,541.0,9.7,10.09,5,0.3543,3,1,0,2,6.48,2.1725,NONE,LOW,0,0,0,train
DLJ-12,2490.0,Tipam Sandstone,Porous Sandstone / Siltstone,11.1,28.24,117.6,7.77,2829.0,558.2,9.81,10.21,5,0.345,3,1,0,2,6.48,2.1646,NONE,LOW,0,0,0,train
DLJ-12,2500.0,Tipam Sandstone,Porous Sandstone / Siltstone,11.13,28.77,109.5,7.49,2828.2,545.3,9.75,10.14,5,0.3408,3,1,0,2,6.48,2.1576,NONE,LOW,0,0,0,train
DLJ-12,2510.0,Tipam Sandstone,Porous Sandstone / Siltstone,11.7,29.3,104.4,7.67,2875.6,559.0,9.85,10.25,5,0.3413,3,1,0,2,6.48,2.1511,NONE,LOW,0,0,0,train
DLJ-12,2520.0,Tipam Sandstone,Porous Sandstone / Siltstone,12.18,28.17,110.2,7.95,2829.2,548.3,9.72,10.08,5,0.3419,3,1,0,2,6.48,2.1456,NONE,LOW,0,0,0,train
DLJ-12,2530.0,Tipam Sandstone,Porous Sandstone / Siltstone,13.05,26.48,109.2,7.59,2835.3,546.9,9.76,10.2,5,0.3425,3,1,0,2,6.48,2.1404,NONE,LOW,0,0,0,train
DLJ-12,2540.0,Tipam Sandstone,Porous Sandstone / Siltstone,11.71,28.97,106.9,7.71,2842.8,546.1,9.84,10.27,5,0.3432,3,1,0,2,6.48,2.136,NONE,LOW,0,0,0,train
DLJ-12,2550.0,Tipam Sandstone,Porous Sandstone / Siltstone,12.13,27.41,107.7,8.55,2853.2,563.7,9.74,10.21,5,0.3439,3,1,0,2,6.48,2.1321,NONE,LOW,0,0,0,train
DLJ-12,2560.0,Tipam Sandstone,Porous Sandstone / Siltstone,12.54,26.83,106.9,7.68,2813.6,541.6,9.72,10.11,5,0.3446,3,1,0,2,6.48,2.1286,NONE,LOW,0,0,0,train
DLJ-12,2570.0,Tipam Sandstone,Porous Sandstone / Siltstone,13.01,27.18,121.2,7.77,2844.3,539.6,9.7,10.15,5,0.3454,3,1,0,2,6.48,2.1259,NONE,LOW,0,0,0,train
DLJ-12,2580.0,Tipam Sandstone,Porous Sandstone / Siltstone,12.68,26.7,110.8,7.44,2881.6,556.5,9.89,10.29,5,0.3463,3,1,0,2,6.48,2.1236,NONE,LOW,0,0,0,train
DLJ-12,2590.0,Tipam Sandstone,Porous Sandstone / Siltstone,11.91,29.19,114.9,8.55,2807.7,552.4,9.61,10.04,5,0.3472,3,1,0,2,6.48,2.1219,NONE,LOW,0,0,0,train
DLJ-12,2600.0,Tipam Sandstone,Porous Sandstone / Siltstone,12.5,28.73,108.8,7.07,2841.9,547.4,9.67,10.06,5,0.3481,3,1,0,2,6.48,2.1205,NONE,LOW,0,0,0,train
DLJ-12,2610.0,Tipam Sandstone,Porous Sandstone / Siltstone,12.23,28.39,111.8,7.85,2842.3,550.7,9.75,10.1,5,0.3492,3,1,0,2,6.48,2.12,NONE,LOW,0,0,0,train
DLJ-12,2620.0,Tipam Sandstone,Porous Sandstone / Siltstone,12.5,28.53,113.8,7.02,2805.7,552.2,9.84,10.24,5,0.3503,3,1,0,2,10.51,2.121,NONE,LOW,0,0,0,train
DLJ-12,2630.0,Tipam Sandstone,Porous Sandstone / Siltstone,12.22,29.32,113.7,8.24,2851.0,533.1,9.81,10.24,5,0.3515,3,1,0,2,10.51,2.125,NONE,LOW,0,0,0,train
DLJ-12,2640.0,Tipam Sandstone,Porous Sandstone / Siltstone,12.89,27.5,112.7,8.43,2899.0,543.0,9.9,10.29,5,0.3527,3,1,0,2,10.51,2.1291,NONE,LOW,0,0,0,train
DLJ-12,2650.0,Tipam Sandstone,Porous Sandstone / Siltstone,12.53,27.26,111.7,8.29,2864.7,551.8,9.86,10.25,5,0.3541,3,1,0,2,10.51,2.1339,NONE,LOW,0,0,0,train
DLJ-12,2660.0,Tipam Sandstone,Porous Sandstone / Siltstone,11.96,27.94,110.0,8.44,2827.6,539.5,9.92,10.26,5,0.3555,2,1,1,2,7.28,2.1392,NONE,LOW,0,0,0,train
DLJ-12,2670.0,Tipam Sandstone,Porous Sandstone / Siltstone,11.83,28.22,112.6,7.68,2873.3,547.6,9.8,10.22,5,0.3571,2,1,1,2,7.28,2.1452,NONE,LOW,0,0,0,train
DLJ-12,2680.0,Tipam Sandstone,Porous Sandstone / Siltstone,12.08,28.52,114.2,8.2,2835.1,555.2,9.84,10.21,5,0.3587,2,1,1,2,7.28,2.1513,NONE,LOW,0,0,0,train
DLJ-12,2690.0,Tipam Sandstone,Porous Sandstone / Siltstone,13.11,29.11,110.6,7.9,2889.5,547.0,9.91,10.32,5,0.3605,2,1,1,2,7.28,2.1581,NONE,LOW,0,0,0,train
DLJ-12,2700.0,Tipam Sandstone,Porous Sandstone / Siltstone,12.16,28.06,105.2,7.47,2829.3,555.8,9.87,10.32,5,0.3624,2,1,1,2,7.28,2.1652,NONE,LOW,0,0,0,train
DLJ-12,2710.0,Tipam Sandstone,Porous Sandstone / Siltstone,11.52,29.71,115.7,7.77,2880.0,533.9,9.91,10.32,5,0.3644,2,1,1,2,7.28,2.1728,NONE,LOW,0,0,0,train
DLJ-12,2720.0,Tipam Sandstone,Porous Sandstone / Siltstone,12.62,27.01,112.2,8.51,2860.4,540.9,9.71,10.05,5,0.3666,2,1,1,2,7.28,2.181,NONE,LOW,0,0,0,train
DLJ-12,2730.0,Tipam Sandstone,Porous Sandstone / Siltstone,12.15,27.06,111.8,7.78,2855.6,545.6,9.78,10.21,5,0.3689,2,1,1,2,7.28,2.1896,NONE,LOW,0,0,0,train
DLJ-12,2740.0,Tipam Sandstone,Porous Sandstone / Siltstone,12.42,29.7,105.4,8.02,2888.7,546.2,9.85,10.26,5,0.3714,2,1,1,2,7.28,2.199,NONE,LOW,0,0,0,train
DLJ-12,2750.0,Tipam Sandstone,Porous Sandstone / Siltstone,12.81,29.66,98.3,8.6,2811.3,545.1,9.74,10.17,5,0.374,2,2,0,2,10.51,2.2106,NONE,LOW,0,0,0,train
DLJ-12,2760.0,Tipam Sandstone,Porous Sandstone / Siltstone,11.62,27.73,114.1,7.04,2918.2,549.6,9.77,10.14,5,0.3768,2,2,0,2,10.51,2.2313,NONE,LOW,0,0,0,train
DLJ-12,2770.0,Tipam Sandstone,Porous Sandstone / Siltstone,11.89,30.12,112.9,7.14,2882.4,543.1,9.75,10.19,5,0.3798,2,2,0,2,10.51,2.2534,NONE,LOW,0,0,0,train
DLJ-12,2780.0,Tipam Sandstone,Porous Sandstone / Siltstone,13.46,29.08,105.4,7.66,2875.0,539.8,9.69,10.09,5,0.3831,2,2,0,2,10.51,2.2772,NONE,LOW,0,0,0,train
DLJ-12,2790.0,Tipam Sandstone,Porous Sandstone / Siltstone,11.19,28.7,102.8,7.62,2874.8,543.0,9.7,10.16,5,0.3865,2,2,0,2,10.51,2.2757,NONE,LOW,0,0,0,train
DLJ-12,2800.0,Barail,Coal / Shale / Sandstone Sequence,6.65,27.07,107.4,11.61,3274.4,487.3,10.6,10.97,5,0.5152,3,1,0,2,10.51,3.1314,NONE,LOW,0,0,0,train
DLJ-12,2810.0,Barail,Coal / Shale / Sandstone Sequence,6.15,29.44,107.4,11.36,3296.6,474.1,10.58,10.99,5,0.5191,3,1,0,2,10.51,3.1447,NONE,LOW,0,0,0,train
DLJ-12,2820.0,Barail,Coal / Shale / Sandstone Sequence,6.45,28.76,113.2,11.38,3297.3,480.8,10.62,11.07,5,0.5233,3,1,0,2,10.51,3.159,NONE,LOW,0,0,0,train
DLJ-12,2830.0,Barail,Coal / Shale / Sandstone Sequence,6.96,27.05,110.9,12.29,3319.7,481.4,10.49,10.88,5,0.5278,3,1,0,2,10.51,3.1742,NONE,LOW,0,0,0,train
DLJ-12,2840.0,Barail,Coal / Shale / Sandstone Sequence,6.35,28.42,108.8,11.6,3290.8,473.5,10.6,10.96,5,0.5327,3,1,0,2,10.51,3.1908,NONE,LOW,0,0,0,train
DLJ-12,2850.0,Barail,Coal / Shale / Sandstone Sequence,6.83,29.68,113.9,11.54,3322.3,482.4,10.63,11.03,5,0.5378,3,1,0,2,10.51,3.2081,NONE,LOW,0,0,0,train
DLJ-12,2860.0,Barail,Coal / Shale / Sandstone Sequence,7.83,28.9,107.3,11.72,3321.3,468.8,10.56,10.99,5,0.5433,3,1,0,2,10.51,3.2268,NONE,LOW,0,0,0,train
DLJ-12,2870.0,Barail,Coal / Shale / Sandstone Sequence,5.83,30.91,112.5,10.87,3361.9,485.3,10.59,10.99,5,0.5492,3,1,0,2,10.51,3.2467,NONE,LOW,0,0,0,train
DLJ-12,2880.0,Barail,Coal / Shale / Sandstone Sequence,6.6,29.49,107.4,11.79,3331.9,480.1,10.73,11.1,5,0.5554,3,1,0,2,10.51,3.268,NONE,LOW,0,0,0,train
DLJ-12,2890.0,Barail,Coal / Shale / Sandstone Sequence,6.46,27.96,104.1,11.78,3257.5,481.6,10.61,11.0,5,0.5621,3,1,0,2,10.51,3.2908,NONE,LOW,0,0,0,train
DLJ-12,2900.0,Barail,Coal / Shale / Sandstone Sequence,2.79,30.39,89.5,16.74,3343.4,476.3,10.7,11.13,5,0.5693,3,1,0,2,10.51,3.3151,TORQUE_SPIKE,MEDIUM,0,0,0,train
DLJ-12,2910.0,Barail,Coal / Shale / Sandstone Sequence,3.1,31.94,86.8,16.56,3302.6,485.3,10.67,11.09,5,0.577,3,1,0,2,10.51,3.3412,TORQUE_SPIKE,MEDIUM,0,0,0,train
DLJ-12,2920.0,Barail,Coal / Shale / Sandstone Sequence,2.59,31.07,95.7,16.96,3344.6,476.1,10.66,11.01,5,0.5852,3,1,0,2,10.51,3.3691,TORQUE_SPIKE,MEDIUM,0,0,0,train
DLJ-12,2930.0,Barail,Coal / Shale / Sandstone Sequence,3.39,30.05,92.6,17.16,3328.2,487.7,10.48,10.88,5,0.594,3,1,0,2,10.51,3.3988,STUCK_PIPE,HIGH,0,1,0,train
DLJ-12,2940.0,Barail,Coal / Shale / Sandstone Sequence,2.55,27.39,89.0,15.88,3302.8,479.7,10.57,10.97,5,0.6033,3,1,0,2,10.51,3.4305,STUCK_PIPE,HIGH,0,1,0,train
DLJ-12,2950.0,Barail,Coal / Shale / Sandstone Sequence,3.03,28.42,84.0,16.3,3356.9,479.2,10.63,11.02,5,0.6133,3,1,0,2,10.51,3.4645,STUCK_PIPE,HIGH,0,1,0,train
DLJ-12,2960.0,Barail,Coal / Shale / Sandstone Sequence,6.88,30.0,113.3,11.55,3359.6,487.0,10.62,10.99,5,0.624,3,1,0,2,10.51,3.4768,NONE,LOW,0,0,0,train
DLJ-12,2970.0,Barail,Coal / Shale / Sandstone Sequence,7.43,30.19,103.1,11.14,3361.8,477.8,10.46,10.84,5,0.6355,3,1,0,2,10.51,3.489,NONE,LOW,0,0,0,train
DLJ-12,2980.0,Barail,Coal / Shale / Sandstone Sequence,5.87,28.96,110.8,11.7,3357.4,487.3,10.71,11.12,5,0.6477,3,1,0,2,10.51,3.5035,NONE,LOW,0,0,0,train
DLJ-12,2990.0,Barail,Coal / Shale / Sandstone Sequence,6.34,30.04,110.4,11.61,3366.8,484.4,10.64,11.04,5,0.6554,3,1,0,2,10.51,3.5098,NONE,LOW,0,0,0,train
DLJ-12,3000.0,Barail,Coal / Shale / Sandstone Sequence,6.54,29.97,110.8,12.6,3336.9,483.4,10.54,10.97,5,0.6427,3,1,0,2,10.51,3.4759,NONE,LOW,0,0,0,train
DLJ-12,3010.0,Barail,Coal / Shale / Sandstone Sequence,7.9,29.59,111.3,11.1,3343.7,482.0,10.61,11.03,5,0.6554,3,1,0,2,10.51,3.4938,NONE,LOW,0,0,0,train
DLJ-12,3020.0,Barail,Coal / Shale / Sandstone Sequence,7.26,29.97,108.7,12.85,3364.9,474.2,10.63,11.0,5,0.6477,3,1,0,2,10.51,3.4716,NONE,LOW,0,0,0,train
DLJ-12,3030.0,Barail,Coal / Shale / Sandstone Sequence,7.06,29.68,110.5,11.47,3375.8,473.2,10.52,10.89,5,0.6355,3,1,0,2,10.51,3.441,NONE,LOW,0,0,0,train
DLJ-12,3040.0,Barail,Coal / Shale / Sandstone Sequence,6.86,30.56,106.8,11.84,3341.4,475.8,10.62,10.99,5,0.624,3,1,0,2,10.51,3.4125,NONE,LOW,0,0,0,train
DLJ-12,3050.0,Barail,Coal / Shale / Sandstone Sequence,6.88,30.93,115.0,12.91,3319.8,474.1,10.7,11.09,5,0.6133,3,1,0,2,10.51,3.3862,NONE,LOW,0,0,0,train
DLJ-12,3060.0,Barail,Coal / Shale / Sandstone Sequence,5.85,29.88,105.1,11.67,3366.3,483.8,10.53,10.95,5,0.6033,3,1,0,2,10.51,3.362,NONE,LOW,0,0,0,train
DLJ-12,3070.0,Barail,Coal / Shale / Sandstone Sequence,6.28,32.83,110.9,10.57,3342.4,466.1,10.65,11.05,5,0.594,2,1,1,2,7.28,2.9298,NONE,LOW,0,0,0,train
DLJ-12,3080.0,Barail,Coal / Shale / Sandstone Sequence,6.22,32.73,112.2,11.86,3346.7,472.0,10.59,10.99,5,0.5852,2,1,1,2,7.28,2.9196,NONE,LOW,0,0,0,train
DLJ-12,3090.0,Barail,Coal / Shale / Sandstone Sequence,5.39,30.14,110.1,11.39,3352.2,475.7,10.61,11.01,5,0.577,2,1,1,2,7.28,2.9119,NONE,LOW,0,0,0,train
DLJ-12,3100.0,Barail,Coal / Shale / Sandstone Sequence,6.86,31.7,108.8,11.27,3385.9,484.9,10.61,10.99,5,0.5693,2,1,1,2,7.28,2.9064,NONE,LOW,0,0,0,train
DLJ-12,3110.0,Barail,Coal / Shale / Sandstone Sequence,7.09,31.99,117.1,11.07,3377.8,480.1,10.66,11.06,5,0.5621,2,1,1,2,7.28,2.9033,NONE,LOW,0,0,0,train
DLJ-12,3120.0,Barail,Coal / Shale / Sandstone Sequence,5.61,30.59,106.9,11.54,3360.1,471.2,10.55,10.96,5,0.5554,2,1,1,2,7.28,2.8813,NONE,LOW,0,0,0,train
DLJ-12,3130.0,Barail,Coal / Shale / Sandstone Sequence,6.85,33.14,111.1,11.74,3355.6,469.7,10.61,11.06,5,0.5492,2,1,1,2,7.28,2.8562,NONE,LOW,0,0,0,train
DLJ-12,3140.0,Barail,Coal / Shale / Sandstone Sequence,5.87,30.51,109.6,11.05,3377.4,489.8,10.53,10.9,5,0.5433,2,1,1,2,7.28,2.8332,NONE,LOW,0,0,0,train
DLJ-12,3150.0,Barail,Coal / Shale / Sandstone Sequence,7.07,31.19,107.5,10.71,3368.9,479.6,10.49,10.92,5,0.5378,2,1,1,2,7.28,2.8121,NONE,LOW,0,0,0,train
DLJ-12,3160.0,Barail,Coal / Shale / Sandstone Sequence,6.45,31.45,100.5,12.02,3360.4,482.7,10.52,10.92,5,0.5327,3,1,0,2,10.51,3.209,NONE,LOW,0,0,0,train
DLJ-12,3170.0,Barail,Coal / Shale / Sandstone Sequence,6.83,27.83,106.9,11.57,3387.6,483.8,10.69,11.11,5,0.5278,3,1,0,2,10.51,3.2009,NONE,LOW,0,0,0,train
DLJ-12,3180.0,Barail,Coal / Shale / Sandstone Sequence,6.37,28.5,108.2,11.71,3367.7,485.1,10.65,11.08,5,0.5233,3,1,0,2,10.51,3.1943,NONE,LOW,0,0,0,train
DLJ-12,3190.0,Barail,Coal / Shale / Sandstone Sequence,4.66,29.23,117.5,11.23,3347.9,489.9,10.61,11.01,5,0.5191,3,1,0,2,10.51,3.1888,NONE,LOW,0,0,0,train
DLJ-12,3200.0,Barail,Coal / Shale / Sandstone Sequence,6.67,31.35,111.5,11.85,3456.9,487.8,10.69,11.04,5,0.5152,3,1,0,2,10.51,3.1845,NONE,LOW,0,0,0,train
DLJ-18,1800.0,Tipam Sandstone,Porous Sandstone / Siltstone,13.18,26.64,108.3,8.58,2673.2,570.6,9.84,10.21,5,0.3645,2,2,1,2,5.34,2.512,NONE,LOW,0,0,0,val
DLJ-18,1810.0,Tipam Sandstone,Porous Sandstone / Siltstone,12.32,24.65,106.4,6.62,2641.6,553.0,9.76,10.14,5,0.3645,2,2,1,2,5.34,2.512,NONE,LOW,0,0,0,val
DLJ-18,1820.0,Tipam Sandstone,Porous Sandstone / Siltstone,12.51,26.83,111.0,8.41,2662.0,561.0,9.95,10.36,5,0.3645,2,2,1,2,5.34,2.512,NONE,LOW,0,0,0,val
DLJ-18,1830.0,Tipam Sandstone,Porous Sandstone / Siltstone,12.72,24.97,111.6,9.12,2650.7,553.4,9.84,10.28,5,0.3645,2,2,1,2,5.34,2.5122,NONE,LOW,0,0,0,val
DLJ-18,1840.0,Tipam Sandstone,Porous Sandstone / Siltstone,12.51,22.5,112.1,6.89,2696.7,551.4,9.89,10.32,5,0.3645,2,2,1,2,5.34,2.5122,NONE,LOW,0,0,0,val
DLJ-18,1850.0,Tipam Sandstone,Porous Sandstone / Siltstone,11.57,25.71,109.9,7.75,2664.6,572.1,9.73,10.15,5,0.3645,2,2,1,2,5.34,2.5122,NONE,LOW,0,0,0,val
DLJ-18,1860.0,Tipam Sandstone,Porous Sandstone / Siltstone,13.01,27.22,109.2,6.97,2660.3,556.5,9.88,10.25,5,0.3646,2,2,1,2,5.34,2.5124,NONE,LOW,0,0,0,val
DLJ-18,1870.0,Tipam Sandstone,Porous Sandstone / Siltstone,12.08,27.28,113.0,8.33,2683.0,549.7,9.79,10.19,5,0.3646,2,2,1,2,5.34,2.5124,NONE,LOW,0,0,0,val
DLJ-18,1880.0,Tipam Sandstone,Porous Sandstone / Siltstone,11.19,25.7,111.3,8.6,2709.3,562.6,9.71,10.08,5,0.3646,2,2,1,2,5.34,2.5124,NONE,LOW,0,0,0,val
DLJ-18,1890.0,Tipam Sandstone,Porous Sandstone / Siltstone,12.79,28.6,115.9,8.56,2662.8,542.9,9.77,10.2,5,0.3646,2,2,1,2,5.34,2.5124,NONE,LOW,0,0,0,val
DLJ-18,1900.0,Tipam Sandstone,Porous Sandstone / Siltstone,12.36,25.46,116.4,7.82,2614.0,554.0,9.71,10.09,5,0.3646,2,2,1,2,5.34,2.5124,NONE,LOW,0,0,0,val
DLJ-18,1910.0,Tipam Sandstone,Porous Sandstone / Siltstone,12.45,25.31,113.2,7.23,2664.6,555.5,9.8,10.18,5,0.3646,2,2,1,2,5.34,2.5124,NONE,LOW,0,0,0,val
DLJ-18,1920.0,Tipam Sandstone,Porous Sandstone / Siltstone,12.9,27.03,109.8,7.02,2697.6,536.7,9.67,10.08,5,0.3646,2,2,1,2,5.34,2.5124,NONE,LOW,0,0,0,val
DLJ-18,1930.0,Tipam Sandstone,Porous Sandstone / Siltstone,11.8,25.19,109.3,7.68,2697.2,546.4,9.73,10.16,5,0.3647,2,2,1,2,5.34,2.5126,NONE,LOW,0,0,0,val
DLJ-18,1940.0,Tipam Sandstone,Porous Sandstone / Siltstone,12.08,24.72,103.4,8.15,2676.1,531.0,9.82,10.21,5,0.3647,2,2,1,2,5.34,2.5126,NONE,LOW,0,0,0,val
DLJ-18,1950.0,Tipam Sandstone,Porous Sandstone / Siltstone,13.45,23.76,104.2,8.55,2721.4,544.0,9.73,10.11,5,0.3647,2,2,1,2,5.34,2.5128,NONE,LOW,0,0,0,val
DLJ-18,1960.0,Tipam Sandstone,Porous Sandstone / Siltstone,11.1,23.61,108.9,8.77,2679.1,550.8,9.85,10.28,5,0.3647,2,2,1,2,5.34,2.5129,NONE,LOW,0,0,0,val
DLJ-18,1970.0,Tipam Sandstone,Porous Sandstone / Siltstone,12.15,25.86,117.3,7.24,2718.2,541.9,9.97,10.37,5,0.3648,2,2,1,2,5.34,2.5131,NONE,LOW,0,0,0,val
DLJ-18,1980.0,Tipam Sandstone,Porous Sandstone / Siltstone,11.93,24.74,111.1,8.5,2691.8,550.6,9.78,10.2,5,0.3648,2,2,1,2,5.34,2.5131,NONE,LOW,0,0,0,val
DLJ-18,1990.0,Tipam Sandstone,Porous Sandstone / Siltstone,12.94,26.94,120.4,7.81,2686.0,556.2,9.72,10.15,5,0.3648,2,2,1,2,5.34,2.5131,NONE,LOW,0,0,0,val
DLJ-18,2000.0,Tipam Sandstone,Porous Sandstone / Siltstone,12.26,26.65,106.7,7.79,2702.2,558.0,9.76,10.14,5,0.3648,2,2,1,2,5.34,2.5131,NONE,LOW,0,0,0,val
DLJ-18,2010.0,Tipam Sandstone,Porous Sandstone / Siltstone,11.35,24.53,104.7,7.92,2672.8,544.4,9.65,10.03,5,0.3649,2,2,1,2,5.34,2.5135,NONE,LOW,0,0,0,val
DLJ-18,2020.0,Tipam Sandstone,Porous Sandstone / Siltstone,13.29,26.87,110.1,7.77,2694.2,552.6,9.76,10.18,5,0.3649,2,2,1,2,5.34,2.5135,NONE,LOW,0,0,0,val
DLJ-18,2030.0,Tipam Sandstone,Porous Sandstone / Siltstone,12.52,23.68,110.8,8.38,2700.5,564.5,9.73,10.1,5,0.3649,2,2,1,2,5.34,2.5135,NONE,LOW,0,0,0,val
DLJ-18,2040.0,Tipam Sandstone,Porous Sandstone / Siltstone,12.48,26.04,109.5,8.05,2731.2,561.0,9.82,10.22,5,0.365,2,2,1,2,5.34,2.5137,NONE,LOW,0,0,0,val
DLJ-18,2050.0,Tipam Sandstone,Porous Sandstone / Siltstone,12.08,27.12,107.0,8.55,2767.8,549.0,9.87,10.2,5,0.365,2,2,1,2,5.34,2.5137,NONE,LOW,0,0,0,val
DLJ-18,2060.0,Tipam Sandstone,Porous Sandstone / Siltstone,13.24,26.9,111.0,8.5,2727.1,559.7,9.76,10.18,5,0.3651,2,2,1,2,5.34,2.5141,NONE,LOW,0,0,0,val
DLJ-18,2070.0,Tipam Sandstone,Porous Sandstone / Siltstone,12.72,27.37,108.8,7.7,2760.2,551.7,9.92,10.35,5,0.3651,2,2,1,2,5.34,2.5142,NONE,LOW,0,0,0,val
DLJ-18,2080.0,Tipam Sandstone,Porous Sandstone / Siltstone,12.15,26.33,115.7,8.28,2677.2,548.3,9.81,10.26,5,0.3652,2,2,1,2,5.34,2.5144,NONE,LOW,0,0,0,val
DLJ-18,2090.0,Tipam Sandstone,Porous Sandstone / Siltstone,11.42,28.63,112.7,7.96,2713.2,558.7,9.78,10.17,5,0.3652,2,2,1,2,5.34,2.5146,NONE,LOW,0,0,0,val
DLJ-18,2100.0,Tipam Sandstone,Porous Sandstone / Siltstone,12.83,26.69,110.6,7.91,2751.1,543.1,9.89,10.24,5,0.3653,2,2,1,2,5.34,2.5148,NONE,LOW,0,0,0,val
DLJ-18,2110.0,Tipam Sandstone,Porous Sandstone / Siltstone,12.88,27.02,111.6,7.84,2747.2,549.6,9.85,10.23,5,0.3653,2,2,1,2,5.34,2.5148,NONE,LOW,0,0,0,val
DLJ-18,2120.0,Tipam Sandstone,Porous Sandstone / Siltstone,13.71,24.4,112.0,7.16,2727.3,546.5,9.78,10.11,5,0.3654,2,2,1,2,5.34,2.5152,NONE,LOW,0,0,0,val
DLJ-18,2130.0,Tipam Sandstone,Porous Sandstone / Siltstone,12.27,24.0,113.4,8.72,2769.8,552.9,9.83,10.23,5,0.3655,2,2,1,2,5.34,2.5154,NONE,LOW,0,0,0,val
DLJ-18,2140.0,Tipam Sandstone,Porous Sandstone / Siltstone,13.51,27.92,106.2,8.1,2746.0,535.5,9.91,10.32,5,0.3655,2,2,1,2,5.34,2.5157,NONE,LOW,0,0,0,val
DLJ-18,2150.0,Tipam Sandstone,Porous Sandstone / Siltstone,12.88,28.37,110.7,7.96,2747.0,543.5,9.98,10.35,5,0.3656,2,2,1,2,5.34,2.5159,NONE,LOW,0,0,0,val
DLJ-18,2160.0,Tipam Sandstone,Porous Sandstone / Siltstone,13.32,25.45,113.9,7.96,2748.5,553.7,9.9,10.33,5,0.3657,2,2,1,2,5.34,2.5163,NONE,LOW,0,0,0,val
DLJ-18,2170.0,Tipam Sandstone,Porous Sandstone / Siltstone,13.35,27.05,112.5,7.58,2796.5,553.8,9.81,10.23,5,0.3658,2,2,1,2,5.34,2.5165,NONE,LOW,0,0,0,val
DLJ-18,2180.0,Tipam Sandstone,Porous Sandstone / Siltstone,12.01,28.21,111.1,7.04,2771.0,545.6,9.67,10.11,5,0.3659,2,2,1,2,5.34,2.517,NONE,LOW,0,0,0,val
DLJ-18,2190.0,Tipam Sandstone,Porous Sandstone / Siltstone,12.62,28.17,106.4,7.5,2742.6,556.6,9.79,10.15,5,0.366,2,2,1,2,5.34,2.5173,NONE,LOW,0,0,0,val
DLJ-18,2200.0,Tipam Sandstone,Porous Sandstone / Siltstone,12.99,26.08,108.4,7.07,2733.0,549.9,9.67,10.09,5,0.3661,2,2,1,2,5.34,2.5177,NONE,LOW,0,0,0,val
DLJ-18,2210.0,Tipam Sandstone,Porous Sandstone / Siltstone,13.49,26.02,107.3,8.77,2757.8,545.6,9.74,10.13,5,0.3662,2,2,1,2,5.34,2.5181,NONE,LOW,0,0,0,val
DLJ-18,2220.0,Tipam Sandstone,Porous Sandstone / Siltstone,13.38,25.9,109.8,8.05,2730.3,549.6,9.91,10.31,5,0.3664,2,2,1,2,5.34,2.5188,NONE,LOW,0,0,0,val
DLJ-18,2230.0,Tipam Sandstone,Porous Sandstone / Siltstone,13.22,26.52,109.1,8.33,2742.9,554.7,9.89,10.29,5,0.3665,2,2,1,2,5.34,2.519,NONE,LOW,0,0,0,val
DLJ-18,2240.0,Tipam Sandstone,Porous Sandstone / Siltstone,11.93,28.7,109.4,8.82,2747.2,552.3,9.72,10.19,5,0.3666,2,2,1,2,5.34,2.5195,NONE,LOW,0,0,0,val
DLJ-18,2250.0,Tipam Sandstone,Porous Sandstone / Siltstone,11.36,28.54,106.7,7.99,2747.9,552.1,9.72,10.09,5,0.3668,2,2,1,2,5.34,2.5201,NONE,LOW,0,0,0,val
DLJ-18,2260.0,Tipam Sandstone,Porous Sandstone / Siltstone,12.77,25.83,107.2,7.83,2729.3,546.6,9.79,10.19,5,0.367,2,2,1,2,5.34,2.5207,NONE,LOW,0,0,0,val
DLJ-18,2270.0,Tipam Sandstone,Porous Sandstone / Siltstone,12.34,27.06,107.4,8.35,2803.4,546.3,9.77,10.18,5,0.3671,2,2,1,2,5.34,2.5212,NONE,LOW,0,0,0,val
DLJ-18,2280.0,Tipam Sandstone,Porous Sandstone / Siltstone,12.72,29.0,112.0,7.11,2781.3,559.9,9.78,10.17,5,0.3673,2,2,1,2,5.34,2.5218,NONE,LOW,0,0,0,val
DLJ-18,2290.0,Tipam Sandstone,Porous Sandstone / Siltstone,12.09,25.38,110.6,7.12,2766.5,560.3,9.88,10.22,5,0.3675,2,2,1,2,5.34,2.5227,NONE,LOW,0,0,0,val
DLJ-18,2300.0,Tipam Sandstone,Porous Sandstone / Siltstone,11.88,27.12,108.5,8.7,2798.9,554.0,9.7,10.1,5,0.3678,2,2,1,2,5.34,2.5236,NONE,LOW,0,0,0,val
DLJ-18,2310.0,Tipam Sandstone,Porous Sandstone / Siltstone,11.98,28.27,105.6,8.42,2807.2,551.7,9.83,10.23,5,0.368,2,2,1,2,5.34,2.5242,NONE,LOW,0,0,0,val
DLJ-18,2320.0,Tipam Sandstone,Porous Sandstone / Siltstone,10.78,27.64,109.5,7.97,2797.7,549.4,9.83,10.2,5,0.3682,2,2,1,2,5.34,2.2435,NONE,LOW,0,0,0,val
DLJ-18,2330.0,Tipam Sandstone,Porous Sandstone / Siltstone,12.54,27.46,110.6,8.52,2755.3,551.4,9.79,10.23,5,0.3685,2,2,1,2,5.34,2.2511,NONE,LOW,0,0,0,val
DLJ-18,2340.0,Tipam Sandstone,Porous Sandstone / Siltstone,12.61,26.66,108.5,7.55,2780.8,564.7,9.66,10.02,5,0.3688,2,2,1,2,5.34,2.259,NONE,LOW,0,0,0,val
DLJ-18,2350.0,Tipam Sandstone,Porous Sandstone / Siltstone,11.72,29.47,108.2,7.99,2777.4,542.4,9.71,10.1,5,0.3691,2,2,1,2,5.34,2.2677,NONE,LOW,0,0,0,val
DLJ-18,2360.0,Tipam Sandstone,Porous Sandstone / Siltstone,13.34,26.42,112.6,7.58,2745.6,558.2,10.0,10.43,5,0.3694,2,2,1,2,5.34,2.2768,NONE,LOW,0,0,0,val
DLJ-18,2370.0,Tipam Sandstone,Porous Sandstone / Siltstone,12.22,27.28,113.0,8.2,2782.7,537.0,9.88,10.29,5,0.3698,2,2,1,2,5.34,2.2867,NONE,LOW,0,0,0,val
DLJ-18,2380.0,Tipam Sandstone,Porous Sandstone / Siltstone,11.78,28.29,111.3,8.38,2816.8,544.4,9.89,10.24,5,0.3701,2,2,1,2,5.34,2.297,NONE,LOW,0,0,0,val
DLJ-18,2390.0,Tipam Sandstone,Porous Sandstone / Siltstone,13.03,26.91,107.2,7.09,2841.3,556.6,9.76,10.18,5,0.3705,2,2,1,2,5.34,2.3083,NONE,LOW,0,0,0,val
DLJ-18,2400.0,Tipam Sandstone,Porous Sandstone / Siltstone,12.85,27.31,109.3,7.79,2865.9,554.4,9.88,10.26,5,0.371,2,2,1,2,5.34,2.3203,NONE,LOW,0,0,0,val
DLJ-18,2410.0,Tipam Sandstone,Porous Sandstone / Siltstone,11.89,29.45,107.4,8.25,2829.1,553.1,9.84,10.24,5,0.3714,2,2,1,2,5.34,2.333,NONE,LOW,0,0,0,val
DLJ-18,2420.0,Tipam Sandstone,Porous Sandstone / Siltstone,12.47,26.99,108.2,8.74,2802.3,543.7,9.8,10.19,5,0.3788,2,2,1,2,5.34,2.3467,NONE,LOW,0,0,0,val
DLJ-18,2430.0,Tipam Sandstone,Porous Sandstone / Siltstone,12.91,28.39,109.0,8.29,2791.4,547.9,9.89,10.32,5,0.3916,2,2,1,2,5.34,2.3614,NONE,LOW,0,0,0,val
DLJ-18,2440.0,Tipam Sandstone,Porous Sandstone / Siltstone,11.91,26.73,110.4,8.86,2762.1,552.2,9.87,10.23,5,0.3813,2,2,1,2,5.34,2.353,NONE,LOW,0,0,0,val
DLJ-18,2450.0,Tipam Sandstone,Porous Sandstone / Siltstone,12.28,27.3,107.9,8.0,2799.1,538.3,9.75,10.17,5,0.3736,2,2,1,2,5.34,2.3431,NONE,LOW,0,0,0,val
DLJ-18,2460.0,Tipam Sandstone,Porous Sandstone / Siltstone,13.01,25.99,111.2,8.34,2789.2,550.1,9.86,10.26,5,0.3742,2,2,1,2,5.34,2.3338,NONE,LOW,0,0,0,val
DLJ-18,2470.0,Tipam Sandstone,Porous Sandstone / Siltstone,13.65,25.88,120.0,7.54,2842.0,557.8,9.95,10.32,5,0.3749,2,2,1,2,5.34,2.3256,NONE,LOW,0,0,0,val
DLJ-18,2480.0,Tipam Sandstone,Porous Sandstone / Siltstone,12.44,28.59,110.9,8.6,2821.9,548.7,9.84,10.27,5,0.3756,2,2,1,2,5.34,2.3181,NONE,LOW,0,0,0,val
DLJ-18,2490.0,Tipam Sandstone,Porous Sandstone / Siltstone,12.94,27.16,105.8,7.72,2807.0,556.3,9.85,10.28,5,0.3764,2,2,1,2,5.34,2.3116,NONE,LOW,0,0,0,val
DLJ-18,2500.0,Tipam Sandstone,Porous Sandstone / Siltstone,13.36,29.64,111.0,7.59,2864.4,549.5,9.79,10.19,5,0.3772,2,2,1,2,5.34,2.3057,NONE,LOW,0,0,0,val
DLJ-18,2510.0,Tipam Sandstone,Porous Sandstone / Siltstone,11.97,26.28,112.5,7.61,2904.0,541.3,9.77,10.14,5,0.3781,2,2,1,2,5.34,2.3007,NONE,LOW,0,0,0,val
DLJ-18,2520.0,Tipam Sandstone,Porous Sandstone / Siltstone,13.42,28.16,112.3,7.08,2813.1,541.4,9.84,10.18,5,0.379,2,2,1,2,5.34,2.2964,NONE,LOW,0,0,0,val
DLJ-18,2530.0,Tipam Sandstone,Porous Sandstone / Siltstone,11.15,26.53,107.9,7.58,2842.4,552.4,9.81,10.24,5,0.38,2,2,1,2,5.34,2.2927,NONE,LOW,0,0,0,val
DLJ-18,2540.0,Tipam Sandstone,Porous Sandstone / Siltstone,13.18,28.16,111.2,8.26,2838.5,546.8,9.86,10.25,5,0.3811,2,2,1,2,5.34,2.29,NONE,LOW,0,0,0,val
DLJ-18,2550.0,Tipam Sandstone,Porous Sandstone / Siltstone,12.75,28.09,107.3,7.67,2807.2,557.8,9.73,10.14,5,0.3823,2,2,1,2,5.34,2.5743,NONE,LOW,0,0,0,val
DLJ-18,2560.0,Tipam Sandstone,Porous Sandstone / Siltstone,12.99,27.57,104.4,8.51,2826.6,546.7,9.73,10.13,5,0.3835,2,2,1,2,5.34,2.5786,NONE,LOW,0,0,0,val
DLJ-18,2570.0,Tipam Sandstone,Porous Sandstone / Siltstone,12.51,26.84,112.2,7.76,2889.7,550.0,9.89,10.22,5,0.3848,2,2,1,2,5.34,2.5833,NONE,LOW,0,0,0,val
DLJ-18,2580.0,Tipam Sandstone,Porous Sandstone / Siltstone,13.67,30.21,117.3,7.49,2867.8,544.2,9.83,10.24,5,0.3862,2,2,1,2,5.34,2.588,NONE,LOW,0,0,0,val
DLJ-18,2590.0,Tipam Sandstone,Porous Sandstone / Siltstone,12.11,27.55,113.6,8.4,2854.4,539.2,9.7,10.09,5,0.3878,2,2,1,2,5.34,2.5934,NONE,LOW,0,0,0,val
DLJ-18,2600.0,Tipam Sandstone,Porous Sandstone / Siltstone,13.02,29.81,114.2,7.62,2781.5,535.9,9.74,10.18,5,0.3894,2,2,1,2,5.34,2.5991,NONE,LOW,0,0,0,val
DLJ-18,2610.0,Tipam Sandstone,Porous Sandstone / Siltstone,12.05,30.41,115.1,8.01,2845.2,548.9,9.77,10.17,5,0.3911,2,2,1,2,5.34,2.6053,NONE,LOW,0,0,0,val
DLJ-18,2620.0,Tipam Sandstone,Porous Sandstone / Siltstone,12.75,29.35,114.7,7.42,2873.9,547.6,9.93,10.25,5,0.3929,2,2,1,2,5.34,2.6116,NONE,LOW,0,0,0,val
DLJ-18,2630.0,Tipam Sandstone,Porous Sandstone / Siltstone,11.89,29.16,110.5,8.09,2906.3,539.8,9.63,10.03,5,0.3949,2,2,1,2,5.34,2.6184,NONE,LOW,0,0,0,val
DLJ-18,2640.0,Tipam Sandstone,Porous Sandstone / Siltstone,12.06,28.59,103.6,8.7,2843.0,566.3,9.82,10.22,5,0.397,2,2,1,2,5.34,2.6258,NONE,LOW,0,0,0,val
DLJ-18,2650.0,Tipam Sandstone,Porous Sandstone / Siltstone,12.47,28.56,107.7,8.06,2870.4,543.7,9.88,10.28,5,0.3992,2,2,1,2,5.34,2.6337,NONE,LOW,0,0,0,val
DLJ-18,2660.0,Tipam Sandstone,Porous Sandstone / Siltstone,13.88,28.53,116.2,7.9,2871.5,539.4,9.75,10.14,5,0.4017,2,2,1,2,5.34,2.6422,NONE,LOW,0,0,0,val
DLJ-18,2670.0,Tipam Sandstone,Porous Sandstone / Siltstone,13.45,28.95,115.5,8.32,2908.2,549.5,9.82,10.29,5,0.4042,2,2,1,2,5.34,2.6512,NONE,LOW,0,0,0,val
DLJ-18,2680.0,Tipam Sandstone,Porous Sandstone / Siltstone,12.04,27.27,119.3,8.41,2861.6,560.0,9.76,10.18,5,0.407,2,2,1,2,5.34,2.6608,NONE,LOW,0,0,0,val
DLJ-18,2690.0,Tipam Sandstone,Porous Sandstone / Siltstone,11.57,28.44,108.1,7.01,2899.0,547.8,9.96,10.38,5,0.4099,2,2,1,2,5.34,2.6711,NONE,LOW,0,0,0,val
DLJ-18,2700.0,Tipam Sandstone,Porous Sandstone / Siltstone,12.29,28.29,110.5,8.49,2860.8,545.0,9.99,10.42,5,0.413,2,2,1,2,5.34,2.682,NONE,LOW,0,0,0,val
DLJ-18,2710.0,Tipam Sandstone,Porous Sandstone / Siltstone,11.27,27.37,116.0,8.2,2858.4,548.6,9.83,10.23,5,0.4164,2,2,1,2,5.34,2.6938,NONE,LOW,0,0,0,val
DLJ-18,2720.0,Tipam Sandstone,Porous Sandstone / Siltstone,11.69,27.87,111.1,7.95,2894.3,540.2,9.86,10.27,5,0.42,2,2,1,2,5.34,2.7064,NONE,LOW,0,0,0,val
DLJ-18,2730.0,Tipam Sandstone,Porous Sandstone / Siltstone,12.79,29.09,109.6,7.58,2880.7,560.1,9.89,10.28,5,0.4238,2,2,1,2,5.34,2.7197,NONE,LOW,0,0,0,val
DLJ-18,2740.0,Tipam Sandstone,Porous Sandstone / Siltstone,12.2,29.2,108.5,8.24,2898.1,557.1,9.73,10.17,5,0.4279,2,2,1,2,5.34,2.7339,NONE,LOW,0,0,0,val
DLJ-18,2750.0,Tipam Sandstone,Porous Sandstone / Siltstone,11.94,27.92,109.7,7.77,2859.0,546.5,9.88,10.27,5,0.4323,2,2,1,2,5.34,2.7495,NONE,LOW,0,0,0,val
DLJ-18,2760.0,Tipam Sandstone,Porous Sandstone / Siltstone,12.31,30.45,110.8,9.24,2894.3,547.7,9.75,10.15,5,0.437,1,3,1,2,5.34,2.4858,NONE,LOW,0,0,0,val
DLJ-18,2770.0,Tipam Sandstone,Porous Sandstone / Siltstone,12.76,31.57,106.6,8.43,2897.7,537.4,9.82,10.24,5,0.442,1,3,1,2,5.34,2.5154,NONE,LOW,0,0,0,val
DLJ-18,2780.0,Tipam Sandstone,Porous Sandstone / Siltstone,11.99,29.11,103.1,7.37,2921.2,546.3,9.9,10.27,5,0.4473,1,3,1,2,5.34,2.5469,NONE,LOW,0,0,0,val
DLJ-18,2790.0,Tipam Sandstone,Porous Sandstone / Siltstone,12.19,28.6,113.0,7.42,2874.9,551.2,9.82,10.25,5,0.4531,1,3,1,2,5.34,2.5542,NONE,LOW,0,0,0,val
DLJ-18,2800.0,Barail,Coal / Shale / Sandstone Sequence,6.1,30.32,106.9,12.41,3271.7,490.6,10.7,11.08,5,0.5842,3,2,0,2,10.51,3.7939,NONE,LOW,0,0,0,val
DLJ-18,2810.0,Barail,Coal / Shale / Sandstone Sequence,6.85,28.02,107.9,11.89,3328.8,479.4,10.76,11.16,5,0.5907,3,2,0,2,10.51,3.8152,NONE,LOW,0,0,0,val
DLJ-18,2820.0,Barail,Coal / Shale / Sandstone Sequence,6.58,27.73,106.7,11.62,3335.4,492.9,10.66,11.08,5,0.5977,3,2,0,2,10.51,3.8381,NONE,LOW,0,0,0,val
DLJ-18,2830.0,Barail,Coal / Shale / Sandstone Sequence,6.95,28.52,109.4,11.09,3276.3,482.7,10.62,11.03,5,0.6052,3,2,0,2,10.51,3.8626,NONE,LOW,0,0,0,val
DLJ-18,2840.0,Barail,Coal / Shale / Sandstone Sequence,6.83,29.65,112.2,11.48,3320.3,474.2,10.66,11.07,5,0.6131,3,2,0,2,10.51,3.8886,NONE,LOW,0,0,0,val
DLJ-18,2850.0,Barail,Coal / Shale / Sandstone Sequence,6.1,29.46,107.5,11.24,3284.4,490.1,10.65,11.09,5,0.6217,3,2,0,2,10.51,3.9167,NONE,LOW,0,0,0,val
DLJ-18,2860.0,Barail,Coal / Shale / Sandstone Sequence,7.68,29.21,122.1,11.39,3321.4,476.8,10.64,11.05,5,0.6308,3,2,0,2,10.51,3.9466,NONE,LOW,0,0,0,val
DLJ-18,2870.0,Barail,Coal / Shale / Sandstone Sequence,6.43,31.61,111.0,11.64,3294.8,483.3,10.67,11.06,5,0.6405,3,2,0,2,10.51,3.9782,NONE,LOW,0,0,0,val
DLJ-18,2880.0,Barail,Coal / Shale / Sandstone Sequence,6.03,32.73,108.9,10.77,3302.5,479.6,10.55,10.97,5,0.651,3,2,0,2,10.51,4.0126,NONE,LOW,0,0,0,val
DLJ-18,2890.0,Barail,Coal / Shale / Sandstone Sequence,6.91,28.79,111.4,11.06,3307.0,472.7,10.64,11.01,5,0.6621,3,2,0,2,10.51,4.049,NONE,LOW,0,0,0,val
DLJ-18,2900.0,Barail,Coal / Shale / Sandstone Sequence,6.91,30.77,110.2,11.89,3281.0,486.9,10.69,11.09,5,0.674,3,2,0,2,10.51,4.088,NONE,LOW,0,0,0,val
DLJ-18,2910.0,Barail,Coal / Shale / Sandstone Sequence,6.73,28.46,104.0,11.14,3341.6,485.5,10.65,11.01,5,0.6867,3,2,0,2,10.51,4.1297,NONE,LOW,0,0,0,val
DLJ-18,2920.0,Barail,Coal / Shale / Sandstone Sequence,6.07,29.25,104.6,10.79,3309.5,480.7,10.52,10.89,5,0.679,3,2,0,2,10.51,4.1317,NONE,LOW,0,0,0,val
DLJ-18,2930.0,Barail,Coal / Shale / Sandstone Sequence,7.14,28.16,109.2,12.01,3322.0,475.4,10.59,11.03,5,0.6765,3,2,0,2,10.51,4.145,NONE,LOW,0,0,0,val
DLJ-18,2940.0,Barail,Coal / Shale / Sandstone Sequence,3.22,30.27,84.2,16.84,3343.0,488.2,10.58,10.96,5,0.6894,3,2,0,2,10.51,4.1907,TORQUE_SPIKE,LOW,0,0,0,val
DLJ-18,2950.0,Barail,Coal / Shale / Sandstone Sequence,2.65,31.02,85.5,16.76,3367.7,497.9,10.66,11.09,5,0.6765,3,2,0,2,10.51,4.1861,TORQUE_SPIKE,LOW,0,0,0,val
DLJ-18,2960.0,Barail,Coal / Shale / Sandstone Sequence,2.43,30.15,83.6,14.61,3338.4,484.9,10.47,10.82,5,0.6644,3,2,0,2,10.51,4.1845,TORQUE_SPIKE,LOW,0,0,0,val
DLJ-18,2970.0,Barail,Coal / Shale / Sandstone Sequence,7.02,29.3,112.2,12.05,3361.0,487.3,10.51,10.88,5,0.6531,3,2,0,2,10.51,4.186,NONE,LOW,0,0,0,val
DLJ-18,2980.0,Barail,Coal / Shale / Sandstone Sequence,5.99,30.23,111.0,11.74,3353.4,473.2,10.69,11.05,5,0.6426,3,2,0,2,10.51,4.1911,NONE,LOW,0,0,0,val
DLJ-18,2990.0,Barail,Coal / Shale / Sandstone Sequence,6.61,31.34,109.8,10.8,3371.7,477.0,10.67,11.08,5,0.6387,3,2,0,2,10.51,4.1882,NONE,LOW,0,0,0,val
DLJ-18,3000.0,Barail,Coal / Shale / Sandstone Sequence,7.49,28.95,108.7,11.55,3322.7,482.6,10.55,11.0,5,0.626,3,2,0,2,10.51,4.1457,NONE,LOW,0,0,0,val
DLJ-18,3010.0,Barail,Coal / Shale / Sandstone Sequence,6.74,26.74,109.8,11.34,3332.0,488.7,10.56,10.95,5,0.6387,3,2,0,2,10.51,4.1557,NONE,LOW,0,0,0,val
DLJ-18,3020.0,Barail,Coal / Shale / Sandstone Sequence,6.27,27.78,105.5,11.98,3302.3,473.9,10.59,10.97,5,0.631,3,2,0,2,10.51,4.126,NONE,LOW,0,0,0,val
DLJ-18,3030.0,Barail,Coal / Shale / Sandstone Sequence,6.96,29.45,115.2,11.13,3382.7,469.1,10.74,11.17,5,0.6187,2,2,1,2,5.34,4.0906,NONE,LOW,0,0,0,val
DLJ-18,3040.0,Barail,Coal / Shale / Sandstone Sequence,5.88,29.9,111.1,11.25,3373.8,475.3,10.57,10.99,5,0.6073,2,2,1,2,5.34,4.0628,NONE,LOW,0,0,0,val
DLJ-18,3050.0,Barail,Coal / Shale / Sandstone Sequence,6.46,29.67,110.6,11.78,3414.0,487.5,10.64,11.06,5,0.5966,2,2,1,2,5.34,3.6283,NONE,LOW,0,0,0,val
DLJ-18,3060.0,Barail,Coal / Shale / Sandstone Sequence,6.81,30.82,112.8,11.0,3353.9,476.0,10.85,11.27,5,0.5866,2,2,1,2,5.34,3.6075,NONE,LOW,0,0,0,val
DLJ-18,3070.0,Barail,Coal / Shale / Sandstone Sequence,6.58,31.58,113.5,11.42,3350.8,489.1,10.59,11.01,5,0.5772,2,2,1,2,5.34,3.5893,NONE,LOW,0,0,0,val
DLJ-18,3080.0,Barail,Coal / Shale / Sandstone Sequence,6.31,30.52,113.1,11.96,3377.1,484.7,10.47,10.87,5,0.5685,2,2,1,2,5.34,3.5743,NONE,LOW,0,0,0,val
DLJ-18,3090.0,Barail,Coal / Shale / Sandstone Sequence,6.34,30.38,109.9,10.56,3362.6,480.4,10.55,10.94,5,0.563,2,2,1,2,5.34,3.562,NONE,LOW,0,0,0,val
DLJ-18,3100.0,Barail,Coal / Shale / Sandstone Sequence,6.79,29.11,103.5,11.33,3394.1,493.5,10.58,11.0,5,0.5582,2,2,1,2,5.34,3.5521,NONE,LOW,0,0,0,val
DLJ-18,3110.0,Barail,Coal / Shale / Sandstone Sequence,6.36,30.75,110.7,11.77,3354.6,480.5,10.48,10.9,5,0.5538,2,2,1,2,5.34,3.5449,NONE,LOW,0,0,0,val
DLJ-18,3120.0,Barail,Coal / Shale / Sandstone Sequence,6.02,30.07,99.2,11.19,3366.9,471.8,10.67,11.07,5,0.5496,2,2,1,2,5.34,3.519,NONE,LOW,0,0,0,val
DLJ-18,3130.0,Barail,Coal / Shale / Sandstone Sequence,5.14,30.78,106.3,11.74,3350.5,480.2,10.6,10.99,5,0.5457,2,2,1,2,5.34,3.4901,NONE,LOW,0,0,0,val
DLJ-18,3140.0,Barail,Coal / Shale / Sandstone Sequence,6.57,30.25,103.9,10.76,3370.4,479.9,10.62,11.01,5,0.5421,2,2,1,2,5.34,3.464,NONE,LOW,0,0,0,val
DLJ-18,3150.0,Barail,Coal / Shale / Sandstone Sequence,6.33,29.44,108.9,11.61,3395.6,495.0,10.65,11.03,5,0.5387,2,2,1,2,5.34,3.4398,NONE,LOW,0,0,0,val
DLJ-18,3160.0,Barail,Coal / Shale / Sandstone Sequence,6.76,30.61,108.0,10.73,3377.2,471.4,10.59,10.94,5,0.5355,2,2,1,2,5.34,3.4178,NONE,LOW,0,0,0,val
DLJ-18,3170.0,Barail,Coal / Shale / Sandstone Sequence,5.87,31.38,112.4,11.05,3386.0,465.1,10.54,10.92,5,0.5325,2,2,1,2,5.34,3.3977,NONE,LOW,0,0,0,val
DLJ-18,3180.0,Barail,Coal / Shale / Sandstone Sequence,6.99,29.86,114.2,10.74,3363.8,485.7,10.63,11.08,5,0.5298,2,2,1,2,5.34,3.38,NONE,LOW,0,0,0,val
DLJ-18,3190.0,Barail,Coal / Shale / Sandstone Sequence,6.48,28.13,101.9,11.56,3388.5,471.2,10.64,11.04,5,0.5272,2,2,1,2,5.34,3.3639,NONE,LOW,0,0,0,val
DLJ-18,3200.0,Barail,Coal / Shale / Sandstone Sequence,7.07,30.96,114.9,11.5,3397.1,488.5,10.61,10.98,5,0.5247,3,2,0,2,10.51,3.7631,NONE,LOW,0,0,0,val
DLJ-21,1800.0,Tipam Sandstone,Porous Sandstone / Siltstone,12.73,25.66,112.1,8.94,2669.8,537.2,10.03,10.47,5,0.3002,1,3,1,2,6.48,1.8155,NONE,LOW,0,0,0,train
DLJ-21,1810.0,Tipam Sandstone,Porous Sandstone / Siltstone,12.56,23.7,112.1,7.67,2655.0,547.7,9.77,10.23,5,0.3002,1,3,1,2,6.48,1.8155,NONE,LOW,0,0,0,train
DLJ-21,1820.0,Tipam Sandstone,Porous Sandstone / Siltstone,12.53,25.36,108.5,8.55,2646.8,546.6,9.96,10.39,5,0.3002,1,3,1,2,6.48,1.8155,NONE,LOW,0,0,0,train
DLJ-21,1830.0,Tipam Sandstone,Porous Sandstone / Siltstone,12.48,23.42,112.8,8.97,2675.5,561.7,9.76,10.13,5,0.3002,1,3,1,2,6.48,1.8156,NONE,LOW,0,0,0,train
DLJ-21,1840.0,Tipam Sandstone,Porous Sandstone / Siltstone,11.93,25.09,113.1,8.05,2624.7,539.5,9.82,10.18,5,0.3002,1,3,1,2,6.48,1.8156,NONE,LOW,0,0,0,train
DLJ-21,1850.0,Tipam Sandstone,Porous Sandstone / Siltstone,13.74,27.03,102.4,8.71,2685.9,537.6,9.84,10.23,5,0.3002,1,3,1,2,6.48,1.8156,NONE,LOW,0,0,0,train
DLJ-21,1860.0,Tipam Sandstone,Porous Sandstone / Siltstone,12.83,23.87,112.4,6.93,2659.4,559.1,9.89,10.29,5,0.3003,1,3,1,2,6.48,1.816,NONE,LOW,0,0,0,train
DLJ-21,1870.0,Tipam Sandstone,Porous Sandstone / Siltstone,13.03,26.65,115.2,8.44,2694.5,555.9,9.76,10.17,5,0.3003,1,3,1,2,6.48,1.8161,NONE,LOW,0,0,0,train
DLJ-21,1880.0,Tipam Sandstone,Porous Sandstone / Siltstone,12.36,24.07,106.2,7.86,2676.0,561.5,9.81,10.21,5,0.3003,1,3,1,2,6.48,1.8161,NONE,LOW,0,0,0,train
DLJ-21,1890.0,Tipam Sandstone,Porous Sandstone / Siltstone,13.15,25.28,112.4,7.88,2705.6,555.1,9.88,10.24,5,0.3003,1,3,1,2,6.48,1.8161,NONE,LOW,0,0,0,train
DLJ-21,1900.0,Tipam Sandstone,Porous Sandstone / Siltstone,13.49,25.38,111.8,8.27,2649.1,554.1,9.81,10.17,5,0.3003,1,3,1,2,6.48,1.8162,NONE,LOW,0,0,0,train
DLJ-21,1910.0,Tipam Sandstone,Porous Sandstone / Siltstone,13.15,26.07,108.8,8.22,2676.0,550.1,9.75,10.17,5,0.3003,1,3,1,2,6.48,1.8162,NONE,LOW,0,0,0,train
DLJ-21,1920.0,Tipam Sandstone,Porous Sandstone / Siltstone,12.52,25.31,103.7,7.54,2719.2,553.1,9.74,10.1,5,0.3003,1,3,1,2,6.48,1.8162,NONE,LOW,0,0,0,train
DLJ-21,1930.0,Tipam Sandstone,Porous Sandstone / Siltstone,12.43,27.59,109.3,8.65,2691.3,553.8,9.68,10.04,5,0.3004,1,3,1,2,6.48,1.8166,NONE,LOW,0,0,0,train
DLJ-21,1940.0,Tipam Sandstone,Porous Sandstone / Siltstone,12.3,26.8,106.7,8.09,2693.8,548.8,9.88,10.29,5,0.3004,1,3,1,2,6.48,1.8166,NONE,LOW,0,0,0,train
DLJ-21,1950.0,Tipam Sandstone,Porous Sandstone / Siltstone,12.11,27.73,114.2,7.62,2701.7,544.1,9.78,10.14,5,0.3004,1,3,1,2,6.48,1.8167,NONE,LOW,0,0,0,train
DLJ-21,1960.0,Tipam Sandstone,Porous Sandstone / Siltstone,11.48,26.95,109.0,7.89,2700.2,554.6,9.88,10.26,5,0.3004,1,3,1,2,6.48,1.8169,NONE,LOW,0,0,0,train
DLJ-21,1970.0,Tipam Sandstone,Porous Sandstone / Siltstone,12.57,24.37,109.3,8.69,2734.4,555.7,9.86,10.22,5,0.3004,1,3,1,2,6.48,1.817,NONE,LOW,0,0,0,train
DLJ-21,1980.0,Tipam Sandstone,Porous Sandstone / Siltstone,13.01,26.79,113.1,8.18,2693.2,545.1,9.84,10.18,5,0.3005,1,3,1,2,6.48,1.8173,NONE,LOW,0,0,0,train
DLJ-21,1990.0,Tipam Sandstone,Porous Sandstone / Siltstone,12.61,26.63,104.6,8.32,2748.9,550.6,9.83,10.23,5,0.3005,1,3,1,2,6.48,1.8173,NONE,LOW,0,0,0,train
DLJ-21,2000.0,Tipam Sandstone,Porous Sandstone / Siltstone,13.72,24.77,110.8,7.6,2686.3,549.6,9.82,10.27,5,0.3005,1,3,1,2,6.48,1.8174,NONE,LOW,0,0,0,train
DLJ-21,2010.0,Tipam Sandstone,Porous Sandstone / Siltstone,12.77,25.59,120.0,7.79,2688.2,535.8,9.94,10.39,5,0.3006,1,3,1,2,6.48,1.8177,NONE,LOW,0,0,0,train
DLJ-21,2020.0,Tipam Sandstone,Porous Sandstone / Siltstone,13.95,24.41,115.8,8.04,2725.2,536.8,9.88,10.32,5,0.3006,1,3,1,2,6.48,1.818,NONE,LOW,0,0,0,train
DLJ-21,2030.0,Tipam Sandstone,Porous Sandstone / Siltstone,12.48,26.89,106.9,7.71,2695.9,535.2,9.86,10.29,5,0.3006,1,3,1,2,6.48,1.818,NONE,LOW,0,0,0,train
DLJ-21,2040.0,Tipam Sandstone,Porous Sandstone / Siltstone,12.08,26.58,108.9,8.16,2694.3,542.9,9.9,10.33,5,0.3007,1,3,1,2,6.48,1.8183,NONE,LOW,0,0,0,train
DLJ-21,2050.0,Tipam Sandstone,Porous Sandstone / Siltstone,13.71,26.26,106.3,8.61,2728.3,555.8,9.79,10.23,5,0.3007,1,3,1,2,6.48,1.8184,NONE,LOW,0,0,0,train
DLJ-21,2060.0,Tipam Sandstone,Porous Sandstone / Siltstone,12.42,26.03,104.8,7.87,2748.4,551.9,9.75,10.11,5,0.3008,1,3,1,2,6.48,1.819,NONE,LOW,0,0,0,train
DLJ-21,2070.0,Tipam Sandstone,Porous Sandstone / Siltstone,13.5,26.17,107.4,7.86,2680.6,561.4,9.68,10.06,5,0.3008,1,3,1,2,6.48,1.8192,NONE,LOW,0,0,0,train
DLJ-21,2080.0,Tipam Sandstone,Porous Sandstone / Siltstone,12.53,28.04,111.0,8.43,2738.0,555.0,9.91,10.32,5,0.3009,1,3,1,2,6.48,1.8195,NONE,LOW,0,0,0,train
DLJ-21,2090.0,Tipam Sandstone,Porous Sandstone / Siltstone,13.65,25.27,110.0,8.01,2732.6,546.6,9.78,10.19,5,0.3009,1,3,1,2,6.48,1.8196,NONE,LOW,0,0,0,train
DLJ-21,2100.0,Tipam Sandstone,Porous Sandstone / Siltstone,11.55,26.41,105.6,7.13,2728.4,553.9,9.79,10.2,5,0.301,1,3,1,2,6.48,1.8201,NONE,LOW,0,0,0,train
DLJ-21,2110.0,Tipam Sandstone,Porous Sandstone / Siltstone,11.34,24.81,117.9,7.48,2742.8,544.5,9.85,10.25,5,0.301,1,3,1,2,6.48,1.8203,NONE,LOW,0,0,0,train
DLJ-21,2120.0,Tipam Sandstone,Porous Sandstone / Siltstone,12.84,26.64,108.2,7.47,2736.7,540.3,9.75,10.16,5,0.3011,1,3,1,2,6.48,1.8209,NONE,LOW,0,0,0,train
DLJ-21,2130.0,Tipam Sandstone,Porous Sandstone / Siltstone,13.31,27.38,109.7,7.03,2699.4,560.3,10.01,10.39,5,0.3012,1,3,1,2,6.48,1.8213,NONE,LOW,0,0,0,train
DLJ-21,2140.0,Tipam Sandstone,Porous Sandstone / Siltstone,12.4,25.29,105.1,7.97,2712.7,544.1,9.74,10.12,5,0.3012,1,3,1,2,6.48,1.8215,NONE,LOW,0,0,0,train
DLJ-21,2150.0,Tipam Sandstone,Porous Sandstone / Siltstone,12.36,26.39,112.4,7.93,2730.5,553.8,9.84,10.26,5,0.3013,1,3,1,2,6.48,1.8221,NONE,LOW,0,0,0,train
DLJ-21,2160.0,Tipam Sandstone,Porous Sandstone / Siltstone,12.55,25.7,106.6,8.38,2751.1,553.6,9.79,10.2,5,0.3014,1,3,1,2,6.48,1.8225,NONE,LOW,0,0,0,train
DLJ-21,2170.0,Tipam Sandstone,Porous Sandstone / Siltstone,12.92,27.8,113.6,7.95,2777.2,551.8,9.8,10.22,5,0.3015,1,3,1,2,6.48,1.8232,NONE,LOW,0,0,0,train
DLJ-21,2180.0,Tipam Sandstone,Porous Sandstone / Siltstone,12.65,25.84,112.8,9.42,2735.6,550.6,9.82,10.21,5,0.3016,1,3,1,2,6.48,1.8239,NONE,LOW,0,0,0,train
DLJ-21,2190.0,Tipam Sandstone,Porous Sandstone / Siltstone,13.43,25.95,108.1,7.21,2728.6,536.3,9.76,10.18,5,0.3017,1,3,1,2,6.48,1.8244,NONE,LOW,0,0,0,train
DLJ-21,2200.0,Tipam Sandstone,Porous Sandstone / Siltstone,12.28,24.8,113.6,7.64,2782.5,547.7,10.02,10.41,5,0.3018,1,3,1,2,6.48,1.8251,NONE,LOW,0,0,0,train
DLJ-21,2210.0,Tipam Sandstone,Porous Sandstone / Siltstone,12.95,26.57,108.0,7.9,2720.7,553.2,9.79,10.13,5,0.3019,1,3,1,2,6.48,1.8259,NONE,LOW,0,0,0,train
DLJ-21,2220.0,Tipam Sandstone,Porous Sandstone / Siltstone,12.96,27.24,112.4,7.97,2784.2,557.4,9.76,10.18,5,0.3021,1,3,1,2,6.48,1.8266,NONE,LOW,0,0,0,train
DLJ-21,2230.0,Tipam Sandstone,Porous Sandstone / Siltstone,12.95,26.39,104.6,8.21,2771.2,558.7,9.87,10.25,5,0.3022,1,3,1,2,6.48,1.8273,NONE,LOW,0,0,0,train
DLJ-21,2240.0,Tipam Sandstone,Porous Sandstone / Siltstone,12.78,26.87,102.5,8.19,2713.7,542.4,9.73,10.17,5,0.3023,1,3,1,2,6.48,1.8282,NONE,LOW,0,0,0,train
DLJ-21,2250.0,Tipam Sandstone,Porous Sandstone / Siltstone,11.77,26.6,110.2,8.89,2750.2,546.2,9.95,10.39,5,0.3025,1,3,1,2,6.48,1.8291,NONE,LOW,0,0,0,train
DLJ-21,2260.0,Tipam Sandstone,Porous Sandstone / Siltstone,12.93,25.27,109.3,7.17,2738.6,556.7,9.77,10.17,5,0.3027,1,3,1,2,6.48,1.8302,NONE,LOW,0,0,0,train
DLJ-21,2270.0,Tipam Sandstone,Porous Sandstone / Siltstone,12.05,26.82,111.2,8.49,2701.9,543.3,9.77,10.18,5,0.3028,1,3,1,2,6.48,1.8311,NONE,LOW,0,0,0,train
DLJ-21,2280.0,Tipam Sandstone,Porous Sandstone / Siltstone,12.74,27.44,108.8,7.74,2763.9,559.2,9.79,10.17,5,0.303,1,3,1,2,6.48,1.8322,NONE,LOW,0,0,0,train
DLJ-21,2290.0,Tipam Sandstone,Porous Sandstone / Siltstone,12.61,29.03,108.8,8.48,2803.3,549.5,9.79,10.19,5,0.3032,1,3,1,2,6.48,1.8335,NONE,LOW,0,0,0,train
DLJ-21,2300.0,Tipam Sandstone,Porous Sandstone / Siltstone,12.35,28.23,110.9,8.12,2746.9,542.3,9.77,10.24,5,0.3035,1,3,1,2,6.48,1.835,NONE,LOW,0,0,0,train
DLJ-21,2310.0,Tipam Sandstone,Porous Sandstone / Siltstone,12.04,28.96,111.1,8.29,2774.0,547.5,9.79,10.18,5,0.3037,1,3,1,2,6.48,1.8361,NONE,LOW,0,0,0,train
DLJ-21,2320.0,Tipam Sandstone,Porous Sandstone / Siltstone,12.45,27.64,117.4,8.04,2721.6,549.2,9.69,10.17,5,0.3039,1,3,1,2,6.48,1.8376,NONE,LOW,0,0,0,train
DLJ-21,2330.0,Tipam Sandstone,Porous Sandstone / Siltstone,12.01,28.03,107.0,7.32,2773.8,550.7,9.87,10.21,5,0.3042,1,3,1,2,6.48,1.8392,NONE,LOW,0,0,0,train
DLJ-21,2340.0,Tipam Sandstone,Porous Sandstone / Siltstone,12.51,26.87,111.6,7.39,2802.9,540.5,9.71,10.16,5,0.3045,1,3,1,2,6.48,1.8408,NONE,LOW,0,0,0,train
DLJ-21,2350.0,Tipam Sandstone,Porous Sandstone / Siltstone,11.84,27.9,116.7,8.16,2801.6,550.1,9.66,10.03,5,0.3048,1,3,1,2,6.48,1.8427,NONE,LOW,0,0,0,train
DLJ-21,2360.0,Tipam Sandstone,Porous Sandstone / Siltstone,11.77,25.91,111.6,7.44,2798.0,539.6,9.76,10.17,5,0.3051,1,3,1,2,6.48,1.8447,NONE,LOW,0,0,0,train
DLJ-21,2370.0,Tipam Sandstone,Porous Sandstone / Siltstone,13.34,27.87,114.9,7.62,2793.9,542.2,9.76,10.15,5,0.3055,1,3,1,2,6.48,1.8468,NONE,LOW,0,0,0,train
DLJ-21,2380.0,Tipam Sandstone,Porous Sandstone / Siltstone,12.06,26.06,104.3,6.83,2768.6,555.0,9.78,10.13,5,0.3058,1,3,1,2,6.48,1.8488,NONE,LOW,0,0,0,train
DLJ-21,2390.0,Tipam Sandstone,Porous Sandstone / Siltstone,13.57,26.8,111.3,8.32,2814.1,537.8,9.69,10.08,5,0.3062,1,3,1,2,6.48,1.8513,NONE,LOW,0,0,0,train
DLJ-21,2400.0,Tipam Sandstone,Porous Sandstone / Siltstone,13.97,25.69,105.8,7.48,2762.6,560.8,9.67,10.14,5,0.3067,1,3,1,2,6.48,1.8538,NONE,LOW,0,0,0,train
DLJ-21,2410.0,Tipam Sandstone,Porous Sandstone / Siltstone,11.71,24.96,109.0,7.84,2786.2,551.8,9.76,10.17,5,0.3071,1,3,1,2,6.48,1.8564,NONE,LOW,0,0,0,train
DLJ-21,2420.0,Tipam Sandstone,Porous Sandstone / Siltstone,7.39,26.36,112.7,8.01,2532.9,506.7,9.83,10.18,5,0.3076,1,3,1,2,6.48,1.8593,MUD_LOSS,LOW,1,0,0,train
DLJ-21,2430.0,Tipam Sandstone,Porous Sandstone / Siltstone,7.77,28.14,114.4,8.2,2460.5,501.8,9.72,10.13,5,0.3081,1,3,1,2,6.48,1.8624,MUD_LOSS,LOW,1,0,0,train
DLJ-21,2440.0,Tipam Sandstone,Porous Sandstone / Siltstone,7.39,26.75,112.8,8.62,2408.0,513.7,9.81,10.15,5,0.3087,1,3,1,2,6.48,1.8656,MUD_LOSS,LOW,1,0,0,train
DLJ-21,2450.0,Tipam Sandstone,Porous Sandstone / Siltstone,13.93,27.72,108.4,8.01,2762.4,543.9,9.74,10.17,5,0.3093,1,3,1,2,6.48,1.8693,NONE,LOW,0,0,0,train
DLJ-21,2460.0,Tipam Sandstone,Porous Sandstone / Siltstone,12.0,29.41,115.4,8.26,2803.6,548.1,9.75,10.13,5,0.3099,1,3,1,2,6.48,1.873,NONE,LOW,0,0,0,train
DLJ-21,2470.0,Tipam Sandstone,Porous Sandstone / Siltstone,11.87,27.14,105.9,7.22,2823.0,551.9,9.72,10.17,5,0.3106,1,3,1,2,6.48,1.8769,NONE,LOW,0,0,0,train
DLJ-21,2480.0,Tipam Sandstone,Porous Sandstone / Siltstone,12.68,28.3,109.0,8.37,2839.4,552.6,9.75,10.14,5,0.3113,1,3,1,2,6.48,1.8812,NONE,LOW,0,0,0,train
DLJ-21,2490.0,Tipam Sandstone,Porous Sandstone / Siltstone,11.68,26.99,107.5,7.44,2833.5,559.6,9.77,10.14,5,0.3121,1,3,1,2,6.48,1.8858,NONE,LOW,0,0,0,train
DLJ-21,2500.0,Tipam Sandstone,Porous Sandstone / Siltstone,11.88,27.63,107.2,8.3,2808.0,558.1,9.82,10.22,5,0.3129,1,3,1,2,6.48,1.8907,NONE,LOW,0,0,0,train
DLJ-21,2510.0,Tipam Sandstone,Porous Sandstone / Siltstone,11.75,28.34,113.6,8.14,2883.5,561.4,9.75,10.14,5,0.3138,1,3,1,2,6.48,1.8959,NONE,LOW,0,0,0,train
DLJ-21,2520.0,Tipam Sandstone,Porous Sandstone / Siltstone,12.78,27.07,114.7,8.18,2836.4,555.5,9.77,10.23,5,0.3147,1,3,1,2,6.48,1.9014,NONE,LOW,0,0,0,train
DLJ-21,2530.0,Tipam Sandstone,Porous Sandstone / Siltstone,12.43,29.93,113.9,7.84,2832.6,551.6,9.81,10.22,5,0.3157,1,3,1,2,6.48,1.9074,NONE,LOW,0,0,0,train
DLJ-21,2540.0,Tipam Sandstone,Porous Sandstone / Siltstone,11.57,27.1,106.1,7.68,2850.9,548.6,9.69,10.1,5,0.3168,1,3,1,2,6.48,1.9137,NONE,LOW,0,0,0,train
DLJ-21,2550.0,Tipam Sandstone,Porous Sandstone / Siltstone,12.22,28.9,112.4,7.64,2841.5,567.6,9.7,10.1,5,0.318,1,3,1,2,6.48,1.9207,NONE,LOW,0,0,0,train
DLJ-21,2560.0,Tipam Sandstone,Porous Sandstone / Siltstone,12.4,28.35,109.4,7.98,2803.9,542.3,9.74,10.14,5,0.3192,1,3,1,2,6.48,1.9279,NONE,LOW,0,0,0,train
DLJ-21,2570.0,Tipam Sandstone,Porous Sandstone / Siltstone,12.16,28.07,110.2,8.44,2840.0,553.2,9.79,10.17,5,0.3205,1,3,1,2,6.48,1.9357,NONE,LOW,0,0,0,train
DLJ-21,2580.0,Tipam Sandstone,Porous Sandstone / Siltstone,12.73,29.36,112.9,8.29,2842.5,552.0,9.85,10.28,5,0.3219,1,3,1,2,6.48,1.9439,NONE,LOW,0,0,0,train
DLJ-21,2590.0,Tipam Sandstone,Porous Sandstone / Siltstone,12.12,28.58,111.7,7.59,2845.6,549.2,9.75,10.08,5,0.3234,0,3,1,3,6.48,1.9531,NONE,LOW,0,0,0,train
DLJ-21,2600.0,Tipam Sandstone,Porous Sandstone / Siltstone,12.41,28.21,115.7,7.39,2829.4,529.1,9.78,10.17,5,0.3251,0,3,1,3,6.48,1.964,NONE,LOW,0,0,0,train
DLJ-21,2610.0,Tipam Sandstone,Porous Sandstone / Siltstone,12.19,29.77,113.4,8.04,2843.2,558.2,9.77,10.17,5,0.3268,0,3,1,3,6.48,1.9754,NONE,LOW,0,0,0,train
DLJ-21,2620.0,Tipam Sandstone,Porous Sandstone / Siltstone,11.47,27.95,113.0,9.14,2856.5,543.9,9.73,10.1,5,0.3286,0,3,1,3,6.48,1.9875,NONE,LOW,0,0,0,train
DLJ-21,2630.0,Tipam Sandstone,Porous Sandstone / Siltstone,11.44,29.18,113.3,8.22,2852.0,554.5,9.84,10.25,5,0.3306,0,3,1,3,6.48,2.0007,NONE,LOW,0,0,0,train
DLJ-21,2640.0,Tipam Sandstone,Porous Sandstone / Siltstone,13.61,28.14,113.1,6.79,2891.9,561.8,9.74,10.14,5,0.3327,0,3,1,3,6.48,2.0147,NONE,LOW,0,0,0,train
DLJ-21,2650.0,Tipam Sandstone,Porous Sandstone / Siltstone,12.84,27.83,112.2,7.6,2847.3,559.0,9.84,10.27,5,0.3349,0,3,1,3,6.48,2.0297,NONE,LOW,0,0,0,train
DLJ-21,2660.0,Tipam Sandstone,Porous Sandstone / Siltstone,12.06,27.87,112.9,7.5,2873.9,556.0,9.74,10.14,5,0.3373,0,3,1,3,6.48,2.0456,NONE,LOW,0,0,0,train
DLJ-21,2670.0,Tipam Sandstone,Porous Sandstone / Siltstone,12.32,28.42,106.1,8.51,2848.3,552.8,9.88,10.28,5,0.3399,0,3,1,3,6.48,2.0629,NONE,LOW,0,0,0,train
DLJ-21,2680.0,Tipam Sandstone,Porous Sandstone / Siltstone,12.13,30.38,110.8,7.5,2877.6,548.8,9.72,10.22,5,0.3427,0,3,1,3,6.48,2.0811,NONE,LOW,0,0,0,train
DLJ-21,2690.0,Tipam Sandstone,Porous Sandstone / Siltstone,12.27,30.46,102.6,8.05,2922.4,549.1,9.82,10.17,5,0.3498,0,3,1,3,6.48,2.1007,NONE,LOW,0,0,0,train
DLJ-21,2700.0,Tipam Sandstone,Porous Sandstone / Siltstone,13.37,29.25,106.6,7.66,2861.0,552.9,9.77,10.21,5,0.3573,0,3,1,3,6.48,2.1214,NONE,LOW,0,0,0,train
DLJ-21,2710.0,Tipam Sandstone,Porous Sandstone / Siltstone,12.77,27.24,104.7,8.27,2843.9,548.2,9.88,10.29,5,0.3654,0,3,1,3,6.48,2.1438,NONE,LOW,0,0,0,train
DLJ-21,2720.0,Tipam Sandstone,Porous Sandstone / Siltstone,11.89,28.77,112.0,8.53,2895.2,550.6,9.71,10.09,5,0.3741,0,3,1,3,6.48,2.1675,NONE,LOW,0,0,0,train
DLJ-21,2730.0,Tipam Sandstone,Porous Sandstone / Siltstone,12.19,29.41,111.3,6.95,2862.9,559.6,9.71,10.12,5,0.3833,0,3,1,3,6.48,2.1931,NONE,LOW,0,0,0,train
DLJ-21,2740.0,Tipam Sandstone,Porous Sandstone / Siltstone,13.91,28.93,111.5,8.2,2875.8,544.2,9.69,10.15,5,0.3932,0,3,1,3,6.48,2.2202,NONE,LOW,0,0,0,train
DLJ-21,2750.0,Tipam Sandstone,Porous Sandstone / Siltstone,12.99,29.69,106.0,8.64,2866.4,552.3,9.88,10.23,5,0.4037,0,3,1,3,6.48,2.2495,NONE,LOW,0,0,0,train
DLJ-21,2760.0,Tipam Sandstone,Porous Sandstone / Siltstone,12.69,28.07,102.0,8.27,2943.0,561.1,9.64,10.03,5,0.415,0,3,1,3,6.48,2.2806,NONE,LOW,0,0,0,train
DLJ-21,2770.0,Tipam Sandstone,Porous Sandstone / Siltstone,13.03,30.43,108.6,8.02,2900.0,554.4,9.8,10.2,5,0.4271,0,3,1,3,6.48,2.3139,NONE,LOW,0,0,0,train
DLJ-21,2780.0,Tipam Sandstone,Porous Sandstone / Siltstone,13.33,30.57,111.9,8.86,2885.3,563.0,9.79,10.21,5,0.44,0,3,1,3,6.48,2.3493,NONE,LOW,0,0,0,train
DLJ-21,2790.0,Tipam Sandstone,Porous Sandstone / Siltstone,11.78,28.33,111.7,8.2,2946.3,544.7,10.06,10.49,5,0.4271,0,3,1,3,6.48,2.3608,NONE,LOW,0,0,0,train
DLJ-21,2800.0,Barail,Coal / Shale / Sandstone Sequence,6.92,28.05,115.6,12.11,3315.0,481.6,10.69,11.1,5,0.5199,1,3,0,3,6.48,3.0186,NONE,LOW,0,0,0,train
DLJ-21,2810.0,Barail,Coal / Shale / Sandstone Sequence,6.88,29.28,106.6,10.98,3283.7,481.8,10.59,10.99,5,0.5264,1,3,0,3,6.48,3.0334,NONE,LOW,0,0,0,train
DLJ-21,2820.0,Barail,Coal / Shale / Sandstone Sequence,6.8,28.53,115.9,11.37,3294.2,483.9,10.62,10.96,5,0.5334,1,3,0,3,6.48,3.051,NONE,LOW,0,0,0,train
DLJ-21,2830.0,Barail,Coal / Shale / Sandstone Sequence,7.09,27.24,114.5,12.26,3298.3,482.3,10.54,10.97,5,0.5408,1,3,0,3,6.48,3.0708,NONE,LOW,0,0,0,train
DLJ-21,2840.0,Barail,Coal / Shale / Sandstone Sequence,7.02,28.55,108.1,11.1,3318.6,489.3,10.56,10.96,5,0.5488,1,3,0,3,6.48,3.0937,NONE,LOW,0,0,0,train
DLJ-21,2850.0,Barail,Coal / Shale / Sandstone Sequence,5.85,29.87,117.4,11.7,3302.8,486.1,10.5,10.89,5,0.5574,1,3,0,3,6.48,3.1192,NONE,LOW,0,0,0,train
DLJ-21,2860.0,Barail,Coal / Shale / Sandstone Sequence,5.92,31.13,99.8,11.9,3303.4,476.7,10.57,11.02,5,0.5665,1,3,0,3,6.48,3.1476,NONE,LOW,0,0,0,train
DLJ-21,2870.0,Barail,Coal / Shale / Sandstone Sequence,6.09,29.32,111.7,11.28,3278.2,473.1,10.54,10.98,5,0.5762,1,3,0,3,6.48,3.1791,NONE,LOW,0,0,0,train
DLJ-21,2880.0,Barail,Coal / Shale / Sandstone Sequence,6.77,29.21,107.4,12.34,3315.3,476.5,10.61,11.04,5,0.5866,1,3,0,3,6.48,3.2138,NONE,LOW,0,0,0,train
DLJ-21,2890.0,Barail,Coal / Shale / Sandstone Sequence,6.14,29.57,110.0,11.63,3374.8,482.7,10.54,10.87,5,0.5978,1,3,0,3,6.48,3.2519,NONE,LOW,0,0,0,train
DLJ-21,2900.0,Barail,Coal / Shale / Sandstone Sequence,6.52,29.65,111.0,11.49,3323.7,484.9,10.63,11.01,5,0.6097,0,3,1,3,6.48,3.2954,NONE,LOW,0,0,0,train
DLJ-21,2910.0,Barail,Coal / Shale / Sandstone Sequence,8.31,28.78,110.4,10.75,3330.4,472.5,10.52,10.91,5,0.6224,0,3,1,3,6.48,3.3434,NONE,LOW,0,0,0,train
DLJ-21,2920.0,Barail,Coal / Shale / Sandstone Sequence,6.78,30.36,102.9,12.42,3300.2,492.2,10.68,11.11,5,0.6147,0,3,1,3,6.48,3.353,NONE,LOW,0,0,0,train
DLJ-21,2930.0,Barail,Coal / Shale / Sandstone Sequence,5.99,29.9,108.1,11.51,3326.3,463.7,10.65,11.08,5,0.6122,0,3,1,3,6.48,3.3756,NONE,LOW,0,0,0,train
DLJ-21,2940.0,Barail,Coal / Shale / Sandstone Sequence,6.21,29.09,111.4,11.05,3278.6,483.3,10.59,11.01,5,0.6251,0,3,1,3,6.48,3.4315,NONE,LOW,0,0,0,train
DLJ-21,2950.0,Barail,Coal / Shale / Sandstone Sequence,5.81,29.91,104.1,10.99,3318.7,486.8,10.58,10.97,5,0.6122,0,3,1,3,6.48,3.4385,NONE,LOW,0,0,0,train
DLJ-21,2960.0,Barail,Coal / Shale / Sandstone Sequence,7.67,30.26,111.4,11.32,3325.1,462.5,10.56,10.99,5,0.6001,0,3,1,3,6.48,3.4259,NONE,LOW,0,0,0,train
DLJ-21,2970.0,Barail,Coal / Shale / Sandstone Sequence,6.39,29.72,112.9,10.72,3327.8,470.9,10.64,11.09,5,0.5888,0,3,1,3,6.48,3.4152,NONE,LOW,0,0,0,train
DLJ-21,2980.0,Barail,Coal / Shale / Sandstone Sequence,5.18,28.1,109.5,11.26,3311.9,495.6,10.67,11.08,5,0.5783,1,2,1,3,6.48,3.4114,NONE,LOW,0,0,0,train
DLJ-21,2990.0,Barail,Coal / Shale / Sandstone Sequence,6.08,30.83,108.5,11.36,3362.8,467.0,10.64,11.09,5,0.5826,1,2,1,3,6.48,3.4029,NONE,LOW,0,0,0,train
DLJ-21,3000.0,Barail,Coal / Shale / Sandstone Sequence,7.27,28.71,106.3,10.92,3356.3,480.5,10.61,11.0,5,0.5699,1,2,1,3,6.48,3.3557,NONE,LOW,0,0,0,train
DLJ-21,3010.0,Barail,Coal / Shale / Sandstone Sequence,5.74,29.98,108.1,11.16,3391.2,479.3,10.52,10.96,5,0.5826,1,2,1,3,6.48,3.3619,NONE,LOW,0,0,0,train
DLJ-21,3020.0,Barail,Coal / Shale / Sandstone Sequence,6.65,30.01,103.2,12.21,3351.6,486.0,10.56,10.93,5,0.5749,1,2,1,3,6.48,3.3295,NONE,LOW,0,0,0,train
DLJ-21,3030.0,Barail,Coal / Shale / Sandstone Sequence,5.98,31.6,111.2,11.68,3391.5,489.3,10.59,11.01,5,0.5626,1,2,1,3,6.48,3.29,NONE,LOW,0,0,0,train
DLJ-21,3040.0,Barail,Coal / Shale / Sandstone Sequence,6.08,28.96,112.9,11.59,3325.2,478.5,10.49,10.84,5,0.5512,1,2,1,3,6.48,3.2545,NONE,LOW,0,0,0,train
DLJ-21,3050.0,Barail,Coal / Shale / Sandstone Sequence,5.51,30.83,111.5,12.45,3383.7,476.6,10.6,11.02,5,0.5405,1,2,1,3,6.48,3.2221,NONE,LOW,0,0,0,train
DLJ-21,3060.0,Barail,Coal / Shale / Sandstone Sequence,5.92,30.64,101.4,11.48,3339.5,480.8,10.49,10.86,5,0.5305,1,2,1,3,6.48,3.1933,NONE,LOW,0,0,0,train
DLJ-21,3070.0,Barail,Coal / Shale / Sandstone Sequence,6.51,31.96,110.0,11.12,3361.3,469.2,10.63,11.05,5,0.5211,1,2,1,3,6.48,3.1675,NONE,LOW,0,0,0,train
DLJ-21,3080.0,Barail,Coal / Shale / Sandstone Sequence,7.98,29.57,108.9,11.21,3375.3,483.1,10.65,11.05,5,0.5123,1,2,1,3,6.48,3.1451,NONE,LOW,0,0,0,train
DLJ-21,3090.0,Barail,Coal / Shale / Sandstone Sequence,6.13,31.54,112.2,11.49,3364.6,499.4,10.69,11.06,5,0.5041,1,2,1,3,6.48,3.1254,NONE,LOW,0,0,0,train
DLJ-21,3100.0,Barail,Coal / Shale / Sandstone Sequence,6.05,32.54,113.5,11.16,3387.8,482.1,10.62,11.01,5,0.4965,1,2,1,3,6.48,3.1091,NONE,LOW,0,0,0,train
DLJ-21,3110.0,Barail,Coal / Shale / Sandstone Sequence,6.73,30.7,109.8,11.72,3383.2,480.5,10.66,11.04,5,0.4895,1,2,1,3,6.48,3.0953,NONE,LOW,0,0,0,train
DLJ-21,3120.0,Barail,Coal / Shale / Sandstone Sequence,5.87,30.99,108.7,12.38,3357.4,474.1,10.74,11.11,5,0.4853,1,2,1,3,6.48,3.0631,NONE,LOW,0,0,0,train
DLJ-21,3130.0,Barail,Coal / Shale / Sandstone Sequence,5.68,29.95,101.4,11.62,3370.0,468.1,10.63,11.06,5,0.4814,1,2,1,3,6.48,3.028,NONE,LOW,0,0,0,train
DLJ-21,3140.0,Barail,Coal / Shale / Sandstone Sequence,6.98,29.72,116.4,11.87,3359.8,472.7,10.5,10.91,5,0.4778,1,2,1,3,6.48,2.9955,NONE,LOW,0,0,0,train
DLJ-21,3150.0,Barail,Coal / Shale / Sandstone Sequence,6.4,32.13,107.0,11.55,3411.4,486.5,10.58,10.97,5,0.4744,1,2,1,3,6.48,2.9653,NONE,LOW,0,0,0,train
DLJ-21,3160.0,Barail,Coal / Shale / Sandstone Sequence,5.46,29.37,111.3,11.43,3391.9,488.3,10.58,10.94,5,0.4712,1,2,1,3,6.48,2.9375,NONE,LOW,0,0,0,train
DLJ-21,3170.0,Barail,Coal / Shale / Sandstone Sequence,6.61,29.84,115.7,11.95,3399.8,494.4,10.58,10.94,5,0.4682,1,2,1,3,6.48,2.9116,NONE,LOW,0,0,0,train
DLJ-21,3180.0,Barail,Coal / Shale / Sandstone Sequence,6.72,29.62,111.2,10.95,3412.3,488.5,10.6,11.01,5,0.4655,1,2,1,3,6.48,2.888,NONE,LOW,0,0,0,train
DLJ-21,3190.0,Barail,Coal / Shale / Sandstone Sequence,5.92,31.44,110.1,10.15,3428.6,481.1,10.45,10.83,5,0.4628,1,2,1,3,6.48,2.8658,NONE,LOW,0,0,0,train
DLJ-21,3200.0,Barail,Coal / Shale / Sandstone Sequence,6.09,29.97,111.4,12.39,3440.6,482.9,10.68,11.09,5,0.4604,1,2,1,3,6.48,2.8457,NONE,LOW,0,0,0,train
HGJ-02,1800.0,Tipam Sandstone,Porous Sandstone / Siltstone,11.75,25.97,107.1,8.16,2644.3,554.0,9.86,10.27,5,0.21,3,2,0,1,15.01,1.2552,NONE,LOW,0,0,0,train
HGJ-02,1810.0,Tipam Sandstone,Porous Sandstone / Siltstone,12.61,26.01,111.8,7.95,2693.6,552.5,9.55,9.97,5,0.21,3,2,0,1,15.01,1.2552,NONE,LOW,0,0,0,train
HGJ-02,1820.0,Tipam Sandstone,Porous Sandstone / Siltstone,12.72,24.2,100.2,7.76,2674.0,547.2,9.88,10.31,5,0.21,3,2,0,1,15.01,1.2552,NONE,LOW,0,0,0,train
HGJ-02,1830.0,Tipam Sandstone,Porous Sandstone / Siltstone,13.27,24.97,111.9,8.25,2695.0,536.3,9.81,10.2,5,0.21,3,2,0,1,15.01,1.2552,NONE,LOW,0,0,0,train
HGJ-02,1840.0,Tipam Sandstone,Porous Sandstone / Siltstone,13.43,25.65,108.8,8.38,2681.7,547.1,9.87,10.28,5,0.21,3,2,0,1,15.01,1.2552,NONE,LOW,0,0,0,train
HGJ-02,1850.0,Tipam Sandstone,Porous Sandstone / Siltstone,13.63,26.29,110.2,7.97,2676.4,549.1,9.89,10.3,5,0.21,3,2,0,1,15.01,1.2552,NONE,LOW,0,0,0,train
HGJ-02,1860.0,Tipam Sandstone,Porous Sandstone / Siltstone,13.28,24.07,108.3,8.05,2714.8,546.6,9.72,10.1,5,0.21,3,2,0,1,15.01,1.2552,NONE,LOW,0,0,0,train
HGJ-02,1870.0,Tipam Sandstone,Porous Sandstone / Siltstone,13.5,22.11,106.0,9.37,2682.3,541.2,9.76,10.15,5,0.21,3,2,0,1,15.01,1.2552,NONE,LOW,0,0,0,train
HGJ-02,1880.0,Tipam Sandstone,Porous Sandstone / Siltstone,13.01,27.73,111.6,7.73,2689.7,544.4,9.81,10.17,5,0.21,3,2,0,1,15.01,1.2554,NONE,LOW,0,0,0,train
HGJ-02,1890.0,Tipam Sandstone,Porous Sandstone / Siltstone,11.56,24.48,105.3,8.16,2642.5,524.9,9.66,10.03,5,0.21,3,2,0,1,15.01,1.2554,NONE,LOW,0,0,0,train
HGJ-02,1900.0,Tipam Sandstone,Porous Sandstone / Siltstone,12.14,27.42,107.5,8.44,2674.5,549.7,9.76,10.14,5,0.21,3,2,0,1,15.01,1.2554,NONE,LOW,0,0,0,train
HGJ-02,1910.0,Tipam Sandstone,Porous Sandstone / Siltstone,12.04,25.84,109.1,7.53,2702.3,553.4,9.8,10.18,5,0.21,3,2,0,1,15.01,1.2554,NONE,LOW,0,0,0,train
HGJ-02,1920.0,Tipam Sandstone,Porous Sandstone / Siltstone,12.45,24.64,110.3,7.69,2656.4,537.0,9.81,10.2,5,0.21,3,2,0,1,15.01,1.2554,NONE,LOW,0,0,0,train
HGJ-02,1930.0,Tipam Sandstone,Porous Sandstone / Siltstone,12.08,28.74,113.5,8.65,2702.4,564.8,9.85,10.22,5,0.21,3,2,0,1,15.01,1.2554,NONE,LOW,0,0,0,train
HGJ-02,1940.0,Tipam Sandstone,Porous Sandstone / Siltstone,12.23,26.43,110.6,8.14,2718.0,553.1,9.6,10.02,5,0.21,3,2,0,1,15.01,1.2554,NONE,LOW,0,0,0,train
HGJ-02,1950.0,Tipam Sandstone,Porous Sandstone / Siltstone,11.84,27.74,110.4,7.69,2672.0,544.8,9.72,10.1,5,0.21,3,2,0,1,15.01,1.2554,NONE,LOW,0,0,0,train
HGJ-02,1960.0,Tipam Sandstone,Porous Sandstone / Siltstone,11.6,25.61,107.6,8.55,2697.3,552.1,9.7,10.08,5,0.21,3,2,0,1,15.01,1.2554,NONE,LOW,0,0,0,train
HGJ-02,1970.0,Tipam Sandstone,Porous Sandstone / Siltstone,12.72,26.74,109.6,8.54,2692.7,556.3,9.79,10.18,5,0.21,3,2,0,1,15.01,1.2556,NONE,LOW,0,0,0,train
HGJ-02,1980.0,Tipam Sandstone,Porous Sandstone / Siltstone,12.66,26.79,112.3,8.21,2686.3,543.5,9.65,10.07,5,0.21,3,2,0,1,15.01,1.2556,NONE,LOW,0,0,0,train
HGJ-02,1990.0,Tipam Sandstone,Porous Sandstone / Siltstone,12.16,27.29,106.5,7.71,2738.4,556.9,9.83,10.22,5,0.21,3,2,0,1,15.01,1.2556,NONE,LOW,0,0,0,train
HGJ-02,2000.0,Tipam Sandstone,Porous Sandstone / Siltstone,12.59,22.71,106.4,7.97,2691.1,552.0,9.82,10.26,5,0.21,3,2,0,1,15.01,1.2556,NONE,LOW,0,0,0,train
HGJ-02,2010.0,Tipam Sandstone,Porous Sandstone / Siltstone,11.87,26.43,108.7,7.92,2695.2,567.9,9.77,10.11,5,0.21,3,2,0,1,15.01,1.2556,NONE,LOW,0,0,0,train
HGJ-02,2020.0,Tipam Sandstone,Porous Sandstone / Siltstone,12.5,25.14,113.6,8.41,2703.8,547.8,9.77,10.17,5,0.21,3,2,0,1,15.01,1.2556,NONE,LOW,0,0,0,train
HGJ-02,2030.0,Tipam Sandstone,Porous Sandstone / Siltstone,12.45,25.89,111.0,8.38,2676.7,541.6,9.79,10.14,5,0.21,3,2,0,1,15.01,1.2558,NONE,LOW,0,0,0,train
HGJ-02,2040.0,Tipam Sandstone,Porous Sandstone / Siltstone,12.65,26.77,104.3,8.89,2694.8,551.3,9.87,10.29,5,0.21,3,2,0,1,15.01,1.2558,NONE,LOW,0,0,0,train
HGJ-02,2050.0,Tipam Sandstone,Porous Sandstone / Siltstone,12.17,26.42,121.4,8.15,2752.7,559.6,9.72,10.13,5,0.21,3,2,0,1,15.01,1.2558,NONE,LOW,0,0,0,train
HGJ-02,2060.0,Tipam Sandstone,Porous Sandstone / Siltstone,13.14,24.44,116.4,8.1,2648.7,547.3,9.72,10.14,5,0.21,3,2,0,1,15.01,1.2558,NONE,LOW,0,0,0,train
HGJ-02,2070.0,Tipam Sandstone,Porous Sandstone / Siltstone,12.93,25.26,104.8,7.96,2718.3,547.2,9.78,10.22,5,0.21,3,2,0,1,15.01,1.256,NONE,LOW,0,0,0,train
HGJ-02,2080.0,Tipam Sandstone,Porous Sandstone / Siltstone,12.69,26.4,103.8,7.34,2720.3,565.8,9.73,10.15,5,0.21,3,2,0,1,15.01,1.256,NONE,LOW,0,0,0,train
HGJ-02,2090.0,Tipam Sandstone,Porous Sandstone / Siltstone,10.63,27.24,109.6,8.57,2700.5,552.8,9.66,10.09,5,0.21,3,2,0,1,15.01,1.256,NONE,LOW,0,0,0,train
HGJ-02,2100.0,Tipam Sandstone,Porous Sandstone / Siltstone,12.24,26.43,112.2,7.99,2749.3,546.3,9.76,10.12,5,0.21,3,2,0,1,15.01,1.2562,NONE,LOW,0,0,0,train
HGJ-02,2110.0,Tipam Sandstone,Porous Sandstone / Siltstone,12.14,25.76,109.7,8.03,2717.8,549.9,9.96,10.36,5,0.21,3,2,0,1,15.01,1.2562,NONE,LOW,0,0,0,train
HGJ-02,2120.0,Tipam Sandstone,Porous Sandstone / Siltstone,11.09,28.74,109.4,8.29,2695.5,546.2,9.81,10.19,5,0.21,3,2,0,1,15.01,1.2562,NONE,LOW,0,0,0,train
HGJ-02,2130.0,Tipam Sandstone,Porous Sandstone / Siltstone,12.15,27.43,107.4,7.77,2726.4,560.3,9.92,10.26,5,0.21,3,2,0,1,15.01,1.2564,NONE,LOW,0,0,0,train
HGJ-02,2140.0,Tipam Sandstone,Porous Sandstone / Siltstone,11.33,25.25,106.8,7.19,2716.6,533.9,9.69,10.06,5,0.21,3,2,0,1,15.01,1.2564,NONE,LOW,0,0,0,train
HGJ-02,2150.0,Tipam Sandstone,Porous Sandstone / Siltstone,12.74,26.82,106.0,7.23,2709.0,549.7,9.9,10.32,5,0.21,3,2,0,1,15.01,1.2566,NONE,LOW,0,0,0,train
HGJ-02,2160.0,Tipam Sandstone,Porous Sandstone / Siltstone,12.88,25.75,110.1,7.84,2735.0,566.3,9.87,10.22,5,0.21,3,2,0,1,15.01,1.2566,NONE,LOW,0,0,0,train
HGJ-02,2170.0,Tipam Sandstone,Porous Sandstone / Siltstone,13.23,24.92,107.4,7.74,2736.9,537.2,9.78,10.2,5,0.21,3,2,0,1,15.01,1.2568,NONE,LOW,0,0,0,train
HGJ-02,2180.0,Tipam Sandstone,Porous Sandstone / Siltstone,12.81,25.68,110.3,7.55,2736.7,567.2,9.85,10.26,5,0.21,3,2,0,1,15.01,1.2568,NONE,LOW,0,0,0,train
HGJ-02,2190.0,Tipam Sandstone,Porous Sandstone / Siltstone,12.61,25.14,105.2,7.48,2736.4,557.5,9.7,10.12,5,0.2101,3,2,0,1,15.01,1.2572,NONE,LOW,0,0,0,train
HGJ-02,2200.0,Tipam Sandstone,Porous Sandstone / Siltstone,11.84,26.15,111.1,7.69,2743.0,553.5,9.84,10.23,5,0.2101,3,2,0,1,15.01,1.2574,NONE,LOW,0,0,0,train
HGJ-02,2210.0,Tipam Sandstone,Porous Sandstone / Siltstone,13.46,26.63,114.7,8.28,2715.8,541.2,9.82,10.19,5,0.2101,3,2,0,1,15.01,1.2574,NONE,LOW,0,0,0,train
HGJ-02,2220.0,Tipam Sandstone,Porous Sandstone / Siltstone,12.45,27.62,115.0,8.15,2743.9,533.3,9.73,10.13,5,0.2101,3,2,0,1,15.01,1.2576,NONE,LOW,0,0,0,train
HGJ-02,2230.0,Tipam Sandstone,Porous Sandstone / Siltstone,12.61,29.45,115.0,8.39,2733.4,545.9,9.8,10.2,5,0.2101,3,2,0,1,15.01,1.2578,NONE,LOW,0,0,0,train
HGJ-02,2240.0,Tipam Sandstone,Porous Sandstone / Siltstone,12.8,27.39,105.6,8.6,2762.6,536.2,9.74,10.14,5,0.2101,3,2,0,1,15.01,1.258,NONE,LOW,0,0,0,train
HGJ-02,2250.0,Tipam Sandstone,Porous Sandstone / Siltstone,13.08,26.6,113.3,8.09,2729.6,538.7,9.82,10.26,5,0.2101,3,2,0,1,15.01,1.2582,NONE,LOW,0,0,0,train
HGJ-02,2260.0,Tipam Sandstone,Porous Sandstone / Siltstone,12.69,28.83,114.2,8.34,2742.2,563.9,9.9,10.31,5,0.2101,3,2,0,1,15.01,1.2584,NONE,LOW,0,0,0,train
HGJ-02,2270.0,Tipam Sandstone,Porous Sandstone / Siltstone,12.1,27.39,103.3,8.35,2743.7,553.0,9.77,10.15,5,0.2101,3,2,0,1,15.01,1.2586,NONE,LOW,0,0,0,train
HGJ-02,2280.0,Tipam Sandstone,Porous Sandstone / Siltstone,12.05,26.93,117.6,8.69,2778.9,549.8,9.78,10.2,5,0.2101,3,2,0,1,15.01,1.2588,NONE,LOW,0,0,0,train
HGJ-02,2290.0,Tipam Sandstone,Porous Sandstone / Siltstone,12.0,27.07,102.7,8.56,2824.1,550.6,9.89,10.23,5,0.2101,3,2,0,1,15.01,1.259,NONE,LOW,0,0,0,train
HGJ-02,2300.0,Tipam Sandstone,Porous Sandstone / Siltstone,11.96,26.4,112.5,8.13,2762.8,544.8,9.85,10.25,5,0.2101,3,2,0,1,15.01,1.2594,NONE,LOW,0,0,0,train
HGJ-02,2310.0,Tipam Sandstone,Porous Sandstone / Siltstone,11.83,26.84,111.4,7.91,2742.2,557.9,9.77,10.09,5,0.2101,3,2,0,1,15.01,1.2596,NONE,LOW,0,0,0,train
HGJ-02,2320.0,Tipam Sandstone,Porous Sandstone / Siltstone,12.13,27.46,112.2,8.56,2762.2,554.7,9.76,10.17,5,0.2101,3,2,0,1,15.01,1.26,NONE,LOW,0,0,0,train
HGJ-02,2330.0,Tipam Sandstone,Porous Sandstone / Siltstone,13.64,25.59,111.7,8.19,2789.4,546.0,9.66,10.09,5,0.2101,3,2,0,1,15.01,1.1043,NONE,LOW,0,0,0,train
HGJ-02,2340.0,Tipam Sandstone,Porous Sandstone / Siltstone,12.46,26.68,107.3,8.21,2811.9,547.3,9.68,10.1,5,0.2101,3,2,0,1,15.01,1.1118,NONE,LOW,0,0,0,train
HGJ-02,2350.0,Tipam Sandstone,Porous Sandstone / Siltstone,11.96,27.09,108.8,7.65,2798.2,551.9,9.8,10.16,5,0.2101,3,2,0,1,15.01,1.1198,NONE,LOW,0,0,0,train
HGJ-02,2360.0,Tipam Sandstone,Porous Sandstone / Siltstone,12.75,26.46,111.2,8.39,2758.2,538.7,9.67,10.12,5,0.2102,3,2,0,1,15.01,1.1283,NONE,LOW,0,0,0,train
HGJ-02,2370.0,Tipam Sandstone,Porous Sandstone / Siltstone,12.25,26.36,108.0,7.4,2814.6,543.8,9.83,10.26,5,0.2102,3,2,0,1,15.01,1.1373,NONE,LOW,0,0,0,train
HGJ-02,2380.0,Tipam Sandstone,Porous Sandstone / Siltstone,11.87,27.01,99.5,7.94,2790.7,556.6,9.77,10.11,5,0.2102,3,2,0,1,15.01,1.1469,NONE,LOW,0,0,0,train
HGJ-02,2390.0,Tipam Sandstone,Porous Sandstone / Siltstone,12.99,29.06,109.8,8.51,2760.7,555.7,9.89,10.27,5,0.2143,3,2,0,1,15.01,1.1571,NONE,LOW,0,0,0,train
HGJ-02,2400.0,Tipam Sandstone,Porous Sandstone / Siltstone,11.83,27.61,106.7,8.19,2754.8,533.0,9.67,10.11,5,0.2248,3,2,0,1,15.01,1.1682,NONE,LOW,0,0,0,train
HGJ-02,2410.0,Tipam Sandstone,Porous Sandstone / Siltstone,11.87,27.64,114.1,8.21,2806.2,558.8,9.87,10.25,5,0.236,3,2,0,1,15.01,1.18,NONE,LOW,0,0,0,train
HGJ-02,2420.0,Tipam Sandstone,Porous Sandstone / Siltstone,12.49,27.35,108.4,8.04,2805.9,541.6,9.8,10.23,5,0.248,3,2,0,1,15.01,1.1926,NONE,LOW,0,0,0,train
HGJ-02,2430.0,Tipam Sandstone,Porous Sandstone / Siltstone,12.37,27.37,111.4,6.94,2829.8,544.6,9.72,10.16,5,0.2608,3,2,0,1,15.01,1.2062,NONE,LOW,0,0,0,train
HGJ-02,2440.0,Tipam Sandstone,Porous Sandstone / Siltstone,12.47,30.06,108.9,8.62,2811.0,553.3,9.76,10.16,5,0.2505,3,2,0,1,15.01,1.1965,NONE,LOW,0,0,0,train
HGJ-02,2450.0,Tipam Sandstone,Porous Sandstone / Siltstone,12.09,26.62,107.4,8.05,2807.0,555.7,9.87,10.31,5,0.2383,3,2,0,1,15.01,1.1851,NONE,LOW,0,0,0,train
HGJ-02,2460.0,Tipam Sandstone,Porous Sandstone / Siltstone,12.06,26.12,118.1,8.15,2827.0,539.3,9.72,10.12,5,0.227,3,2,0,1,15.01,1.1746,NONE,LOW,0,0,0,train
HGJ-02,2470.0,Tipam Sandstone,Porous Sandstone / Siltstone,12.35,29.17,119.2,7.53,2791.9,543.0,9.84,10.29,5,0.2163,3,2,0,1,15.01,1.1647,NONE,LOW,0,0,0,train
HGJ-02,2480.0,Tipam Sandstone,Porous Sandstone / Siltstone,12.42,27.96,106.7,8.45,2810.5,547.9,9.88,10.3,5,0.2104,3,2,0,1,15.01,1.1558,NONE,LOW,0,0,0,train
HGJ-02,2490.0,Tipam Sandstone,Porous Sandstone / Siltstone,12.36,27.97,113.2,8.82,2837.1,556.4,9.78,10.18,5,0.2104,3,2,0,1,15.01,1.1475,NONE,LOW,0,0,0,train
HGJ-02,2500.0,Tipam Sandstone,Porous Sandstone / Siltstone,12.89,28.21,104.3,7.84,2822.9,545.9,9.74,10.19,5,0.2104,3,2,0,1,15.01,1.1398,NONE,LOW,0,0,0,train
HGJ-02,2510.0,Tipam Sandstone,Porous Sandstone / Siltstone,13.32,28.36,110.3,7.53,2827.8,550.1,9.84,10.2,5,0.2104,3,2,0,1,15.01,1.1327,NONE,LOW,0,0,0,train
HGJ-02,2520.0,Tipam Sandstone,Porous Sandstone / Siltstone,12.31,28.58,111.8,7.71,2841.7,548.5,9.76,10.07,5,0.2105,2,3,0,2,15.01,1.2873,NONE,LOW,0,0,0,train
HGJ-02,2530.0,Tipam Sandstone,Porous Sandstone / Siltstone,13.15,26.1,110.5,8.79,2813.5,550.0,9.76,10.12,5,0.2105,2,3,0,2,15.01,1.2834,NONE,LOW,0,0,0,train
HGJ-02,2540.0,Tipam Sandstone,Porous Sandstone / Siltstone,12.45,28.22,115.4,8.33,2813.1,544.8,9.93,10.35,5,0.2105,2,3,0,2,15.01,1.2816,NONE,LOW,0,0,0,train
HGJ-02,2550.0,Tipam Sandstone,Porous Sandstone / Siltstone,11.23,28.14,104.1,8.81,2841.9,542.8,9.75,10.13,5,0.2106,2,3,0,2,15.01,1.2856,NONE,LOW,0,0,0,train
HGJ-02,2560.0,Tipam Sandstone,Porous Sandstone / Siltstone,11.84,29.46,118.9,8.36,2837.7,546.5,9.65,10.02,5,0.2106,1,4,0,2,15.01,1.2901,NONE,LOW,0,0,0,train
HGJ-02,2570.0,Tipam Sandstone,Porous Sandstone / Siltstone,12.39,30.82,115.6,7.13,2825.9,544.6,9.96,10.36,5,0.2106,1,4,0,2,15.01,1.2977,NONE,LOW,0,0,0,train
HGJ-02,2580.0,Tipam Sandstone,Porous Sandstone / Siltstone,14.3,27.03,110.9,8.31,2845.0,550.9,9.8,10.16,5,0.2107,1,4,0,2,15.01,1.3056,NONE,LOW,0,0,0,train
HGJ-02,2590.0,Tipam Sandstone,Porous Sandstone / Siltstone,12.81,28.75,112.3,8.71,2870.9,550.6,9.81,10.17,5,0.2107,1,4,0,2,15.01,1.3141,NONE,LOW,0,0,0,train
HGJ-02,2600.0,Tipam Sandstone,Porous Sandstone / Siltstone,12.37,28.7,108.1,7.53,2820.3,536.8,9.75,10.14,5,0.2108,1,4,0,2,15.01,1.3232,NONE,LOW,0,0,0,train
HGJ-02,2610.0,Tipam Sandstone,Porous Sandstone / Siltstone,11.9,27.97,104.7,8.19,2871.0,545.6,9.68,10.07,5,0.2111,1,4,0,2,15.01,1.3328,NONE,LOW,0,0,0,train
HGJ-02,2620.0,Tipam Sandstone,Porous Sandstone / Siltstone,12.07,27.54,114.8,8.44,2870.0,557.4,9.84,10.18,5,0.2122,1,4,0,2,15.01,1.3431,NONE,LOW,0,0,0,train
HGJ-02,2630.0,Tipam Sandstone,Porous Sandstone / Siltstone,12.74,29.73,111.5,8.02,2850.6,552.9,9.91,10.3,5,0.2134,1,4,0,2,15.01,1.3544,NONE,LOW,0,0,0,train
HGJ-02,2640.0,Tipam Sandstone,Porous Sandstone / Siltstone,11.55,27.91,118.2,7.69,2854.0,542.9,9.87,10.28,5,0.2147,1,4,0,2,15.01,1.3662,NONE,LOW,0,0,0,train
HGJ-02,2650.0,Tipam Sandstone,Porous Sandstone / Siltstone,12.39,29.62,107.2,8.39,2883.1,558.4,9.74,10.15,5,0.216,1,4,0,2,15.01,1.379,NONE,LOW,0,0,0,train
HGJ-02,2660.0,Tipam Sandstone,Porous Sandstone / Siltstone,13.13,29.03,106.5,7.95,2900.7,563.7,10.06,10.5,5,0.2175,1,4,0,2,15.01,1.3927,NONE,LOW,0,0,0,train
HGJ-02,2670.0,Tipam Sandstone,Porous Sandstone / Siltstone,11.75,29.26,105.0,7.26,2873.5,554.2,9.86,10.29,5,0.219,1,4,0,2,15.01,1.407,NONE,LOW,0,0,0,train
HGJ-02,2680.0,Tipam Sandstone,Porous Sandstone / Siltstone,12.82,27.54,109.6,7.25,2819.9,555.9,9.84,10.22,5,0.2207,1,4,0,2,15.01,1.4226,NONE,LOW,0,0,0,train
HGJ-02,2690.0,Tipam Sandstone,Porous Sandstone / Siltstone,13.17,28.02,112.4,7.67,2826.4,551.0,9.87,10.26,5,0.2248,1,4,0,2,15.01,1.4392,NONE,LOW,0,0,0,train
HGJ-02,2700.0,Tipam Sandstone,Porous Sandstone / Siltstone,13.69,26.97,111.5,7.5,2897.7,552.4,9.76,10.18,5,0.2323,1,4,0,2,15.01,1.457,NONE,LOW,0,0,0,train
HGJ-02,2710.0,Tipam Sandstone,Porous Sandstone / Siltstone,12.04,29.95,117.1,8.24,2855.1,552.7,9.72,10.2,5,0.2404,1,4,0,2,15.01,1.4758,NONE,LOW,0,0,0,train
HGJ-02,2720.0,Tipam Sandstone,Porous Sandstone / Siltstone,13.38,27.99,109.8,8.31,2889.9,543.9,9.81,10.18,5,0.2491,1,4,0,2,15.01,1.4961,NONE,LOW,0,0,0,train
HGJ-02,2730.0,Tipam Sandstone,Porous Sandstone / Siltstone,13.21,30.73,117.2,8.07,2874.7,560.8,9.88,10.3,5,0.2583,1,4,0,2,15.01,1.5176,NONE,LOW,0,0,0,train
HGJ-02,2740.0,Tipam Sandstone,Porous Sandstone / Siltstone,11.88,29.55,109.3,7.99,2911.8,556.1,9.72,10.16,5,0.2682,1,4,0,2,15.01,1.5408,NONE,LOW,0,0,0,train
HGJ-02,2750.0,Tipam Sandstone,Porous Sandstone / Siltstone,12.65,29.83,103.9,7.67,2866.5,550.2,9.65,10.09,5,0.2787,1,4,0,2,15.01,1.5656,NONE,LOW,0,0,0,train
HGJ-02,2760.0,Tipam Sandstone,Porous Sandstone / Siltstone,12.01,29.67,112.2,8.19,2900.0,552.4,9.96,10.41,5,0.29,1,4,0,2,15.01,1.5921,NONE,LOW,0,0,0,train
HGJ-02,2770.0,Tipam Sandstone,Porous Sandstone / Siltstone,11.86,30.03,113.6,8.16,2920.8,551.5,9.89,10.29,5,0.3021,1,4,0,2,15.01,1.6204,NONE,LOW,0,0,0,train
HGJ-02,2780.0,Tipam Sandstone,Porous Sandstone / Siltstone,11.29,29.02,107.3,7.41,2930.9,554.0,9.81,10.21,5,0.315,1,4,0,2,15.01,1.6506,NONE,LOW,0,0,0,train
HGJ-02,2790.0,Tipam Sandstone,Porous Sandstone / Siltstone,12.68,30.35,106.7,8.0,2919.2,534.5,9.75,10.15,5,0.3021,1,4,0,2,15.01,1.6563,NONE,LOW,0,0,0,train
HGJ-02,2800.0,Barail,Coal / Shale / Sandstone Sequence,6.42,28.6,110.6,12.46,3291.9,482.3,10.57,11.03,5,0.3771,2,3,0,2,15.01,2.6338,NONE,LOW,0,0,0,train
HGJ-02,2810.0,Barail,Coal / Shale / Sandstone Sequence,7.59,29.25,117.1,11.88,3310.2,479.5,10.56,10.94,5,0.3811,2,3,0,2,15.01,2.6437,NONE,LOW,0,0,0,train
HGJ-02,2820.0,Barail,Coal / Shale / Sandstone Sequence,7.04,29.26,108.7,11.37,3329.8,489.8,10.61,10.99,5,0.3853,3,2,0,2,15.01,2.6587,NONE,LOW,0,0,0,train
HGJ-02,2830.0,Barail,Coal / Shale / Sandstone Sequence,6.73,31.15,114.6,10.87,3300.9,472.6,10.55,10.94,5,0.3898,3,2,0,2,15.01,2.6832,NONE,LOW,0,0,0,train
HGJ-02,2840.0,Barail,Coal / Shale / Sandstone Sequence,5.65,27.42,106.7,11.64,3325.5,483.5,10.73,11.16,5,0.3948,3,2,0,2,15.01,2.7094,NONE,LOW,0,0,0,train
HGJ-02,2850.0,Barail,Coal / Shale / Sandstone Sequence,7.21,29.03,112.9,10.84,3312.6,481.9,10.46,10.89,5,0.4033,3,2,0,2,15.01,2.7371,NONE,LOW,0,0,0,train
HGJ-02,2860.0,Barail,Coal / Shale / Sandstone Sequence,6.52,28.14,112.0,11.89,3347.2,475.7,10.47,10.9,5,0.4124,3,2,0,2,15.01,2.767,NONE,LOW,0,0,0,train
HGJ-02,2870.0,Barail,Coal / Shale / Sandstone Sequence,5.51,30.21,113.8,11.37,3287.2,487.5,10.71,11.07,5,0.4222,3,2,0,2,15.01,2.799,NONE,LOW,0,0,0,train
HGJ-02,2880.0,Barail,Coal / Shale / Sandstone Sequence,6.48,30.38,107.5,11.16,3322.5,488.1,10.59,11.05,5,0.4326,3,2,0,2,15.01,2.8332,NONE,LOW,0,0,0,train
HGJ-02,2890.0,Barail,Coal / Shale / Sandstone Sequence,6.69,28.26,114.1,11.03,3305.6,475.3,10.48,10.88,5,0.4437,3,2,0,2,15.01,2.8696,NONE,LOW,0,0,0,train
HGJ-02,2900.0,Barail,Coal / Shale / Sandstone Sequence,6.79,29.59,104.7,11.86,3323.7,489.3,10.63,11.0,5,0.4556,3,2,0,2,15.01,2.9086,NONE,LOW,0,0,0,train
HGJ-02,2910.0,Barail,Coal / Shale / Sandstone Sequence,6.48,31.2,110.6,11.4,3305.7,494.1,10.47,10.84,5,0.4683,3,2,0,2,15.01,2.9501,NONE,LOW,0,0,0,train
HGJ-02,2920.0,Barail,Coal / Shale / Sandstone Sequence,6.84,27.45,115.1,11.81,3352.5,484.5,10.54,10.94,5,0.4606,3,2,0,2,15.01,2.9521,NONE,LOW,0,0,0,train
HGJ-02,2930.0,Barail,Coal / Shale / Sandstone Sequence,6.42,28.55,111.9,11.9,3369.4,483.0,10.51,10.94,5,0.4581,3,2,0,2,15.01,2.9656,NONE,LOW,0,0,0,train
HGJ-02,2940.0,Barail,Coal / Shale / Sandstone Sequence,6.21,30.33,108.5,11.63,3308.5,472.9,10.58,11.0,5,0.471,3,2,0,2,15.01,3.0113,NONE,LOW,0,0,0,train
HGJ-02,2950.0,Barail,Coal / Shale / Sandstone Sequence,5.91,30.6,107.9,11.51,3372.9,486.5,10.67,11.09,5,0.4753,3,2,0,2,15.01,3.0067,NONE,LOW,0,0,0,train
HGJ-02,2960.0,Barail,Coal / Shale / Sandstone Sequence,6.08,28.66,107.1,11.37,3281.1,478.3,10.75,11.14,5,0.486,3,2,0,2,15.01,3.0051,NONE,LOW,0,0,0,train
HGJ-02,2970.0,Barail,Coal / Shale / Sandstone Sequence,6.71,29.16,112.4,11.86,3323.3,476.1,10.66,11.0,5,0.4974,3,2,0,2,15.01,3.0066,NONE,LOW,0,0,0,train
HGJ-02,2980.0,Barail,Coal / Shale / Sandstone Sequence,6.05,30.01,106.2,11.24,3314.4,481.4,10.51,10.93,5,0.5096,3,2,0,2,15.01,3.0115,NONE,LOW,0,0,0,train
HGJ-02,2990.0,Barail,Coal / Shale / Sandstone Sequence,6.51,28.11,107.5,11.3,3337.4,480.6,10.63,11.07,5,0.5174,3,2,0,2,15.01,3.0088,NONE,LOW,0,0,0,train
HGJ-02,3000.0,Barail,Coal / Shale / Sandstone Sequence,5.91,30.81,112.6,11.1,3371.2,478.7,10.66,11.02,5,0.5047,3,2,0,2,15.01,2.9665,NONE,LOW,0,0,0,train
HGJ-02,3010.0,Barail,Coal / Shale / Sandstone Sequence,6.63,29.77,109.9,11.14,3367.8,479.7,10.64,11.04,5,0.5174,3,2,0,2,15.01,2.9763,NONE,LOW,0,0,0,train
HGJ-02,3020.0,Barail,Coal / Shale / Sandstone Sequence,5.81,29.01,101.2,11.78,3324.7,481.1,10.63,11.04,5,0.5096,3,2,0,2,15.01,2.9464,NONE,LOW,0,0,0,train
HGJ-02,3030.0,Barail,Coal / Shale / Sandstone Sequence,5.78,30.04,116.7,12.36,3382.2,482.7,10.65,11.02,5,0.4974,3,2,0,2,15.01,2.9089,NONE,LOW,0,0,0,train
HGJ-02,3040.0,Barail,Coal / Shale / Sandstone Sequence,6.41,30.83,107.5,11.41,3364.1,482.0,10.66,11.07,5,0.486,3,2,0,2,15.01,2.874,NONE,LOW,0,0,0,train
HGJ-02,3050.0,Barail,Coal / Shale / Sandstone Sequence,5.69,32.15,120.0,11.72,3329.4,473.8,10.55,10.97,5,0.4753,3,2,0,2,15.01,2.8417,NONE,LOW,0,0,0,train
HGJ-02,3060.0,Barail,Coal / Shale / Sandstone Sequence,5.77,30.09,110.8,11.93,3356.4,467.5,10.71,11.13,5,0.4653,3,2,0,2,15.01,2.8117,NONE,LOW,0,0,0,train
HGJ-02,3070.0,Barail,Coal / Shale / Sandstone Sequence,6.45,30.77,108.1,11.08,3393.2,483.1,10.69,11.1,5,0.4559,3,2,0,2,15.01,2.7838,NONE,LOW,0,0,0,train
HGJ-02,3080.0,Barail,Coal / Shale / Sandstone Sequence,5.87,29.66,110.6,11.22,3389.6,478.5,10.72,11.09,5,0.4471,3,2,0,2,15.01,2.758,NONE,LOW,0,0,0,train
HGJ-02,3090.0,Barail,Coal / Shale / Sandstone Sequence,6.6,31.48,111.6,11.73,3380.5,478.5,10.61,10.98,5,0.4389,3,2,0,2,15.01,2.7345,NONE,LOW,0,0,0,train
HGJ-02,3100.0,Barail,Coal / Shale / Sandstone Sequence,6.3,32.43,115.4,11.82,3384.5,479.3,10.62,10.99,5,0.4313,3,2,0,2,15.01,2.7129,NONE,LOW,0,0,0,train
HGJ-02,3110.0,Barail,Coal / Shale / Sandstone Sequence,6.56,30.72,111.9,11.96,3360.2,474.5,10.58,11.03,5,0.4241,3,2,0,2,15.01,2.693,NONE,LOW,0,0,0,train
HGJ-02,3120.0,Barail,Coal / Shale / Sandstone Sequence,6.27,30.35,109.6,11.52,3391.8,500.3,10.66,11.07,5,0.4174,3,2,0,2,15.01,2.6748,NONE,LOW,0,0,0,train
HGJ-02,3130.0,Barail,Coal / Shale / Sandstone Sequence,5.49,29.94,114.9,11.7,3272.8,485.4,10.65,11.11,5,0.4111,3,2,0,2,15.01,2.6584,NONE,LOW,0,0,0,train
HGJ-02,3140.0,Barail,Coal / Shale / Sandstone Sequence,7.41,27.23,113.8,11.5,3326.3,483.6,10.44,10.87,5,0.4052,3,2,0,2,15.01,2.6433,NONE,LOW,0,0,0,train
HGJ-02,3150.0,Barail,Coal / Shale / Sandstone Sequence,6.85,30.11,102.6,11.85,3431.2,489.0,10.63,10.97,5,0.3997,3,2,0,2,15.01,2.6298,NONE,LOW,0,0,0,train
HGJ-02,3160.0,Barail,Coal / Shale / Sandstone Sequence,5.99,28.73,110.2,11.7,3354.2,486.2,10.48,10.9,5,0.3946,3,2,0,2,15.01,2.618,NONE,LOW,0,0,0,train
HGJ-02,3170.0,Barail,Coal / Shale / Sandstone Sequence,6.4,28.34,108.7,11.5,3396.7,483.0,10.56,10.96,5,0.3898,3,2,0,2,15.01,2.6075,NONE,LOW,0,0,0,train
HGJ-02,3180.0,Barail,Coal / Shale / Sandstone Sequence,6.67,31.92,109.6,11.66,3390.3,474.8,10.58,10.99,5,0.3853,3,2,0,2,15.01,2.5983,NONE,LOW,0,0,0,train
HGJ-02,3190.0,Barail,Coal / Shale / Sandstone Sequence,6.73,30.79,108.8,11.34,3384.8,466.8,10.56,10.97,5,0.3811,3,2,0,2,15.01,2.5904,NONE,LOW,0,0,0,train
HGJ-02,3200.0,Barail,Coal / Shale / Sandstone Sequence,7.01,30.16,117.6,11.31,3378.1,472.1,10.62,10.97,5,0.3771,3,2,0,2,15.01,2.5835,NONE,LOW,0,0,0,train
HGJ-02,3210.0,Barail,Coal / Shale / Sandstone Sequence,7.32,31.56,106.4,12.41,3393.7,477.8,10.72,11.17,5,0.3735,3,2,0,2,15.01,2.5785,NONE,LOW,0,0,0,train
HGJ-02,3220.0,Barail,Coal / Shale / Sandstone Sequence,7.82,31.18,108.4,11.19,3358.8,477.8,10.65,11.09,5,0.37,3,2,0,2,15.01,2.5741,NONE,LOW,0,0,0,train
HGJ-02,3230.0,Barail,Coal / Shale / Sandstone Sequence,6.51,29.73,110.9,12.01,3418.3,481.3,10.65,11.02,5,0.3668,3,2,0,2,15.01,2.5711,NONE,LOW,0,0,0,train
HGJ-02,3240.0,Barail,Coal / Shale / Sandstone Sequence,4.62,31.42,120.3,10.75,3404.0,479.9,10.67,11.06,5,0.3638,3,2,0,2,15.01,2.5695,NONE,LOW,0,0,0,train
HGJ-02,3250.0,Barail,Coal / Shale / Sandstone Sequence,6.78,31.18,113.2,11.51,3492.0,481.2,10.68,11.09,5,0.361,3,2,0,2,15.01,2.5688,NONE,LOW,0,0,0,train
HGJ-02,3260.0,Barail,Coal / Shale / Sandstone Sequence,6.17,32.42,104.7,10.42,3415.8,491.0,10.46,10.86,5,0.3583,3,2,0,2,15.01,2.5694,NONE,LOW,0,0,0,train
HGJ-02,3270.0,Barail,Coal / Shale / Sandstone Sequence,5.38,31.62,112.6,10.61,3445.9,486.1,10.57,11.01,5,0.3558,3,2,0,2,15.01,2.5711,NONE,LOW,0,0,0,train
HGJ-02,3280.0,Barail,Coal / Shale / Sandstone Sequence,6.89,31.74,113.5,10.59,3382.5,474.1,10.65,11.04,5,0.3596,3,2,0,2,15.01,2.5739,NONE,LOW,0,0,0,train
HGJ-02,3290.0,Barail,Coal / Shale / Sandstone Sequence,6.69,32.5,114.6,11.06,3428.5,473.2,10.63,11.03,5,0.3647,3,2,0,2,15.01,2.2968,NONE,LOW,0,0,0,train
HGJ-02,3300.0,Barail,Coal / Shale / Sandstone Sequence,4.45,34.09,112.3,11.2,3473.2,477.2,10.63,11.03,5,0.3702,3,2,0,2,15.01,2.3076,NONE,LOW,0,0,0,train
HGJ-02,3310.0,Barail,Coal / Shale / Sandstone Sequence,7.49,31.11,110.6,12.1,3442.1,479.6,10.56,10.99,5,0.3761,3,2,0,2,15.01,2.3202,NONE,LOW,0,0,0,train
HGJ-02,3320.0,Barail,Coal / Shale / Sandstone Sequence,6.69,31.42,110.7,12.16,3415.0,477.8,10.8,11.16,5,0.3824,3,2,0,2,15.01,2.3342,NONE,LOW,0,0,0,train
HGJ-02,3330.0,Barail,Coal / Shale / Sandstone Sequence,6.19,31.25,117.1,11.77,3409.7,474.2,10.51,10.95,5,0.3891,3,2,0,2,15.01,2.3499,NONE,LOW,0,0,0,train
HGJ-02,3340.0,Barail,Coal / Shale / Sandstone Sequence,6.52,30.83,114.5,11.0,3444.8,498.2,10.69,11.1,5,0.3967,4,1,0,1,15.01,2.3677,NONE,LOW,0,0,0,train
HGJ-02,3350.0,Barail,Coal / Shale / Sandstone Sequence,6.75,30.84,104.4,11.85,3465.4,477.5,10.54,10.93,5,0.4056,4,1,0,1,15.01,2.3888,NONE,LOW,0,0,0,train
HGJ-02,3360.0,Barail,Coal / Shale / Sandstone Sequence,6.41,30.77,106.0,12.45,3451.7,484.6,10.52,10.95,5,0.4152,4,1,0,1,15.01,2.4121,NONE,LOW,0,0,0,train
HGJ-02,3370.0,Barail,Coal / Shale / Sandstone Sequence,6.25,31.81,108.9,11.72,3451.0,476.9,10.66,11.02,5,0.4254,4,1,0,1,15.01,2.4372,NONE,LOW,0,0,0,train
HGJ-02,3380.0,Barail,Coal / Shale / Sandstone Sequence,6.38,29.25,112.0,11.98,3508.2,476.9,10.61,11.0,5,0.4363,4,1,0,1,15.01,2.4642,NONE,LOW,0,0,0,train
HGJ-02,3390.0,Barail,Coal / Shale / Sandstone Sequence,6.63,31.8,106.8,11.41,3398.0,487.4,10.51,10.89,5,0.448,4,1,0,1,15.01,2.4936,NONE,LOW,0,0,0,train
HGJ-02,3400.0,Barail,Coal / Shale / Sandstone Sequence,5.64,30.9,108.9,11.49,3462.0,491.5,10.6,11.02,5,0.4604,4,1,0,1,15.01,2.5252,NONE,LOW,0,0,0,train
HGJ-02,3410.0,Barail,Coal / Shale / Sandstone Sequence,7.37,32.32,109.9,12.0,3479.3,485.2,10.68,11.03,5,0.4624,4,1,0,1,15.01,2.546,NONE,LOW,0,0,0,train
HGJ-02,3420.0,Barail,Coal / Shale / Sandstone Sequence,6.34,32.62,109.9,12.07,3487.9,489.6,10.53,10.97,5,0.4746,4,1,0,1,15.01,2.5561,NONE,LOW,0,0,0,train
HGJ-02,3430.0,Barail,Coal / Shale / Sandstone Sequence,6.79,30.99,103.4,11.36,3490.6,483.7,10.52,10.98,5,0.4824,4,1,0,1,15.01,2.5635,NONE,LOW,0,0,0,train
HGJ-02,3440.0,Barail,Coal / Shale / Sandstone Sequence,7.97,31.97,110.1,10.86,3487.8,476.0,10.61,10.99,5,0.4696,4,1,0,1,15.01,2.5253,NONE,LOW,0,0,0,train
HGJ-02,3450.0,Barail,Coal / Shale / Sandstone Sequence,7.19,33.16,108.6,11.47,3461.0,486.3,10.7,11.15,5,0.4577,4,1,0,1,15.01,2.4895,NONE,LOW,0,0,0,train
HGJ-02,3460.0,Barail,Coal / Shale / Sandstone Sequence,7.68,32.92,109.1,11.91,3507.6,496.0,10.63,11.07,5,0.4466,4,1,0,1,15.01,2.4561,NONE,LOW,0,0,0,train
HGJ-02,3470.0,Barail,Coal / Shale / Sandstone Sequence,6.37,32.57,116.7,11.72,3478.9,480.4,10.6,10.99,5,0.4362,4,1,0,1,15.01,2.4251,NONE,LOW,0,0,0,train
HGJ-02,3480.0,Barail,Coal / Shale / Sandstone Sequence,6.58,33.98,109.0,11.53,3448.4,485.7,10.59,11.03,5,0.4264,4,1,0,1,15.01,2.3958,NONE,LOW,0,0,0,train
HGJ-02,3490.0,Barail,Coal / Shale / Sandstone Sequence,6.62,32.65,109.4,11.76,3480.3,480.5,10.73,11.13,5,0.4173,4,1,0,1,15.01,2.3685,NONE,LOW,0,0,0,train
HGJ-02,3500.0,Barail,Coal / Shale / Sandstone Sequence,6.32,31.71,116.8,12.86,3444.9,469.9,10.64,11.01,5,0.4088,4,1,0,1,15.01,2.343,NONE,LOW,0,0,0,train
HGJ-02,3510.0,Barail,Coal / Shale / Sandstone Sequence,7.04,32.75,110.7,11.76,3460.2,478.0,10.59,10.99,5,0.4008,4,1,0,1,15.01,2.319,NONE,LOW,0,0,0,train
HGJ-02,3520.0,Barail,Coal / Shale / Sandstone Sequence,5.8,30.73,113.1,11.62,3495.3,465.3,10.47,10.83,5,0.3933,4,1,0,1,15.01,2.2966,NONE,LOW,0,0,0,train
HGJ-02,3530.0,Barail,Coal / Shale / Sandstone Sequence,4.83,33.59,102.7,11.92,3460.3,488.4,10.65,11.15,5,0.3863,4,1,0,1,15.01,2.2757,NONE,LOW,0,0,0,train
HGJ-02,3540.0,Barail,Coal / Shale / Sandstone Sequence,6.92,29.99,111.7,11.4,3488.2,472.7,10.42,10.84,5,0.3798,4,1,0,1,15.01,2.2562,NONE,LOW,0,0,0,train
HGJ-02,3550.0,Barail,Coal / Shale / Sandstone Sequence,7.24,31.71,104.4,12.3,3485.8,495.3,10.48,10.92,5,0.3737,4,1,0,1,15.01,2.2379,NONE,LOW,0,0,0,train
HGJ-02,3560.0,Barail,Coal / Shale / Sandstone Sequence,6.45,32.39,116.1,11.72,3494.4,478.4,10.54,10.93,5,0.368,4,1,0,1,15.01,2.2207,NONE,LOW,0,0,0,train
HGJ-02,3570.0,Barail,Coal / Shale / Sandstone Sequence,6.5,31.81,107.7,11.22,3457.4,474.0,10.7,11.15,5,0.3626,4,1,0,1,15.01,2.2046,NONE,LOW,0,0,0,train
HGJ-02,3580.0,Barail,Coal / Shale / Sandstone Sequence,6.92,29.35,112.3,11.42,3483.0,481.4,10.58,10.97,5,0.3576,4,1,0,1,15.01,2.1897,NONE,LOW,0,0,0,train
HGJ-02,3590.0,Barail,Coal / Shale / Sandstone Sequence,7.05,32.65,108.7,11.02,3460.8,481.8,10.43,10.88,5,0.3529,4,1,0,1,15.01,2.1756,NONE,LOW,0,0,0,train
HGJ-02,3600.0,Kopili,Overpressured Fissile Shale,4.17,32.67,109.8,10.43,3715.2,396.1,12.22,12.63,5,0.2744,3,2,0,1,15.01,1.2674,NONE,LOW,0,0,0,train
HGJ-02,3610.0,Kopili,Overpressured Fissile Shale,4.15,32.21,111.6,9.18,3720.1,426.1,12.12,12.52,5,0.2702,3,2,0,1,15.01,1.255,NONE,LOW,0,0,0,train
HGJ-02,3620.0,Kopili,Overpressured Fissile Shale,4.41,33.71,104.0,10.53,3700.9,419.2,12.13,12.48,5,0.2664,3,2,0,1,15.01,1.2437,NONE,LOW,0,0,0,train
HGJ-02,3630.0,Kopili,Overpressured Fissile Shale,5.37,30.92,112.0,10.04,3691.4,426.8,12.19,12.52,5,0.2627,3,2,0,1,15.01,1.2329,NONE,LOW,0,0,0,train
HGJ-02,3640.0,Kopili,Overpressured Fissile Shale,5.97,34.29,111.6,9.85,3694.1,417.6,12.23,12.64,5,0.2593,3,2,0,1,15.01,1.2229,NONE,LOW,0,0,0,train
HGJ-02,3650.0,Kopili,Overpressured Fissile Shale,5.45,35.16,109.8,9.33,3678.9,426.2,12.14,12.53,5,0.2561,3,2,0,1,15.01,1.2135,NONE,LOW,0,0,0,train
HGJ-02,3660.0,Kopili,Overpressured Fissile Shale,4.68,33.64,109.4,9.63,3705.0,410.4,12.27,12.73,5,0.2532,3,2,0,1,15.01,1.2047,NONE,LOW,0,0,0,train
HGJ-02,3670.0,Kopili,Overpressured Fissile Shale,5.39,32.04,105.8,9.88,3745.0,415.8,12.19,12.57,5,0.2504,3,2,0,1,15.01,1.1964,NONE,LOW,0,0,0,train
HGJ-02,3680.0,Kopili,Overpressured Fissile Shale,5.3,34.69,111.4,10.32,3738.0,410.8,12.21,12.58,5,0.2478,3,2,0,1,15.01,1.1889,NONE,LOW,0,0,0,train
HGJ-02,3690.0,Kopili,Overpressured Fissile Shale,4.2,33.71,111.2,10.04,3657.7,436.4,12.11,12.49,5,0.2453,3,2,0,1,15.01,1.1815,NONE,LOW,0,0,0,train
HGJ-02,3700.0,Sylhet Limestone,Fractured Vugular Limestone,3.13,31.83,101.2,9.18,3597.5,391.4,11.96,12.32,5,0.2431,3,2,0,1,15.01,1.1749,NONE,LOW,0,0,0,train
HGJ-02,3710.0,Sylhet Limestone,Fractured Vugular Limestone,4.43,35.01,107.3,9.11,3595.3,397.3,11.86,12.25,5,0.2409,3,2,0,1,15.01,1.1684,NONE,LOW,0,0,0,train
HGJ-02,3720.0,Sylhet Limestone,Fractured Vugular Limestone,4.61,34.07,106.6,9.5,3628.9,397.4,11.84,12.22,5,0.2389,3,2,0,1,15.01,1.1625,NONE,LOW,0,0,0,train
HGJ-02,3730.0,Sylhet Limestone,Fractured Vugular Limestone,5.05,33.29,110.7,8.87,3693.6,410.4,11.76,12.13,5,0.2371,3,2,0,1,15.01,1.1571,NONE,LOW,0,0,0,train
HGJ-02,3740.0,Sylhet Limestone,Fractured Vugular Limestone,3.87,33.14,107.2,9.22,3671.3,389.5,11.78,12.14,5,0.2353,3,2,0,1,15.01,1.1519,NONE,LOW,0,0,0,train
HGJ-02,3750.0,Sylhet Limestone,Fractured Vugular Limestone,3.74,35.4,114.0,9.47,3630.9,397.7,11.76,12.12,5,0.2337,3,2,0,1,15.01,1.1472,NONE,LOW,0,0,0,train
HGJ-02,3760.0,Sylhet Limestone,Fractured Vugular Limestone,4.29,34.58,109.2,8.93,3644.3,407.1,11.86,12.22,5,0.2322,3,2,0,1,15.01,1.1427,NONE,LOW,0,0,0,train
HGJ-02,3770.0,Sylhet Limestone,Fractured Vugular Limestone,3.99,31.81,101.7,8.93,3678.7,413.4,11.86,12.27,5,0.2307,3,2,0,1,15.01,1.2988,NONE,LOW,0,0,0,train
HGJ-02,3780.0,Sylhet Limestone,Fractured Vugular Limestone,2.38,34.26,108.2,8.74,3278.1,317.4,11.96,12.4,5,0.2294,3,2,0,1,15.01,1.2959,MUD_LOSS,CRITICAL,1,0,0,train
HGJ-02,3790.0,Sylhet Limestone,Fractured Vugular Limestone,2.11,31.74,109.2,9.88,3280.7,299.1,11.75,12.14,5,0.2281,3,2,0,1,15.01,1.2932,KICK,HIGH,1,0,1,train
HGJ-02,3800.0,Sylhet Limestone,Fractured Vugular Limestone,2.17,33.29,108.1,9.81,3338.0,322.1,11.82,12.14,5,0.227,3,2,0,1,15.01,1.2909,KICK,HIGH,1,0,1,train
HGJ-02,3810.0,Sylhet Limestone,Fractured Vugular Limestone,2.89,32.86,105.2,9.86,3904.3,446.2,11.91,12.31,5,0.2259,3,2,0,1,15.01,1.2886,KICK,HIGH,0,0,1,train
HGJ-02,3820.0,Sylhet Limestone,Fractured Vugular Limestone,4.51,30.95,108.5,9.5,3618.7,401.8,11.8,12.2,5,0.2249,3,2,0,1,15.01,1.2864,NONE,LOW,0,0,0,train
HGJ-02,3830.0,Sylhet Limestone,Fractured Vugular Limestone,3.86,33.11,113.4,8.34,3652.0,396.4,11.94,12.33,5,0.2239,3,2,0,1,15.01,1.2844,NONE,LOW,0,0,0,train
HGJ-02,3840.0,Sylhet Limestone,Fractured Vugular Limestone,4.33,32.46,110.5,9.75,3639.2,401.2,11.87,12.26,5,0.223,3,2,0,1,15.01,1.2824,NONE,LOW,0,0,0,train
HGJ-02,3850.0,Sylhet Limestone,Fractured Vugular Limestone,3.02,35.09,106.9,9.51,3647.0,395.0,11.79,12.23,5,0.2222,3,2,0,1,15.01,1.2808,NONE,LOW,0,0,0,train
HGJ-02,3860.0,Sylhet Limestone,Fractured Vugular Limestone,4.13,34.35,108.8,9.0,3648.5,407.2,11.88,12.26,5,0.2214,3,2,0,1,15.01,1.279,NONE,LOW,0,0,0,train
HGJ-02,3870.0,Sylhet Limestone,Fractured Vugular Limestone,3.81,33.5,113.0,9.01,3660.1,399.8,11.92,12.35,5,0.2206,3,2,0,1,15.01,1.2775,NONE,LOW,0,0,0,train
HGJ-02,3880.0,Sylhet Limestone,Fractured Vugular Limestone,3.92,33.53,113.5,8.95,3715.2,398.7,11.75,12.14,5,0.22,3,2,0,1,15.01,1.276,NONE,LOW,0,0,0,train
HGJ-02,3890.0,Sylhet Limestone,Fractured Vugular Limestone,3.21,32.32,107.9,9.57,3671.7,396.1,11.79,12.22,5,0.2193,3,2,0,1,15.01,1.2747,NONE,LOW,0,0,0,train
HGJ-02,3900.0,Sylhet Limestone,Fractured Vugular Limestone,4.75,32.58,108.0,9.91,3681.0,397.9,11.92,12.35,5,0.2187,3,2,0,1,15.01,1.2735,NONE,LOW,0,0,0,train
HGJ-02,3910.0,Sylhet Limestone,Fractured Vugular Limestone,3.66,33.9,113.7,8.42,3677.8,391.1,11.88,12.25,5,0.2182,3,2,0,1,15.01,1.2722,NONE,LOW,0,0,0,train
NHK-07,1800.0,Tipam Sandstone,Porous Sandstone / Siltstone,12.79,24.81,107.4,8.03,2621.3,553.4,9.75,10.19,5,0.3332,4,1,1,1,13.46,2.2684,NONE,LOW,0,0,0,test
NHK-07,1810.0,Tipam Sandstone,Porous Sandstone / Siltstone,12.38,25.69,101.9,8.27,2730.0,549.0,9.79,10.19,5,0.3332,4,1,1,1,13.46,2.2684,NONE,LOW,0,0,0,test
NHK-07,1820.0,Tipam Sandstone,Porous Sandstone / Siltstone,13.49,26.45,101.4,8.28,2719.3,555.0,9.86,10.22,5,0.3332,4,1,1,1,13.46,2.2684,NONE,LOW,0,0,0,test
NHK-07,1830.0,Tipam Sandstone,Porous Sandstone / Siltstone,11.73,26.8,106.2,8.04,2636.1,545.6,9.82,10.27,5,0.3332,4,1,1,1,13.46,2.2684,NONE,LOW,0,0,0,test
NHK-07,1840.0,Tipam Sandstone,Porous Sandstone / Siltstone,12.16,23.99,102.5,7.37,2662.8,557.8,9.81,10.19,5,0.3332,4,1,1,1,13.46,2.2684,NONE,LOW,0,0,0,test
NHK-07,1850.0,Tipam Sandstone,Porous Sandstone / Siltstone,12.07,25.11,105.7,8.5,2714.9,535.9,9.93,10.32,5,0.3333,4,1,1,1,13.46,2.2686,NONE,LOW,0,0,0,test
NHK-07,1860.0,Tipam Sandstone,Porous Sandstone / Siltstone,11.63,26.12,114.9,8.04,2678.8,564.1,9.9,10.36,5,0.3333,4,1,1,1,13.46,2.2686,NONE,LOW,0,0,0,test
NHK-07,1870.0,Tipam Sandstone,Porous Sandstone / Siltstone,12.18,24.38,113.9,7.31,2661.2,550.8,9.8,10.18,5,0.3333,4,1,1,1,13.46,2.2686,NONE,LOW,0,0,0,test
NHK-07,1880.0,Tipam Sandstone,Porous Sandstone / Siltstone,14.04,25.37,108.3,8.51,2676.0,561.5,9.82,10.23,5,0.3333,4,1,1,1,13.46,2.2686,NONE,LOW,0,0,0,test
NHK-07,1890.0,Tipam Sandstone,Porous Sandstone / Siltstone,11.43,23.62,102.7,8.19,2638.4,560.0,9.78,10.18,5,0.3333,4,1,1,1,13.46,2.2686,NONE,LOW,0,0,0,test
NHK-07,1900.0,Tipam Sandstone,Porous Sandstone / Siltstone,11.99,26.35,106.8,7.51,2704.7,552.8,9.78,10.17,5,0.3333,4,1,1,1,13.46,2.2686,NONE,LOW,0,0,0,test
NHK-07,1910.0,Tipam Sandstone,Porous Sandstone / Siltstone,12.51,26.1,106.7,9.04,2663.0,562.4,9.85,10.25,5,0.3333,4,1,1,1,13.46,2.2686,NONE,LOW,0,0,0,test
NHK-07,1920.0,Tipam Sandstone,Porous Sandstone / Siltstone,12.94,27.06,106.6,8.54,2726.2,547.9,9.86,10.27,5,0.3334,4,1,1,1,13.46,2.2688,NONE,LOW,0,0,0,test
NHK-07,1930.0,Tipam Sandstone,Porous Sandstone / Siltstone,12.29,27.77,106.0,7.53,2722.8,555.0,9.76,10.22,5,0.3334,4,1,1,1,13.46,2.2688,NONE,LOW,0,0,0,test
NHK-07,1940.0,Tipam Sandstone,Porous Sandstone / Siltstone,12.58,24.97,110.6,7.11,2702.1,552.6,9.76,10.16,5,0.3334,4,1,1,1,13.46,2.2688,NONE,LOW,0,0,0,test
NHK-07,1950.0,Tipam Sandstone,Porous Sandstone / Siltstone,11.96,26.67,105.3,8.26,2739.4,561.9,9.77,10.12,5,0.3334,4,1,1,1,13.46,2.2688,NONE,LOW,0,0,0,test
NHK-07,1960.0,Tipam Sandstone,Porous Sandstone / Siltstone,12.75,25.76,104.4,8.19,2689.7,565.3,9.76,10.15,5,0.3334,4,1,1,1,13.46,2.2688,NONE,LOW,0,0,0,test
NHK-07,1970.0,Tipam Sandstone,Porous Sandstone / Siltstone,11.74,24.65,112.9,8.54,2668.6,550.2,9.89,10.25,5,0.3335,4,1,1,1,13.46,2.269,NONE,LOW,0,0,0,test
NHK-07,1980.0,Tipam Sandstone,Porous Sandstone / Siltstone,13.0,25.4,109.0,7.44,2678.8,564.1,9.79,10.19,5,0.3335,4,1,1,1,13.46,2.269,NONE,LOW,0,0,0,test
NHK-07,1990.0,Tipam Sandstone,Porous Sandstone / Siltstone,12.31,24.04,105.9,8.68,2693.9,565.1,9.72,10.12,5,0.3335,4,1,1,1,13.46,2.269,NONE,LOW,0,0,0,test
NHK-07,2000.0,Tipam Sandstone,Porous Sandstone / Siltstone,12.88,22.79,110.8,7.98,2737.2,557.7,9.8,10.16,5,0.3335,4,1,1,1,13.46,2.269,NONE,LOW,0,0,0,test
NHK-07,2010.0,Tipam Sandstone,Porous Sandstone / Siltstone,12.34,24.95,110.8,7.9,2741.0,552.7,9.9,10.31,5,0.3336,4,1,1,1,13.46,2.2692,NONE,LOW,0,0,0,test
NHK-07,2020.0,Tipam Sandstone,Porous Sandstone / Siltstone,13.16,27.02,115.7,8.3,2709.2,559.9,9.87,10.27,5,0.3336,4,1,1,1,13.46,2.2692,NONE,LOW,0,0,0,test
NHK-07,2030.0,Tipam Sandstone,Porous Sandstone / Siltstone,13.53,28.07,110.0,7.77,2744.1,556.4,9.8,10.21,5,0.3336,4,1,1,1,13.46,2.2692,NONE,LOW,0,0,0,test
NHK-07,2040.0,Tipam Sandstone,Porous Sandstone / Siltstone,12.7,26.13,107.3,8.06,2716.6,547.0,9.77,10.2,5,0.3337,4,1,1,1,13.46,2.2694,NONE,LOW,0,0,0,test
NHK-07,2050.0,Tipam Sandstone,Porous Sandstone / Siltstone,13.08,25.87,113.0,8.04,2681.6,555.4,9.9,10.31,5,0.3337,4,1,1,1,13.46,2.2694,NONE,LOW,0,0,0,test
NHK-07,2060.0,Tipam Sandstone,Porous Sandstone / Siltstone,13.37,27.09,111.0,8.08,2689.9,536.1,10.01,10.38,5,0.3338,4,1,1,1,13.46,2.2696,NONE,LOW,0,0,0,test
NHK-07,2070.0,Tipam Sandstone,Porous Sandstone / Siltstone,11.24,25.63,109.0,7.89,2701.0,547.3,9.8,10.25,5,0.3338,4,1,1,1,13.46,2.2696,NONE,LOW,0,0,0,test
NHK-07,2080.0,Tipam Sandstone,Porous Sandstone / Siltstone,12.16,26.24,109.9,7.62,2700.8,558.1,9.85,10.24,5,0.3339,4,1,1,1,13.46,2.2698,NONE,LOW,0,0,0,test
NHK-07,2090.0,Tipam Sandstone,Porous Sandstone / Siltstone,12.47,26.5,102.1,7.98,2744.2,553.6,9.71,10.18,5,0.3339,4,1,1,1,13.46,2.2698,NONE,LOW,0,0,0,test
NHK-07,2100.0,Tipam Sandstone,Porous Sandstone / Siltstone,13.37,29.76,113.0,8.08,2749.3,545.5,9.9,10.3,5,0.334,4,1,1,1,13.46,2.27,NONE,LOW,0,0,0,test
NHK-07,2110.0,Tipam Sandstone,Porous Sandstone / Siltstone,12.74,25.66,107.3,8.21,2724.1,534.6,9.75,10.1,5,0.334,4,1,1,1,13.46,2.27,NONE,LOW,0,0,0,test
NHK-07,2120.0,Tipam Sandstone,Porous Sandstone / Siltstone,11.97,26.98,110.9,8.53,2748.8,558.6,9.71,10.13,5,0.3341,4,1,1,1,13.46,2.2702,NONE,LOW,0,0,0,test
NHK-07,2130.0,Tipam Sandstone,Porous Sandstone / Siltstone,13.16,27.62,111.5,8.64,2673.9,547.7,9.82,10.21,5,0.3342,4,1,1,1,13.46,2.2704,NONE,LOW,0,0,0,test
NHK-07,2140.0,Tipam Sandstone,Porous Sandstone / Siltstone,13.44,24.82,115.6,7.41,2706.5,548.1,9.89,10.28,5,0.3343,4,1,1,1,13.46,2.2706,NONE,LOW,0,0,0,test
NHK-07,2150.0,Tipam Sandstone,Porous Sandstone / Siltstone,12.89,27.42,114.2,7.78,2736.5,549.8,9.68,10.13,5,0.3343,4,1,1,1,13.46,2.2706,NONE,LOW,0,0,0,test
NHK-07,2160.0,Tipam Sandstone,Porous Sandstone / Siltstone,11.93,26.65,105.7,7.87,2736.8,544.7,9.57,9.98,5,0.3344,4,1,1,1,13.46,2.2708,NONE,LOW,0,0,0,test
NHK-07,2170.0,Tipam Sandstone,Porous Sandstone / Siltstone,12.36,26.14,109.3,8.0,2699.0,553.7,9.85,10.24,5,0.3345,4,1,1,1,13.46,2.2711,NONE,LOW,0,0,0,test
NHK-07,2180.0,Tipam Sandstone,Porous Sandstone / Siltstone,12.85,28.12,106.0,7.81,2713.9,544.4,9.9,10.34,5,0.3346,4,1,1,1,13.46,2.2713,NONE,LOW,0,0,0,test
NHK-07,2190.0,Tipam Sandstone,Porous Sandstone / Siltstone,11.81,26.21,109.7,8.29,2703.5,537.2,9.92,10.33,5,0.3347,4,1,1,1,13.46,2.2716,NONE,LOW,0,0,0,test
NHK-07,2200.0,Tipam Sandstone,Porous Sandstone / Siltstone,12.23,26.99,111.7,7.93,2740.9,556.8,9.64,10.05,5,0.3348,4,1,1,1,13.46,2.2718,NONE,LOW,0,0,0,test
NHK-07,2210.0,Tipam Sandstone,Porous Sandstone / Siltstone,12.52,27.3,116.9,8.39,2782.9,545.1,9.75,10.13,5,0.3349,4,1,1,1,13.46,2.272,NONE,LOW,0,0,0,test
NHK-07,2220.0,Tipam Sandstone,Porous Sandstone / Siltstone,12.41,25.67,115.1,8.44,2747.4,555.1,9.78,10.19,5,0.3351,4,1,1,1,13.46,2.2724,NONE,LOW,0,0,0,test
NHK-07,2230.0,Tipam Sandstone,Porous Sandstone / Siltstone,11.69,26.75,109.8,8.31,2741.8,530.0,9.86,10.23,5,0.3352,4,1,1,1,13.46,2.2726,NONE,LOW,0,0,0,test
NHK-07,2240.0,Tipam Sandstone,Porous Sandstone / Siltstone,12.54,28.98,112.3,8.04,2759.2,558.8,9.8,10.18,5,0.3354,4,1,1,1,13.46,2.273,NONE,LOW,0,0,0,test
NHK-07,2250.0,Tipam Sandstone,Porous Sandstone / Siltstone,11.85,28.7,111.6,7.65,2759.6,554.1,9.79,10.18,5,0.3355,4,1,1,1,13.46,2.2732,NONE,LOW,0,0,0,test
NHK-07,2260.0,Tipam Sandstone,Porous Sandstone / Siltstone,12.11,27.45,108.6,7.77,2731.6,550.6,9.76,10.15,5,0.3357,4,1,1,1,13.46,2.2736,NONE,LOW,0,0,0,test
NHK-07,2270.0,Tipam Sandstone,Porous Sandstone / Siltstone,12.62,27.98,112.8,8.28,2761.5,545.5,9.77,10.14,5,0.3359,4,1,1,1,13.46,2.274,NONE,LOW,0,0,0,test
NHK-07,2280.0,Tipam Sandstone,Porous Sandstone / Siltstone,12.51,26.18,110.4,7.52,2728.5,556.6,9.75,10.14,5,0.336,4,1,0,1,8.93,2.0375,NONE,LOW,0,0,0,test
NHK-07,2290.0,Tipam Sandstone,Porous Sandstone / Siltstone,11.84,27.67,115.5,7.8,2767.1,558.6,9.73,10.08,5,0.3363,4,1,0,1,8.93,2.0432,NONE,LOW,0,0,0,test
NHK-07,2300.0,Tipam Sandstone,Porous Sandstone / Siltstone,13.97,23.95,109.6,7.64,2768.4,546.7,9.96,10.38,5,0.3365,4,1,0,1,8.93,2.049,NONE,LOW,0,0,0,test
NHK-07,2310.0,Tipam Sandstone,Porous Sandstone / Siltstone,11.95,27.03,112.1,7.41,2736.3,565.9,9.79,10.17,5,0.3367,4,1,0,1,8.93,2.0551,NONE,LOW,0,0,0,test
NHK-07,2320.0,Tipam Sandstone,Porous Sandstone / Siltstone,12.26,27.94,117.1,8.29,2742.0,538.9,9.79,10.18,5,0.337,4,1,0,1,8.93,2.0619,NONE,LOW,0,0,0,test
NHK-07,2330.0,Tipam Sandstone,Porous Sandstone / Siltstone,11.47,28.3,105.7,8.75,2828.0,548.0,9.78,10.19,5,0.3372,4,1,0,1,8.93,2.0689,NONE,LOW,0,0,0,test
NHK-07,2340.0,Tipam Sandstone,Porous Sandstone / Siltstone,12.87,26.76,105.7,7.86,2773.4,547.4,9.7,10.13,5,0.3375,4,1,0,1,8.93,2.0766,NONE,LOW,0,0,0,test
NHK-07,2350.0,Tipam Sandstone,Porous Sandstone / Siltstone,13.54,25.81,116.5,7.49,2787.5,546.1,9.74,10.13,5,0.3378,4,1,0,1,8.93,2.0848,NONE,LOW,0,0,0,test
NHK-07,2360.0,Tipam Sandstone,Porous Sandstone / Siltstone,13.4,28.87,108.4,8.09,2770.4,542.1,9.86,10.23,5,0.3381,4,1,0,1,8.93,2.0934,NONE,LOW,0,0,0,test
NHK-07,2370.0,Tipam Sandstone,Porous Sandstone / Siltstone,12.65,25.19,109.8,8.76,2820.5,545.3,9.76,10.12,5,0.3385,4,1,0,1,8.93,2.1028,NONE,LOW,0,0,0,test
NHK-07,2380.0,Tipam Sandstone,Porous Sandstone / Siltstone,11.11,28.85,109.1,8.92,2751.8,557.3,9.84,10.23,5,0.3389,4,1,0,1,8.93,2.1128,NONE,LOW,0,0,0,test
NHK-07,2390.0,Tipam Sandstone,Porous Sandstone / Siltstone,11.68,28.27,112.7,8.89,2822.7,545.2,9.77,10.14,5,0.3392,4,1,0,1,8.93,2.1232,NONE,LOW,0,0,0,test
NHK-07,2400.0,Tipam Sandstone,Porous Sandstone / Siltstone,13.38,26.67,115.9,8.26,2808.2,547.5,9.69,10.11,5,0.3397,4,1,0,1,8.93,2.1347,NONE,LOW,0,0,0,test
NHK-07,2410.0,Tipam Sandstone,Porous Sandstone / Siltstone,12.28,28.48,109.4,7.6,2817.5,549.5,9.8,10.21,5,0.3441,4,1,0,1,8.93,2.1468,NONE,LOW,0,0,0,test
NHK-07,2420.0,Tipam Sandstone,Porous Sandstone / Siltstone,11.77,29.76,116.2,8.44,2795.3,547.6,9.76,10.21,5,0.3561,4,1,0,1,8.93,2.1598,NONE,LOW,0,0,0,test
NHK-07,2430.0,Tipam Sandstone,Porous Sandstone / Siltstone,12.12,29.97,109.8,8.88,2772.5,554.1,9.77,10.23,5,0.3689,4,1,0,1,8.93,2.1737,NONE,LOW,0,0,0,test
NHK-07,2440.0,Tipam Sandstone,Porous Sandstone / Siltstone,12.34,26.36,114.3,7.61,2807.6,540.1,9.8,10.25,5,0.3586,4,1,0,1,8.93,2.1646,NONE,LOW,0,0,0,test
NHK-07,2450.0,Tipam Sandstone,Porous Sandstone / Siltstone,12.48,26.42,116.1,7.82,2784.9,535.9,9.89,10.27,5,0.3465,4,1,0,1,8.93,2.1537,NONE,LOW,0,0,0,test
NHK-07,2460.0,Tipam Sandstone,Porous Sandstone / Siltstone,12.13,28.73,108.5,8.18,2796.9,550.5,9.68,10.14,5,0.3429,4,1,0,1,8.93,2.1436,NONE,LOW,0,0,0,test
NHK-07,2470.0,Tipam Sandstone,Porous Sandstone / Siltstone,12.73,26.0,116.1,7.76,2843.8,549.0,9.77,10.19,5,0.3436,4,1,0,1,8.93,2.1344,NONE,LOW,0,0,0,test
NHK-07,2480.0,Tipam Sandstone,Porous Sandstone / Siltstone,12.23,29.23,107.0,8.39,2810.2,552.8,9.85,10.24,5,0.3443,4,1,0,1,8.93,2.1259,NONE,LOW,0,0,0,test
NHK-07,2490.0,Tipam Sandstone,Porous Sandstone / Siltstone,11.86,28.26,110.2,7.73,2821.1,551.1,9.8,10.19,5,0.3451,4,1,0,1,8.93,2.1182,NONE,LOW,0,0,0,test
NHK-07,2500.0,Tipam Sandstone,Porous Sandstone / Siltstone,11.9,30.81,114.2,8.14,2854.3,534.2,9.79,10.11,5,0.3459,4,1,0,1,8.93,2.1112,NONE,LOW,0,0,0,test
NHK-07,2510.0,Tipam Sandstone,Porous Sandstone / Siltstone,11.67,27.76,110.8,8.46,2799.0,553.2,9.77,10.17,5,0.3468,4,1,0,1,8.93,2.1049,NONE,LOW,0,0,0,test
NHK-07,2520.0,Tipam Sandstone,Porous Sandstone / Siltstone,12.19,29.74,109.6,8.89,2810.2,555.9,9.83,10.23,5,0.3477,4,1,0,1,8.93,2.0991,NONE,LOW,0,0,0,test
NHK-07,2530.0,Tipam Sandstone,Porous Sandstone / Siltstone,12.88,27.76,99.4,6.47,2864.3,559.8,9.77,10.23,5,0.3488,4,1,0,1,8.93,2.0943,NONE,LOW,0,0,0,test
NHK-07,2540.0,Tipam Sandstone,Porous Sandstone / Siltstone,11.72,27.66,110.0,7.5,2876.2,567.9,9.8,10.21,5,0.3498,4,1,0,1,8.93,2.0896,NONE,LOW,0,0,0,test
NHK-07,2550.0,Tipam Sandstone,Porous Sandstone / Siltstone,11.72,30.06,110.3,7.86,2849.5,545.3,9.8,10.2,5,0.351,4,1,0,1,8.93,2.086,NONE,LOW,0,0,0,test
NHK-07,2560.0,Tipam Sandstone,Porous Sandstone / Siltstone,13.15,28.11,114.6,7.9,2836.6,540.3,9.68,10.11,5,0.3522,4,1,0,1,8.93,2.0826,NONE,LOW,0,0,0,test
NHK-07,2570.0,Tipam Sandstone,Porous Sandstone / Siltstone,12.21,28.28,110.5,7.15,2836.7,556.4,9.73,10.12,5,0.3535,4,1,0,1,8.93,2.0799,NONE,LOW,0,0,0,test
NHK-07,2580.0,Tipam Sandstone,Porous Sandstone / Siltstone,12.6,28.17,105.9,7.98,2869.9,541.6,9.78,10.17,5,0.355,4,1,0,1,8.93,2.0778,NONE,LOW,0,0,0,test
NHK-07,2590.0,Tipam Sandstone,Porous Sandstone / Siltstone,13.06,28.25,106.6,8.05,2817.4,541.7,9.69,10.05,5,0.3565,3,1,0,2,13.46,2.081,NONE,LOW,0,0,0,test
NHK-07,2600.0,Tipam Sandstone,Porous Sandstone / Siltstone,13.31,27.52,111.9,7.58,2869.0,541.8,9.71,10.12,5,0.3581,3,1,0,2,13.46,2.0855,NONE,LOW,0,0,0,test
NHK-07,2610.0,Tipam Sandstone,Porous Sandstone / Siltstone,13.9,29.2,107.6,8.34,2906.0,537.0,9.8,10.18,5,0.3598,3,1,0,2,13.46,2.0905,NONE,LOW,0,0,0,test
NHK-07,2620.0,Tipam Sandstone,Porous Sandstone / Siltstone,12.25,28.08,104.8,8.7,2819.4,548.4,9.78,10.21,5,0.3616,3,1,0,2,13.46,2.0956,NONE,LOW,0,0,0,test
NHK-07,2630.0,Tipam Sandstone,Porous Sandstone / Siltstone,11.91,26.9,109.1,7.62,2862.6,538.8,9.8,10.22,5,0.3636,3,1,0,2,13.46,2.1012,NONE,LOW,0,0,0,test
NHK-07,2640.0,Tipam Sandstone,Porous Sandstone / Siltstone,12.61,30.29,108.2,7.64,2846.3,548.5,9.81,10.21,5,0.3657,3,1,0,2,13.46,2.1071,NONE,LOW,0,0,0,test
NHK-07,2650.0,Tipam Sandstone,Porous Sandstone / Siltstone,11.29,27.93,111.4,8.07,2892.5,565.6,9.73,10.16,5,0.368,3,1,0,2,13.46,2.1136,NONE,LOW,0,0,0,test
NHK-07,2660.0,Tipam Sandstone,Porous Sandstone / Siltstone,12.96,30.69,117.4,8.48,2882.7,548.4,9.91,10.31,5,0.3704,3,1,0,2,13.46,2.1205,NONE,LOW,0,0,0,test
NHK-07,2670.0,Tipam Sandstone,Porous Sandstone / Siltstone,12.87,27.82,109.2,6.82,2910.6,548.2,9.77,10.19,5,0.3729,3,1,0,2,13.46,2.1277,NONE,LOW,0,0,0,test
NHK-07,2680.0,Tipam Sandstone,Porous Sandstone / Siltstone,12.68,30.45,105.0,9.2,2897.2,551.7,9.92,10.36,5,0.3757,3,1,0,2,13.46,2.1356,NONE,LOW,0,0,0,test
NHK-07,2690.0,Tipam Sandstone,Porous Sandstone / Siltstone,12.33,30.49,102.5,8.28,2885.8,565.8,9.71,10.06,5,0.3786,3,1,0,2,13.46,2.1439,NONE,LOW,0,0,0,test
NHK-07,2700.0,Tipam Sandstone,Porous Sandstone / Siltstone,12.16,28.26,105.1,7.46,2885.1,541.1,9.93,10.35,5,0.3818,3,1,0,2,13.46,2.1529,NONE,LOW,0,0,0,test
NHK-07,2710.0,Tipam Sandstone,Porous Sandstone / Siltstone,11.77,28.21,111.3,7.86,2878.4,555.6,9.75,10.18,5,0.3851,3,1,0,2,13.46,2.1623,NONE,LOW,0,0,0,test
NHK-07,2720.0,Tipam Sandstone,Porous Sandstone / Siltstone,11.87,28.97,111.9,7.27,2857.7,544.2,9.78,10.17,5,0.3887,3,1,0,2,13.46,2.1725,NONE,LOW,0,0,0,test
NHK-07,2730.0,Tipam Sandstone,Porous Sandstone / Siltstone,12.92,26.99,103.7,7.83,2878.1,538.4,9.74,10.12,5,0.3925,3,1,0,2,13.46,2.1833,NONE,LOW,0,0,0,test
NHK-07,2740.0,Tipam Sandstone,Porous Sandstone / Siltstone,12.26,29.14,107.4,8.74,2897.2,543.5,9.77,10.17,5,0.3966,3,1,0,2,13.46,2.195,NONE,LOW,0,0,0,test
NHK-07,2750.0,Tipam Sandstone,Porous Sandstone / Siltstone,13.23,28.28,113.1,8.02,2924.8,560.3,9.81,10.22,5,0.401,2,2,0,2,13.46,2.2166,NONE,LOW,0,0,0,test
NHK-07,2760.0,Tipam Sandstone,Porous Sandstone / Siltstone,12.8,28.82,116.7,8.04,2879.9,546.3,9.78,10.14,5,0.4057,2,2,0,2,13.46,2.241,NONE,LOW,0,0,0,test
NHK-07,2770.0,Tipam Sandstone,Porous Sandstone / Siltstone,12.01,30.4,104.8,8.06,2921.3,532.8,9.84,10.31,5,0.4107,2,2,0,2,13.46,2.2672,NONE,LOW,0,0,0,test
NHK-07,2780.0,Tipam Sandstone,Porous Sandstone / Siltstone,12.58,29.81,112.9,8.14,2919.9,554.2,9.77,10.22,5,0.416,2,2,0,2,13.46,2.295,NONE,LOW,0,0,0,test
NHK-07,2790.0,Tipam Sandstone,Porous Sandstone / Siltstone,13.68,30.24,102.8,9.31,2883.1,562.0,9.84,10.24,5,0.4218,2,2,0,2,13.46,2.2982,NONE,LOW,0,0,0,test
NHK-07,2800.0,Barail,Coal / Shale / Sandstone Sequence,6.09,29.95,109.0,12.29,3311.0,487.5,10.68,11.02,5,0.5529,3,1,0,2,13.46,3.1587,NONE,LOW,0,0,0,test
NHK-07,2810.0,Barail,Coal / Shale / Sandstone Sequence,6.75,29.51,113.8,11.32,3303.7,489.4,10.59,10.92,5,0.5594,3,1,0,2,13.46,3.1773,NONE,LOW,0,0,0,test
NHK-07,2820.0,Barail,Coal / Shale / Sandstone Sequence,6.3,28.19,111.3,12.11,3331.0,478.9,10.65,11.07,5,0.5664,3,1,0,2,13.46,3.1972,NONE,LOW,0,0,0,test
NHK-07,2830.0,Barail,Coal / Shale / Sandstone Sequence,6.45,28.49,107.5,11.92,3306.4,471.6,10.67,11.02,5,0.5739,3,1,0,2,13.46,3.2184,NONE,LOW,0,0,0,test
NHK-07,2840.0,Barail,Coal / Shale / Sandstone Sequence,6.17,29.76,115.0,10.85,3308.9,478.6,10.67,11.08,5,0.5818,3,1,0,2,13.46,3.241,NONE,LOW,0,0,0,test
NHK-07,2850.0,Barail,Coal / Shale / Sandstone Sequence,5.7,30.08,114.1,11.41,3309.1,483.3,10.7,11.11,5,0.5904,3,1,0,2,13.46,3.2653,NONE,LOW,0,0,0,test
NHK-07,2860.0,Barail,Coal / Shale / Sandstone Sequence,6.84,28.26,114.0,12.08,3319.7,468.0,10.65,11.04,5,0.5995,3,1,0,2,13.46,3.2912,NONE,LOW,0,0,0,test
NHK-07,2870.0,Barail,Coal / Shale / Sandstone Sequence,5.81,29.05,104.4,11.8,3321.6,466.8,10.62,11.03,5,0.6092,3,1,0,2,13.46,3.3187,NONE,LOW,0,0,0,test
NHK-07,2880.0,Barail,Coal / Shale / Sandstone Sequence,6.81,29.05,106.8,11.11,3306.5,480.2,10.6,11.0,5,0.6197,3,1,0,2,13.46,3.3485,NONE,LOW,0,0,0,test
NHK-07,2890.0,Barail,Coal / Shale / Sandstone Sequence,6.25,29.14,120.0,11.11,3308.6,506.4,10.58,11.0,5,0.6308,3,1,0,2,13.46,3.3801,NONE,LOW,0,0,0,test
NHK-07,2900.0,Barail,Coal / Shale / Sandstone Sequence,7.01,28.51,113.6,11.39,3314.0,492.9,10.49,10.91,5,0.6427,3,1,0,2,13.46,3.4139,NONE,LOW,0,0,0,test
NHK-07,2910.0,Barail,Coal / Shale / Sandstone Sequence,6.76,29.11,112.4,12.1,3330.9,494.4,10.68,11.1,5,0.6554,3,1,0,2,13.46,3.45,NONE,LOW,0,0,0,test
NHK-07,2920.0,Barail,Coal / Shale / Sandstone Sequence,6.65,29.84,105.0,11.45,3335.5,476.7,10.62,11.03,5,0.6477,3,1,0,2,13.46,3.4461,NONE,LOW,0,0,0,test
NHK-07,2930.0,Barail,Coal / Shale / Sandstone Sequence,6.96,30.52,110.7,10.82,3377.3,478.9,10.6,11.0,5,0.6452,3,1,0,2,13.46,3.4532,NONE,LOW,0,0,0,test
NHK-07,2940.0,Barail,Coal / Shale / Sandstone Sequence,6.21,31.61,115.5,11.72,3332.3,485.0,10.57,10.97,5,0.6581,3,1,0,2,13.46,3.4921,NONE,LOW,0,0,0,test
NHK-07,2950.0,Barail,Coal / Shale / Sandstone Sequence,6.7,29.27,111.0,11.6,3352.6,475.0,10.58,11.01,5,0.6452,3,1,0,2,13.46,3.4803,NONE,LOW,0,0,0,test
NHK-07,2960.0,Barail,Coal / Shale / Sandstone Sequence,6.16,29.21,105.7,12.01,3315.8,474.4,10.53,10.97,5,0.6331,3,1,0,2,13.46,3.447,NONE,LOW,0,0,0,test
NHK-07,2970.0,Barail,Coal / Shale / Sandstone Sequence,6.39,28.67,113.3,11.92,3361.0,484.3,10.55,10.96,5,0.6218,3,1,0,2,13.46,3.4136,NONE,LOW,0,0,0,test
NHK-07,2980.0,Barail,Coal / Shale / Sandstone Sequence,2.7,31.47,97.8,15.31,3346.0,477.6,10.56,10.92,5,0.6113,3,1,0,2,13.46,3.3827,TORQUE_SPIKE,MEDIUM,0,0,0,test
NHK-07,2990.0,Barail,Coal / Shale / Sandstone Sequence,2.53,28.08,85.8,15.76,3325.6,485.2,10.52,10.92,5,0.6014,3,1,0,2,13.46,3.3538,TORQUE_SPIKE,MEDIUM,0,0,0,test
NHK-07,3000.0,Barail,Coal / Shale / Sandstone Sequence,2.96,28.48,88.2,14.77,3373.0,477.3,10.54,10.97,5,0.5922,3,1,0,2,13.46,3.3269,STUCK_PIPE,HIGH,0,1,0,test
NHK-07,3010.0,Barail,Coal / Shale / Sandstone Sequence,3.24,32.04,87.7,16.63,3345.3,488.8,10.63,11.0,5,0.5835,3,1,0,2,13.46,3.302,STUCK_PIPE,HIGH,0,1,0,test
NHK-07,3020.0,Barail,Coal / Shale / Sandstone Sequence,3.05,28.51,94.7,17.24,3342.5,472.2,10.51,10.9,5,0.5754,3,1,0,2,13.46,3.279,STUCK_PIPE,HIGH,0,1,0,test
NHK-07,3030.0,Barail,Coal / Shale / Sandstone Sequence,6.32,32.13,107.1,12.2,3331.5,480.6,10.61,11.04,5,0.5678,3,1,0,2,13.46,3.2576,NONE,LOW,0,0,0,test
NHK-07,3040.0,Barail,Coal / Shale / Sandstone Sequence,6.25,30.83,111.7,11.23,3375.4,494.9,10.69,11.1,5,0.5608,3,1,0,2,13.46,3.2381,NONE,LOW,0,0,0,test
NHK-07,3050.0,Barail,Coal / Shale / Sandstone Sequence,6.9,28.45,111.8,10.99,3347.8,497.3,10.65,11.04,5,0.5541,3,1,0,2,13.46,3.2198,NONE,LOW,0,0,0,test
NHK-07,3060.0,Barail,Coal / Shale / Sandstone Sequence,7.19,29.1,108.2,12.12,3366.1,467.5,10.54,10.96,5,0.548,3,1,0,2,13.46,3.2034,NONE,LOW,0,0,0,test
NHK-07,3070.0,Barail,Coal / Shale / Sandstone Sequence,7.42,29.55,114.2,12.39,3346.2,478.5,10.57,10.98,5,0.5422,3,1,0,2,13.46,3.188,NONE,LOW,0,0,0,test
NHK-07,3080.0,Barail,Coal / Shale / Sandstone Sequence,6.66,30.05,109.0,11.52,3371.8,481.3,10.53,10.91,5,0.5367,3,1,0,2,13.46,3.174,NONE,LOW,0,0,0,test
NHK-07,3090.0,Barail,Coal / Shale / Sandstone Sequence,6.43,30.31,108.2,11.66,3327.1,474.2,10.56,10.95,5,0.5317,3,1,0,2,13.46,3.1614,NONE,LOW,0,0,0,test
NHK-07,3100.0,Barail,Coal / Shale / Sandstone Sequence,7.48,30.42,110.7,11.26,3374.6,470.3,10.53,10.93,5,0.5269,3,1,0,2,13.46,3.1499,NONE,LOW,0,0,0,test
NHK-07,3110.0,Barail,Coal / Shale / Sandstone Sequence,6.33,27.37,105.5,12.23,3398.3,490.6,10.53,10.97,5,0.5225,3,1,0,2,13.46,3.1397,NONE,LOW,0,0,0,test
NHK-07,3120.0,Barail,Coal / Shale / Sandstone Sequence,6.23,29.24,114.6,11.53,3442.4,477.1,10.65,11.11,5,0.5183,3,1,0,2,13.46,3.1304,NONE,LOW,0,0,0,test
NHK-07,3130.0,Barail,Coal / Shale / Sandstone Sequence,7.3,32.56,105.9,11.26,3356.7,470.2,10.59,11.01,5,0.5144,3,1,0,2,13.46,3.1222,NONE,LOW,0,0,0,test
NHK-07,3140.0,Barail,Coal / Shale / Sandstone Sequence,6.53,31.23,102.6,12.14,3376.3,484.3,10.58,11.0,5,0.5108,3,1,0,2,13.46,3.1152,NONE,LOW,0,0,0,test
NHK-07,3150.0,Barail,Coal / Shale / Sandstone Sequence,6.44,28.05,110.2,11.6,3361.6,481.2,10.71,11.1,5,0.5074,3,1,0,2,13.46,3.109,NONE,LOW,0,0,0,test
NHK-07,3160.0,Barail,Coal / Shale / Sandstone Sequence,6.9,29.96,108.4,11.27,3420.9,479.7,10.49,10.89,5,0.5042,3,1,0,2,13.46,3.104,NONE,LOW,0,0,0,test
NHK-07,3170.0,Barail,Coal / Shale / Sandstone Sequence,6.78,32.3,112.6,11.84,3407.7,469.0,10.56,10.94,5,0.5012,3,1,0,2,13.46,3.0997,NONE,LOW,0,0,0,test
NHK-07,3180.0,Barail,Coal / Shale / Sandstone Sequence,6.06,29.44,102.5,10.83,3388.6,479.4,10.58,10.96,5,0.4985,3,1,0,2,13.46,3.0967,NONE,LOW,0,0,0,test
NHK-07,3190.0,Barail,Coal / Shale / Sandstone Sequence,6.24,32.07,109.4,11.85,3402.6,468.8,10.61,11.0,5,0.4959,3,1,0,2,13.46,3.0944,NONE,LOW,0,0,0,test
NHK-07,3200.0,Barail,Coal / Shale / Sandstone Sequence,6.44,29.91,111.5,10.83,3400.4,484.6,10.5,10.93,5,0.4934,3,1,0,2,13.46,3.0929,NONE,LOW,0,0,0,test
NHR-04,1800.0,Tipam Sandstone,Porous Sandstone / Siltstone,12.51,25.42,116.2,7.26,2627.2,572.4,9.74,10.13,5,0.232,2,2,2,2,999.0,1.5824,NONE,LOW,0,0,0,train
NHR-04,1810.0,Tipam Sandstone,Porous Sandstone / Siltstone,12.15,21.92,111.0,8.4,2629.7,546.2,9.65,10.08,5,0.232,2,2,2,2,999.0,1.5824,NONE,LOW,0,0,0,train
NHR-04,1820.0,Tipam Sandstone,Porous Sandstone / Siltstone,11.71,25.01,107.0,7.85,2623.4,551.7,9.66,10.06,5,0.232,2,2,2,2,999.0,1.5824,NONE,LOW,0,0,0,train
NHR-04,1830.0,Tipam Sandstone,Porous Sandstone / Siltstone,12.62,25.57,104.2,8.25,2649.2,548.7,9.84,10.28,5,0.232,2,2,2,2,999.0,1.5824,NONE,LOW,0,0,0,train
NHR-04,1840.0,Tipam Sandstone,Porous Sandstone / Siltstone,13.31,27.09,113.0,7.51,2605.3,558.6,9.74,10.15,5,0.232,2,2,2,2,999.0,1.5826,NONE,LOW,0,0,0,train
NHR-04,1850.0,Tipam Sandstone,Porous Sandstone / Siltstone,13.2,24.37,108.3,8.26,2634.7,549.1,9.74,10.17,5,0.232,2,2,2,2,999.0,1.5826,NONE,LOW,0,0,0,train
NHR-04,1860.0,Tipam Sandstone,Porous Sandstone / Siltstone,13.25,26.8,110.0,6.83,2637.4,556.1,9.82,10.17,5,0.232,2,2,2,2,999.0,1.5826,NONE,LOW,0,0,0,train
NHR-04,1870.0,Tipam Sandstone,Porous Sandstone / Siltstone,12.7,27.24,107.7,7.68,2666.2,552.8,9.77,10.17,5,0.232,2,2,2,2,999.0,1.5827,NONE,LOW,0,0,0,train
NHR-04,1880.0,Tipam Sandstone,Porous Sandstone / Siltstone,12.02,25.66,111.8,7.8,2691.0,551.2,9.88,10.31,5,0.232,2,2,2,2,999.0,1.5827,NONE,LOW,0,0,0,train
NHR-04,1890.0,Tipam Sandstone,Porous Sandstone / Siltstone,12.73,24.8,107.5,8.61,2688.4,541.8,9.82,10.22,5,0.232,2,2,2,2,999.0,1.5827,NONE,LOW,0,0,0,train
NHR-04,1900.0,Tipam Sandstone,Porous Sandstone / Siltstone,12.16,26.75,109.5,8.06,2599.6,546.9,9.61,10.02,5,0.232,2,2,2,2,999.0,1.5827,NONE,LOW,0,0,0,train
NHR-04,1910.0,Tipam Sandstone,Porous Sandstone / Siltstone,13.08,25.39,109.3,7.33,2672.4,539.9,9.84,10.18,5,0.232,2,2,2,2,999.0,1.5831,NONE,LOW,0,0,0,train
NHR-04,1920.0,Tipam Sandstone,Porous Sandstone / Siltstone,13.41,25.36,110.9,7.74,2635.2,557.5,9.71,10.05,5,0.232,2,2,2,2,999.0,1.5831,NONE,LOW,0,0,0,train
NHR-04,1930.0,Tipam Sandstone,Porous Sandstone / Siltstone,12.47,26.0,107.1,7.08,2662.5,544.0,9.76,10.13,5,0.232,2,2,2,2,999.0,1.5831,NONE,LOW,0,0,0,train
NHR-04,1940.0,Tipam Sandstone,Porous Sandstone / Siltstone,11.77,26.12,110.6,8.48,2681.7,556.3,9.88,10.27,5,0.232,2,2,2,2,999.0,1.5831,NONE,LOW,0,0,0,train
NHR-04,1950.0,Tipam Sandstone,Porous Sandstone / Siltstone,11.6,22.63,111.5,8.22,2699.4,545.8,9.83,10.28,5,0.232,2,2,2,2,999.0,1.5831,NONE,LOW,0,0,0,train
NHR-04,1960.0,Tipam Sandstone,Porous Sandstone / Siltstone,12.75,26.55,116.9,7.84,2673.7,538.0,9.76,10.21,5,0.232,2,2,2,2,999.0,1.5833,NONE,LOW,0,0,0,train
NHR-04,1970.0,Tipam Sandstone,Porous Sandstone / Siltstone,12.77,29.62,111.3,7.35,2687.6,542.2,9.83,10.22,5,0.232,2,2,2,2,999.0,1.5833,NONE,LOW,0,0,0,train
NHR-04,1980.0,Tipam Sandstone,Porous Sandstone / Siltstone,12.15,24.25,116.4,8.15,2689.4,556.1,9.77,10.18,5,0.232,2,2,2,2,999.0,1.5833,NONE,LOW,0,0,0,train
NHR-04,1990.0,Tipam Sandstone,Porous Sandstone / Siltstone,12.91,26.12,112.7,8.38,2701.6,548.2,9.82,10.27,5,0.232,2,2,2,2,999.0,1.5835,NONE,LOW,0,0,0,train
NHR-04,2000.0,Tipam Sandstone,Porous Sandstone / Siltstone,12.73,26.5,107.6,7.6,2691.2,546.1,9.76,10.12,5,0.232,2,2,2,2,999.0,1.5837,NONE,LOW,0,0,0,train
NHR-04,2010.0,Tipam Sandstone,Porous Sandstone / Siltstone,12.66,27.56,112.2,6.7,2718.5,545.5,9.75,10.16,5,0.232,2,2,2,2,999.0,1.5837,NONE,LOW,0,0,0,train
NHR-04,2020.0,Tipam Sandstone,Porous Sandstone / Siltstone,12.38,25.96,109.9,8.67,2704.5,558.7,9.8,10.23,5,0.232,2,2,2,2,999.0,1.5837,NONE,LOW,0,0,0,train
NHR-04,2030.0,Tipam Sandstone,Porous Sandstone / Siltstone,11.43,27.46,108.2,8.36,2683.2,540.5,9.85,10.31,5,0.232,2,2,2,2,999.0,1.5839,NONE,LOW,0,0,0,train
NHR-04,2040.0,Tipam Sandstone,Porous Sandstone / Siltstone,13.19,26.3,108.3,7.98,2677.5,549.9,9.72,10.09,5,0.232,2,2,2,2,999.0,1.5842,NONE,LOW,0,0,0,train
NHR-04,2050.0,Tipam Sandstone,Porous Sandstone / Siltstone,13.06,26.51,104.1,8.43,2712.3,545.7,9.77,10.19,5,0.232,2,2,2,2,999.0,1.5842,NONE,LOW,0,0,0,train
NHR-04,2060.0,Tipam Sandstone,Porous Sandstone / Siltstone,11.8,28.46,109.9,7.96,2704.9,559.4,9.79,10.17,5,0.232,2,2,2,2,999.0,1.5844,NONE,LOW,0,0,0,train
NHR-04,2070.0,Tipam Sandstone,Porous Sandstone / Siltstone,12.09,27.87,113.3,7.87,2751.8,556.0,9.68,10.07,5,0.232,2,2,2,2,999.0,1.5844,NONE,LOW,0,0,0,train
NHR-04,2080.0,Tipam Sandstone,Porous Sandstone / Siltstone,12.7,25.32,110.0,8.15,2677.8,548.5,9.79,10.18,5,0.232,2,2,2,2,999.0,1.5848,NONE,LOW,0,0,0,train
NHR-04,2090.0,Tipam Sandstone,Porous Sandstone / Siltstone,11.39,25.9,108.1,8.48,2721.4,564.4,9.88,10.3,5,0.232,2,2,2,2,999.0,1.5848,NONE,LOW,0,0,0,train
NHR-04,2100.0,Tipam Sandstone,Porous Sandstone / Siltstone,12.64,25.98,113.4,7.33,2704.4,553.6,9.77,10.2,5,0.232,2,2,2,2,999.0,1.585,NONE,LOW,0,0,0,train
NHR-04,2110.0,Tipam Sandstone,Porous Sandstone / Siltstone,13.32,26.27,102.5,6.5,2689.3,549.8,9.62,10.02,5,0.232,2,2,2,2,999.0,1.5855,NONE,LOW,0,0,0,train
NHR-04,2120.0,Tipam Sandstone,Porous Sandstone / Siltstone,12.17,25.15,108.3,8.02,2735.8,543.7,9.85,10.28,5,0.232,2,2,2,2,999.0,1.5855,NONE,LOW,0,0,0,train
NHR-04,2130.0,Tipam Sandstone,Porous Sandstone / Siltstone,11.98,25.87,114.3,7.93,2715.1,557.4,9.75,10.21,5,0.232,2,2,2,2,999.0,1.5859,NONE,LOW,0,0,0,train
NHR-04,2140.0,Tipam Sandstone,Porous Sandstone / Siltstone,13.24,27.8,107.6,8.01,2702.9,548.4,9.82,10.2,5,0.232,2,2,2,2,999.0,1.5861,NONE,LOW,0,0,0,train
NHR-04,2150.0,Tipam Sandstone,Porous Sandstone / Siltstone,12.05,26.26,112.1,7.94,2690.9,544.0,9.77,10.12,5,0.232,2,2,2,2,999.0,1.5861,NONE,LOW,0,0,0,train
NHR-04,2160.0,Tipam Sandstone,Porous Sandstone / Siltstone,12.8,26.95,106.9,8.12,2728.2,540.9,9.82,10.24,5,0.232,2,2,2,2,999.0,1.5866,NONE,LOW,0,0,0,train
NHR-04,2170.0,Tipam Sandstone,Porous Sandstone / Siltstone,13.07,25.95,114.7,7.75,2758.8,545.9,9.87,10.26,5,0.232,2,2,2,2,999.0,1.587,NONE,LOW,0,0,0,train
NHR-04,2180.0,Tipam Sandstone,Porous Sandstone / Siltstone,12.32,26.83,108.4,8.88,2715.9,545.5,9.61,9.98,5,0.232,2,2,2,2,999.0,1.5872,NONE,LOW,0,0,0,train
NHR-04,2190.0,Tipam Sandstone,Porous Sandstone / Siltstone,13.12,28.53,107.2,7.64,2718.6,560.5,9.75,10.19,5,0.232,2,2,2,2,999.0,1.5877,NONE,LOW,0,0,0,train
NHR-04,2200.0,Tipam Sandstone,Porous Sandstone / Siltstone,11.66,25.23,110.7,8.27,2698.3,547.4,9.79,10.24,5,0.232,2,2,2,2,999.0,1.588,NONE,LOW,0,0,0,train
NHR-04,2210.0,Tipam Sandstone,Porous Sandstone / Siltstone,13.39,27.62,105.7,7.85,2749.3,542.4,9.78,10.15,5,0.232,2,2,2,2,999.0,1.5886,NONE,LOW,0,0,0,train
NHR-04,2220.0,Tipam Sandstone,Porous Sandstone / Siltstone,11.91,28.17,108.3,7.99,2769.0,545.2,9.92,10.34,5,0.232,2,2,2,2,999.0,1.589,NONE,LOW,0,0,0,train
NHR-04,2230.0,Tipam Sandstone,Porous Sandstone / Siltstone,12.76,23.96,109.1,8.43,2773.1,539.6,9.64,10.0,5,0.232,2,2,2,2,999.0,1.5895,NONE,LOW,0,0,0,train
NHR-04,2240.0,Tipam Sandstone,Porous Sandstone / Siltstone,12.61,24.52,109.9,8.16,2752.9,554.2,9.74,10.15,5,0.232,2,2,2,2,999.0,1.5901,NONE,LOW,0,0,0,train
NHR-04,2250.0,Tipam Sandstone,Porous Sandstone / Siltstone,11.34,27.16,106.2,7.71,2774.5,561.3,9.76,10.16,5,0.232,2,2,2,2,999.0,1.5905,NONE,LOW,0,0,0,train
NHR-04,2260.0,Tipam Sandstone,Porous Sandstone / Siltstone,11.63,27.33,109.8,8.61,2751.5,548.1,9.84,10.28,5,0.232,3,2,1,2,999.0,1.5915,NONE,LOW,0,0,0,train
NHR-04,2270.0,Tipam Sandstone,Porous Sandstone / Siltstone,11.83,30.14,105.7,7.97,2776.2,552.1,9.79,10.19,5,0.232,3,2,1,2,999.0,1.5965,NONE,LOW,0,0,0,train
NHR-04,2280.0,Tipam Sandstone,Porous Sandstone / Siltstone,12.36,25.78,118.6,7.89,2784.9,547.3,9.79,10.17,5,0.232,3,2,1,2,999.0,1.6018,NONE,LOW,0,0,0,train
NHR-04,2290.0,Tipam Sandstone,Porous Sandstone / Siltstone,11.57,26.97,108.4,8.59,2742.6,545.4,9.76,10.14,5,0.232,3,2,1,2,999.0,1.6074,NONE,LOW,0,0,0,train
NHR-04,2300.0,Tipam Sandstone,Porous Sandstone / Siltstone,11.98,27.87,113.9,7.93,2740.6,539.1,9.92,10.34,5,0.232,3,2,1,2,999.0,1.6134,NONE,LOW,0,0,0,train
NHR-04,2310.0,Tipam Sandstone,Porous Sandstone / Siltstone,12.74,27.38,111.5,8.24,2754.2,542.2,9.7,10.12,5,0.232,3,2,1,2,999.0,1.62,NONE,LOW,0,0,0,train
NHR-04,2320.0,Tipam Sandstone,Porous Sandstone / Siltstone,10.85,28.06,105.9,8.23,2814.8,550.1,9.75,10.18,5,0.232,3,2,1,2,999.0,1.6269,NONE,LOW,0,0,0,train
NHR-04,2330.0,Tipam Sandstone,Porous Sandstone / Siltstone,13.45,26.05,110.0,8.34,2777.7,559.2,9.81,10.2,5,0.232,3,2,1,2,999.0,1.6343,NONE,LOW,0,0,0,train
NHR-04,2340.0,Tipam Sandstone,Porous Sandstone / Siltstone,13.77,27.7,112.2,8.6,2755.3,539.5,9.97,10.4,5,0.232,3,2,1,2,999.0,1.6423,NONE,LOW,0,0,0,train
NHR-04,2350.0,Tipam Sandstone,Porous Sandstone / Siltstone,12.36,27.41,100.5,7.9,2768.7,557.3,9.82,10.25,5,0.232,3,2,1,2,999.0,1.6506,NONE,LOW,0,0,0,train
NHR-04,2360.0,Tipam Sandstone,Porous Sandstone / Siltstone,12.74,25.64,112.4,8.31,2821.1,566.9,9.85,10.2,5,0.232,3,2,1,2,999.0,1.6598,NONE,LOW,0,0,0,train
NHR-04,2370.0,Tipam Sandstone,Porous Sandstone / Siltstone,12.05,27.69,110.1,7.88,2818.2,541.2,9.77,10.14,5,0.232,3,2,1,2,999.0,1.6696,NONE,LOW,0,0,0,train
NHR-04,2380.0,Tipam Sandstone,Porous Sandstone / Siltstone,12.28,26.05,109.8,7.92,2775.3,557.0,9.72,10.12,5,0.2394,3,2,1,2,999.0,1.6802,NONE,LOW,0,0,0,train
NHR-04,2390.0,Tipam Sandstone,Porous Sandstone / Siltstone,12.38,27.53,107.7,8.0,2815.3,546.7,9.89,10.3,5,0.2492,3,2,1,2,999.0,1.6912,NONE,LOW,0,0,0,train
NHR-04,2400.0,Tipam Sandstone,Porous Sandstone / Siltstone,12.96,26.9,113.4,8.03,2838.0,540.8,9.73,10.09,5,0.2597,3,2,1,2,999.0,1.7031,NONE,LOW,0,0,0,train
NHR-04,2410.0,Tipam Sandstone,Porous Sandstone / Siltstone,11.67,25.98,112.5,8.0,2790.5,546.9,9.75,10.13,5,0.2709,3,2,1,2,999.0,1.7155,NONE,LOW,0,0,0,train
NHR-04,2420.0,Tipam Sandstone,Porous Sandstone / Siltstone,12.06,26.09,113.2,7.89,2856.0,545.8,9.93,10.36,5,0.2829,3,2,1,2,999.0,1.7291,NONE,LOW,0,0,0,train
NHR-04,2430.0,Tipam Sandstone,Porous Sandstone / Siltstone,12.19,26.83,113.0,8.29,2772.2,541.0,9.89,10.21,5,0.2957,3,2,1,2,999.0,1.7436,NONE,LOW,0,0,0,train
NHR-04,2440.0,Tipam Sandstone,Porous Sandstone / Siltstone,12.34,27.57,103.2,7.45,2798.1,544.6,9.85,10.25,5,0.2854,3,2,1,2,999.0,1.7353,NONE,LOW,0,0,0,train
NHR-04,2450.0,Tipam Sandstone,Porous Sandstone / Siltstone,13.86,27.78,114.5,7.59,2770.6,547.2,9.85,10.2,5,0.2732,3,2,1,2,999.0,1.7249,NONE,LOW,0,0,0,train
NHR-04,2460.0,Tipam Sandstone,Porous Sandstone / Siltstone,12.03,25.49,116.9,7.73,2774.1,557.2,9.8,10.18,5,0.2618,3,2,1,2,999.0,1.7155,NONE,LOW,0,0,0,train
NHR-04,2470.0,Tipam Sandstone,Porous Sandstone / Siltstone,12.06,27.23,111.4,8.3,2836.7,549.3,9.89,10.3,5,0.2512,3,2,1,2,999.0,1.7071,NONE,LOW,0,0,0,train
NHR-04,2480.0,Tipam Sandstone,Porous Sandstone / Siltstone,12.62,27.75,104.2,8.3,2821.1,546.7,9.86,10.3,5,0.2413,3,2,1,2,999.0,1.6997,NONE,LOW,0,0,0,train
NHR-04,2490.0,Tipam Sandstone,Porous Sandstone / Siltstone,13.49,27.93,111.3,7.8,2780.8,548.9,9.69,10.1,5,0.232,3,2,1,2,999.0,1.6928,NONE,LOW,0,0,0,train
NHR-04,2500.0,Tipam Sandstone,Porous Sandstone / Siltstone,12.38,25.37,103.8,9.03,2797.7,561.4,9.85,10.23,5,0.232,3,2,1,2,999.0,1.6867,NONE,LOW,0,0,0,train
NHR-04,2510.0,Tipam Sandstone,Porous Sandstone / Siltstone,12.88,27.06,116.4,8.04,2839.0,547.9,9.79,10.21,5,0.232,3,2,1,2,999.0,1.6815,NONE,LOW,0,0,0,train
NHR-04,2520.0,Tipam Sandstone,Porous Sandstone / Siltstone,12.42,30.16,107.6,8.38,2842.2,541.5,9.93,10.33,5,0.232,3,2,1,2,999.0,1.677,NONE,LOW,0,0,0,train
NHR-04,2530.0,Tipam Sandstone,Porous Sandstone / Siltstone,11.99,28.55,110.6,7.96,2830.8,549.3,9.8,10.19,5,0.232,3,2,1,2,999.0,1.6731,NONE,LOW,0,0,0,train
NHR-04,2540.0,Tipam Sandstone,Porous Sandstone / Siltstone,12.11,31.35,104.4,7.71,2822.4,566.3,9.81,10.17,5,0.232,3,2,1,2,999.0,1.6698,NONE,LOW,0,0,0,train
NHR-04,2550.0,Tipam Sandstone,Porous Sandstone / Siltstone,12.65,28.6,114.9,8.61,2826.2,551.6,9.83,10.18,5,0.2321,3,2,1,2,999.0,1.6677,NONE,LOW,0,0,0,train
NHR-04,2560.0,Tipam Sandstone,Porous Sandstone / Siltstone,12.02,28.02,103.3,8.2,2797.6,551.2,9.81,10.17,5,0.2321,3,2,1,2,999.0,1.6656,NONE,LOW,0,0,0,train
NHR-04,2570.0,Tipam Sandstone,Porous Sandstone / Siltstone,13.19,28.99,114.6,8.78,2823.2,562.0,9.73,10.09,5,0.2321,3,2,1,2,999.0,1.6646,NONE,LOW,0,0,0,train
NHR-04,2580.0,Tipam Sandstone,Porous Sandstone / Siltstone,12.2,27.2,112.5,8.47,2867.9,551.7,9.86,10.26,5,0.2321,3,2,1,2,999.0,1.6642,NONE,LOW,0,0,0,train
NHR-04,2590.0,Tipam Sandstone,Porous Sandstone / Siltstone,12.68,29.01,110.8,8.42,2806.8,548.9,9.84,10.2,5,0.2321,2,3,1,2,999.0,1.6693,NONE,LOW,0,0,0,train
NHR-04,2600.0,Tipam Sandstone,Porous Sandstone / Siltstone,13.49,27.83,110.5,8.38,2798.3,545.8,9.82,10.23,5,0.2321,2,3,1,2,999.0,1.6784,NONE,LOW,0,0,0,train
NHR-04,2610.0,Tipam Sandstone,Porous Sandstone / Siltstone,11.91,29.76,114.0,8.19,2874.6,551.7,9.57,9.98,5,0.2321,2,3,1,2,999.0,1.688,NONE,LOW,0,0,0,train
NHR-04,2620.0,Tipam Sandstone,Porous Sandstone / Siltstone,12.57,27.72,115.1,8.76,2889.5,546.7,9.77,10.15,5,0.2321,2,3,1,2,999.0,1.6983,NONE,LOW,0,0,0,train
NHR-04,2630.0,Tipam Sandstone,Porous Sandstone / Siltstone,12.83,28.91,107.5,8.21,2830.4,555.1,9.9,10.34,5,0.2321,2,3,1,2,999.0,1.7096,NONE,LOW,0,0,0,train
NHR-04,2640.0,Tipam Sandstone,Porous Sandstone / Siltstone,12.93,26.9,110.8,9.07,2838.3,549.5,9.93,10.37,5,0.2321,2,3,1,2,999.0,1.7214,NONE,LOW,0,0,0,train
NHR-04,2650.0,Tipam Sandstone,Porous Sandstone / Siltstone,13.99,27.72,106.0,8.61,2832.6,548.4,9.85,10.25,5,0.2321,2,3,1,2,999.0,1.7342,NONE,LOW,0,0,0,train
NHR-04,2660.0,Tipam Sandstone,Porous Sandstone / Siltstone,12.87,29.19,108.4,8.61,2965.6,555.5,9.88,10.29,5,0.2321,2,3,1,2,999.0,1.7479,NONE,LOW,0,0,0,train
NHR-04,2670.0,Tipam Sandstone,Porous Sandstone / Siltstone,12.12,28.42,107.9,7.99,2912.0,560.0,9.7,10.09,5,0.2321,2,3,1,2,999.0,1.7622,NONE,LOW,0,0,0,train
NHR-04,2680.0,Tipam Sandstone,Porous Sandstone / Siltstone,13.3,28.66,103.1,8.36,2895.6,530.6,9.7,10.08,5,0.2321,2,3,1,2,999.0,1.7778,NONE,LOW,0,0,0,train
NHR-04,2690.0,Tipam Sandstone,Porous Sandstone / Siltstone,12.94,28.14,106.7,8.36,2860.8,554.3,9.79,10.16,5,0.2325,2,3,1,2,999.0,1.7942,NONE,LOW,0,0,0,train
NHR-04,2700.0,Tipam Sandstone,Porous Sandstone / Siltstone,12.95,29.1,113.7,7.73,2855.1,560.9,9.69,10.05,5,0.2357,2,3,1,2,999.0,1.812,NONE,LOW,0,0,0,train
NHR-04,2710.0,Tipam Sandstone,Porous Sandstone / Siltstone,13.29,29.87,107.2,7.59,2872.2,539.6,9.9,10.27,5,0.2404,2,3,1,2,999.0,1.8308,NONE,LOW,0,0,0,train
NHR-04,2720.0,Tipam Sandstone,Porous Sandstone / Siltstone,12.89,27.62,112.7,8.23,2917.7,554.6,9.85,10.28,5,0.2491,2,3,1,2,999.0,1.8515,NONE,LOW,0,0,0,train
NHR-04,2730.0,Tipam Sandstone,Porous Sandstone / Siltstone,13.09,27.38,109.5,7.98,2876.4,553.6,9.84,10.26,5,0.2583,2,3,1,2,999.0,1.873,NONE,LOW,0,0,0,train
NHR-04,2740.0,Tipam Sandstone,Porous Sandstone / Siltstone,12.39,28.08,114.4,8.17,2859.5,548.5,9.83,10.18,5,0.2682,2,3,1,2,999.0,1.8962,NONE,LOW,0,0,0,train
NHR-04,2750.0,Tipam Sandstone,Porous Sandstone / Siltstone,12.38,28.31,116.3,7.42,2905.2,567.5,9.8,10.24,5,0.2787,2,3,1,2,999.0,1.9208,NONE,LOW,0,0,0,train
NHR-04,2760.0,Tipam Sandstone,Porous Sandstone / Siltstone,11.82,27.41,108.4,7.66,2872.0,547.4,9.8,10.19,5,0.29,2,3,1,2,999.0,1.9473,NONE,LOW,0,0,0,train
NHR-04,2770.0,Tipam Sandstone,Porous Sandstone / Siltstone,11.76,28.26,109.4,7.9,2938.4,551.9,9.84,10.19,5,0.3021,2,3,1,2,999.0,1.9758,NONE,LOW,0,0,0,train
NHR-04,2780.0,Tipam Sandstone,Porous Sandstone / Siltstone,12.83,28.97,105.1,8.88,2868.3,555.3,9.83,10.24,5,0.315,2,3,1,2,999.0,2.006,NONE,LOW,0,0,0,train
NHR-04,2790.0,Tipam Sandstone,Porous Sandstone / Siltstone,13.52,29.83,107.8,8.55,2881.7,551.3,9.85,10.21,5,0.3021,2,3,1,2,999.0,2.0117,NONE,LOW,0,0,0,train
NHR-04,2800.0,Barail,Coal / Shale / Sandstone Sequence,6.53,29.64,103.2,11.75,3279.5,490.2,10.52,10.91,5,0.5318,2,2,0,3,999.0,3.7049,NONE,LOW,0,0,0,train
NHR-04,2810.0,Barail,Coal / Shale / Sandstone Sequence,6.55,28.14,115.1,11.5,3298.7,484.7,10.51,10.88,5,0.5383,2,2,0,3,999.0,3.7309,NONE,LOW,0,0,0,train
NHR-04,2820.0,Barail,Coal / Shale / Sandstone Sequence,6.75,27.96,105.6,11.92,3318.1,470.0,10.5,10.88,5,0.5453,2,2,0,3,999.0,3.7592,NONE,LOW,0,0,0,train
NHR-04,2830.0,Barail,Coal / Shale / Sandstone Sequence,7.57,30.41,108.3,11.79,3273.6,474.6,10.53,10.93,5,0.5528,2,2,0,3,999.0,3.7892,NONE,LOW,0,0,0,train
NHR-04,2840.0,Barail,Coal / Shale / Sandstone Sequence,6.44,29.66,110.3,11.42,3302.6,476.6,10.64,11.04,5,0.5608,2,2,0,3,999.0,3.8212,NONE,LOW,0,0,0,train
NHR-04,2850.0,Barail,Coal / Shale / Sandstone Sequence,6.62,27.99,106.0,11.7,3349.3,481.2,10.63,11.02,5,0.5693,2,2,0,3,999.0,3.8552,NONE,LOW,0,0,0,train
NHR-04,2860.0,Barail,Coal / Shale / Sandstone Sequence,5.82,31.01,110.7,11.17,3310.8,475.8,10.62,11.06,5,0.5784,2,2,0,3,999.0,3.8917,NONE,LOW,0,0,0,train
NHR-04,2870.0,Barail,Coal / Shale / Sandstone Sequence,6.59,30.17,107.0,11.6,3324.4,467.6,10.58,10.99,5,0.5882,2,2,0,3,999.0,3.9309,NONE,LOW,0,0,0,train
NHR-04,2880.0,Barail,Coal / Shale / Sandstone Sequence,6.58,29.56,111.0,12.17,3290.5,477.3,10.6,11.02,5,0.5986,2,2,0,3,999.0,3.9728,NONE,LOW,0,0,0,train
NHR-04,2890.0,Barail,Coal / Shale / Sandstone Sequence,6.78,32.86,112.5,12.07,3314.8,472.1,10.64,11.03,5,0.6097,2,2,0,3,999.0,4.0173,NONE,LOW,0,0,0,train
NHR-04,2900.0,Barail,Coal / Shale / Sandstone Sequence,6.74,30.08,109.1,11.31,3320.5,485.8,10.66,11.08,5,0.6216,2,2,0,3,999.0,4.0649,NONE,LOW,0,0,0,train
NHR-04,2910.0,Barail,Coal / Shale / Sandstone Sequence,6.96,28.86,111.9,11.4,3366.6,476.7,10.52,10.92,5,0.6344,2,2,0,3,999.0,4.1161,NONE,LOW,0,0,0,train
NHR-04,2920.0,Barail,Coal / Shale / Sandstone Sequence,5.98,29.59,108.9,11.24,3319.0,488.9,10.65,11.03,5,0.6266,2,2,0,3,999.0,4.1279,NONE,LOW,0,0,0,train
NHR-04,2930.0,Barail,Coal / Shale / Sandstone Sequence,6.69,28.04,112.1,10.79,3348.2,475.9,10.65,11.05,5,0.6241,2,2,0,3,999.0,4.1521,NONE,LOW,0,0,0,train
NHR-04,2940.0,Barail,Coal / Shale / Sandstone Sequence,6.57,30.87,106.8,11.2,3346.4,483.8,10.5,10.82,5,0.637,2,2,0,3,999.0,4.209,NONE,LOW,0,0,0,train
NHR-04,2950.0,Barail,Coal / Shale / Sandstone Sequence,6.82,30.64,109.4,10.57,3354.4,475.5,10.76,11.18,5,0.6241,2,2,0,3,999.0,4.2166,NONE,LOW,0,0,0,train
NHR-04,2960.0,Barail,Coal / Shale / Sandstone Sequence,6.64,28.91,113.5,10.91,3396.1,497.9,10.58,11.03,5,0.612,2,2,0,3,999.0,4.204,NONE,LOW,0,0,0,train
NHR-04,2970.0,Barail,Coal / Shale / Sandstone Sequence,6.45,31.28,109.6,10.72,3380.1,489.0,10.7,11.1,5,0.6144,2,2,0,3,999.0,4.1928,NONE,LOW,0,0,0,train
NHR-04,2980.0,Barail,Coal / Shale / Sandstone Sequence,6.15,27.73,113.8,10.7,3352.2,473.3,10.5,10.86,5,0.6266,2,2,0,3,999.0,4.1855,NONE,LOW,0,0,0,train
NHR-04,2990.0,Barail,Coal / Shale / Sandstone Sequence,6.3,30.97,104.9,11.12,3287.8,462.5,10.62,11.07,5,0.6344,2,2,0,3,999.0,4.1714,NONE,LOW,0,0,0,train
NHR-04,3000.0,Barail,Coal / Shale / Sandstone Sequence,6.56,29.01,108.8,11.94,3337.1,481.9,10.77,11.17,5,0.6216,2,2,0,3,999.0,4.1182,NONE,LOW,0,0,0,train
NHR-04,3010.0,Barail,Coal / Shale / Sandstone Sequence,6.18,30.39,106.1,11.73,3340.7,481.0,10.55,11.0,5,0.6344,2,2,0,3,999.0,4.1179,NONE,LOW,0,0,0,train
NHR-04,3020.0,Barail,Coal / Shale / Sandstone Sequence,7.05,27.93,108.1,11.51,3403.1,464.3,10.59,10.98,5,0.6266,2,2,0,3,999.0,4.0783,NONE,LOW,0,0,0,train
NHR-04,3030.0,Barail,Coal / Shale / Sandstone Sequence,6.03,29.86,111.3,11.59,3396.6,483.6,10.72,11.16,5,0.6144,2,2,0,3,999.0,4.0316,NONE,LOW,0,0,0,train
NHR-04,3040.0,Barail,Coal / Shale / Sandstone Sequence,6.06,29.89,105.4,11.74,3350.4,474.6,10.57,10.99,5,0.6029,2,2,0,3,999.0,3.9878,NONE,LOW,0,0,0,train
NHR-04,3050.0,Barail,Coal / Shale / Sandstone Sequence,6.96,29.63,114.6,11.3,3378.3,481.4,10.51,10.93,5,0.5922,2,2,0,3,999.0,3.5379,NONE,LOW,0,0,0,train
NHR-04,3060.0,Barail,Coal / Shale / Sandstone Sequence,5.5,31.45,109.6,11.89,3382.3,473.8,10.61,10.98,5,0.5822,2,2,0,3,999.0,3.5012,NONE,LOW,0,0,0,train
NHR-04,3070.0,Barail,Coal / Shale / Sandstone Sequence,6.32,31.4,109.3,12.01,3378.1,482.3,10.65,11.04,5,0.5729,2,2,0,3,999.0,3.4673,NONE,LOW,0,0,0,train
NHR-04,3080.0,Barail,Coal / Shale / Sandstone Sequence,7.22,30.25,112.1,11.52,3373.1,493.8,10.62,11.05,5,0.5641,2,2,0,3,999.0,3.4356,NONE,LOW,0,0,0,train
NHR-04,3090.0,Barail,Coal / Shale / Sandstone Sequence,6.63,29.52,109.3,11.65,3393.8,486.0,10.61,10.97,5,0.5559,2,2,0,3,999.0,3.4067,NONE,LOW,0,0,0,train
NHR-04,3100.0,Barail,Coal / Shale / Sandstone Sequence,6.45,29.22,115.3,12.23,3381.6,485.7,10.68,11.1,5,0.5482,2,2,0,3,999.0,3.3798,NONE,LOW,0,0,0,train
NHR-04,3110.0,Barail,Coal / Shale / Sandstone Sequence,6.94,28.85,118.0,12.03,3364.8,471.8,10.71,11.13,5,0.5411,2,2,0,3,999.0,3.3553,NONE,LOW,0,0,0,train
NHR-04,3120.0,Barail,Coal / Shale / Sandstone Sequence,6.7,31.37,107.7,10.94,3389.6,475.7,10.58,10.98,5,0.5344,2,2,0,3,999.0,3.3326,NONE,LOW,0,0,0,train
NHR-04,3130.0,Barail,Coal / Shale / Sandstone Sequence,6.35,31.38,112.4,11.11,3353.3,480.1,10.49,10.91,5,0.5281,3,2,0,2,999.0,3.7244,NONE,LOW,0,0,0,train
NHR-04,3140.0,Barail,Coal / Shale / Sandstone Sequence,6.19,30.92,116.0,11.6,3344.2,481.6,10.63,11.09,5,0.5222,3,2,0,2,999.0,3.7093,NONE,LOW,0,0,0,train
NHR-04,3150.0,Barail,Coal / Shale / Sandstone Sequence,6.52,30.33,110.4,11.6,3416.0,480.7,10.5,10.94,5,0.5167,3,2,0,2,999.0,3.6958,NONE,LOW,0,0,0,train
NHR-04,3160.0,Barail,Coal / Shale / Sandstone Sequence,6.29,29.84,102.7,11.64,3441.4,483.7,10.59,11.01,5,0.5116,3,2,0,2,999.0,3.684,NONE,LOW,0,0,0,train
NHR-04,3170.0,Barail,Coal / Shale / Sandstone Sequence,6.35,31.86,118.0,12.24,3412.6,480.3,10.57,10.97,5,0.5068,3,2,0,2,999.0,3.6735,NONE,LOW,0,0,0,train
NHR-04,3180.0,Barail,Coal / Shale / Sandstone Sequence,5.63,29.37,110.2,11.35,3358.3,479.7,10.54,10.93,5,0.5023,3,2,0,2,999.0,3.6643,NONE,LOW,0,0,0,train
NHR-04,3190.0,Barail,Coal / Shale / Sandstone Sequence,6.28,30.37,107.5,11.96,3349.9,464.1,10.51,10.91,5,0.498,3,2,0,2,999.0,3.6562,NONE,LOW,0,0,0,train
NHR-04,3200.0,Barail,Coal / Shale / Sandstone Sequence,6.74,30.15,106.3,11.5,3389.0,492.4,10.61,11.0,5,0.4941,3,2,0,2,999.0,3.6495,NONE,LOW,0,0,0,train
NHR-04,3210.0,Barail,Coal / Shale / Sandstone Sequence,7.99,30.61,112.2,11.82,3420.8,482.3,10.6,11.0,5,0.4904,3,2,0,2,999.0,3.6443,NONE,LOW,0,0,0,train
NHR-04,3220.0,Barail,Coal / Shale / Sandstone Sequence,6.15,31.27,118.1,12.11,3412.6,486.8,10.61,10.98,5,0.487,3,2,0,2,999.0,3.6401,NONE,LOW,0,0,0,train
NHR-04,3230.0,Barail,Coal / Shale / Sandstone Sequence,7.07,32.7,106.9,11.26,3462.0,480.8,10.58,11.03,5,0.4838,3,2,0,2,999.0,3.6371,NONE,LOW,0,0,0,train
NHR-04,3240.0,Barail,Coal / Shale / Sandstone Sequence,6.65,30.59,113.8,12.18,3384.1,477.2,10.62,11.04,5,0.4807,3,2,0,2,999.0,3.6353,NONE,LOW,0,0,0,train
NHR-04,3250.0,Barail,Coal / Shale / Sandstone Sequence,6.2,32.21,114.4,11.28,3417.8,470.3,10.59,10.96,5,0.4779,3,2,0,2,999.0,3.6346,NONE,LOW,0,0,0,train
NHR-04,3260.0,Barail,Coal / Shale / Sandstone Sequence,6.52,29.88,107.1,10.97,3426.4,464.3,10.61,10.98,5,0.4753,3,2,0,2,999.0,3.6354,NONE,LOW,0,0,0,train
NHR-04,3270.0,Barail,Coal / Shale / Sandstone Sequence,6.75,28.92,110.1,12.32,3459.3,465.6,10.45,10.86,5,0.4798,3,2,0,2,999.0,3.6371,NONE,LOW,0,0,0,train
NHR-04,3280.0,Barail,Coal / Shale / Sandstone Sequence,5.78,30.98,114.9,11.8,3402.1,485.6,10.52,10.85,5,0.4846,3,2,0,2,999.0,3.6399,NONE,LOW,0,0,0,train
NHR-04,3290.0,Barail,Coal / Shale / Sandstone Sequence,6.01,31.25,109.2,11.43,3418.1,480.2,10.54,10.96,5,0.4897,3,2,0,2,999.0,3.644,NONE,LOW,0,0,0,train
NHR-04,3300.0,Barail,Coal / Shale / Sandstone Sequence,6.33,31.68,113.3,11.22,3423.5,489.3,10.61,10.98,5,0.4952,3,2,0,2,999.0,3.6493,NONE,LOW,0,0,0,train
NHR-04,3310.0,Barail,Coal / Shale / Sandstone Sequence,5.7,30.83,106.2,12.59,3414.9,476.0,10.74,11.13,5,0.5011,3,2,0,2,999.0,3.6561,NONE,LOW,0,0,0,train
NHR-04,3320.0,Barail,Coal / Shale / Sandstone Sequence,6.3,31.12,95.9,11.53,3430.4,488.3,10.61,11.05,5,0.5074,3,2,0,2,999.0,3.6641,NONE,LOW,0,0,0,train
NHR-04,3330.0,Barail,Coal / Shale / Sandstone Sequence,6.99,30.0,113.1,11.21,3402.9,478.5,10.58,11.03,5,0.5141,3,2,0,2,999.0,3.6732,NONE,LOW,0,0,0,train
NHR-04,3340.0,Barail,Coal / Shale / Sandstone Sequence,7.4,30.46,114.2,11.17,3440.6,481.7,10.61,11.03,5,0.5217,3,2,0,2,999.0,3.6837,NONE,LOW,0,0,0,train
NHR-04,3350.0,Barail,Coal / Shale / Sandstone Sequence,6.06,32.46,116.9,11.21,3391.6,484.0,10.62,11.01,5,0.5306,3,2,0,2,999.0,3.6955,NONE,LOW,0,0,0,train
NHR-04,3360.0,Barail,Coal / Shale / Sandstone Sequence,6.83,30.89,108.9,11.45,3476.7,480.2,10.59,10.95,5,0.5402,3,2,0,2,999.0,3.7091,NONE,LOW,0,0,0,train
NHR-04,3370.0,Barail,Coal / Shale / Sandstone Sequence,6.58,30.12,103.8,11.82,3459.6,477.1,10.5,10.91,5,0.5504,3,2,0,2,999.0,3.7239,NONE,LOW,0,0,0,train
NHR-04,3380.0,Barail,Coal / Shale / Sandstone Sequence,6.86,32.25,99.6,11.38,3457.9,476.7,10.62,11.02,5,0.5613,3,2,0,2,999.0,3.7401,NONE,LOW,0,0,0,train
NHR-04,3390.0,Barail,Coal / Shale / Sandstone Sequence,6.55,33.37,114.5,11.44,3442.5,457.2,10.66,11.05,5,0.573,3,2,0,2,999.0,3.7584,NONE,LOW,0,0,0,train
NHR-04,3400.0,Barail,Coal / Shale / Sandstone Sequence,6.63,31.78,112.8,12.2,3449.3,498.2,10.49,10.9,5,0.5854,3,2,0,2,999.0,3.7781,NONE,LOW,0,0,0,train
NHR-04,3410.0,Barail,Coal / Shale / Sandstone Sequence,6.16,31.19,112.4,11.03,3445.1,478.7,10.5,10.88,5,0.5874,3,2,0,2,999.0,3.7864,NONE,LOW,0,0,0,train
NHR-04,3420.0,Barail,Coal / Shale / Sandstone Sequence,6.88,33.08,108.7,12.1,3420.9,468.9,10.66,11.03,5,0.5996,3,2,0,2,999.0,3.7834,NONE,LOW,0,0,0,train
NHR-04,3430.0,Barail,Coal / Shale / Sandstone Sequence,7.22,31.0,108.1,11.39,3471.8,476.2,10.6,10.98,5,0.6074,3,2,0,2,999.0,3.3665,NONE,LOW,0,0,0,train
NHR-04,3440.0,Barail,Coal / Shale / Sandstone Sequence,6.16,33.17,110.4,11.13,3490.9,475.3,10.49,10.93,5,0.5946,3,2,0,2,999.0,3.7502,NONE,LOW,0,0,0,train
NHR-04,3450.0,Barail,Coal / Shale / Sandstone Sequence,6.53,30.0,119.2,11.69,3454.4,487.6,10.71,11.13,5,0.5827,3,2,0,2,999.0,3.7259,NONE,LOW,0,0,0,train
NHR-04,3460.0,Barail,Coal / Shale / Sandstone Sequence,6.1,32.22,105.3,11.83,3464.4,482.2,10.7,11.1,5,0.5716,3,2,0,2,999.0,3.7028,NONE,LOW,0,0,0,train
NHR-04,3470.0,Barail,Coal / Shale / Sandstone Sequence,5.98,32.83,116.0,11.22,3481.3,483.5,10.58,10.98,5,0.5612,3,2,0,2,999.0,3.6813,NONE,LOW,0,0,0,train
NHR-04,3480.0,Barail,Coal / Shale / Sandstone Sequence,5.72,30.98,101.4,12.2,3479.2,479.8,10.48,10.81,5,0.5514,3,2,0,2,999.0,3.6613,NONE,LOW,0,0,0,train
NHR-04,3490.0,Barail,Coal / Shale / Sandstone Sequence,6.5,34.32,107.2,11.93,3460.5,480.4,10.45,10.89,5,0.5423,3,2,0,2,999.0,3.6426,NONE,LOW,0,0,0,train
NHR-04,3500.0,Barail,Coal / Shale / Sandstone Sequence,6.09,33.7,110.2,12.05,3457.9,491.3,10.57,10.98,5,0.5338,3,2,0,2,999.0,3.625,NONE,LOW,0,0,0,train
NHR-04,3510.0,Barail,Coal / Shale / Sandstone Sequence,6.58,31.43,110.0,11.28,3501.5,478.4,10.63,10.99,5,0.5258,3,2,0,2,999.0,3.6085,NONE,LOW,0,0,0,train
NHR-04,3520.0,Barail,Coal / Shale / Sandstone Sequence,5.46,32.82,105.4,11.65,3483.4,479.5,10.47,10.88,5,0.5183,3,2,0,2,999.0,3.5932,NONE,LOW,0,0,0,train
NHR-04,3530.0,Barail,Coal / Shale / Sandstone Sequence,4.87,31.73,111.7,12.32,3524.7,469.1,10.61,11.0,5,0.5113,3,2,0,2,999.0,3.5786,NONE,LOW,0,0,0,train
NHR-04,3540.0,Barail,Coal / Shale / Sandstone Sequence,7.41,33.38,111.4,11.58,3519.5,489.7,10.47,10.91,5,0.5048,3,2,0,2,999.0,3.5653,NONE,LOW,0,0,0,train
NHR-04,3550.0,Barail,Coal / Shale / Sandstone Sequence,6.29,33.12,113.3,11.4,3478.7,489.1,10.64,11.09,5,0.4987,3,2,0,2,999.0,3.5526,NONE,LOW,0,0,0,train
NHR-04,3560.0,Barail,Coal / Shale / Sandstone Sequence,6.34,32.66,111.9,11.24,3537.1,483.4,10.54,10.96,5,0.493,3,2,0,2,999.0,3.541,NONE,LOW,0,0,0,train
NHR-04,3570.0,Barail,Coal / Shale / Sandstone Sequence,6.23,32.17,105.0,11.41,3455.3,486.0,10.74,11.15,5,0.4876,3,2,0,2,999.0,3.5298,NONE,LOW,0,0,0,train
NHR-04,3580.0,Barail,Coal / Shale / Sandstone Sequence,6.44,33.23,105.5,11.6,3512.5,465.7,10.58,11.0,5,0.4826,3,2,0,2,999.0,3.5195,NONE,LOW,0,0,0,train
NHR-04,3590.0,Barail,Coal / Shale / Sandstone Sequence,6.43,30.96,115.7,10.92,3456.2,481.1,10.47,10.85,5,0.4779,3,2,0,2,999.0,3.5098,NONE,LOW,0,0,0,train
NHR-04,3600.0,Kopili,Overpressured Fissile Shale,5.32,30.01,105.9,9.71,3720.1,430.4,12.08,12.51,5,0.4177,4,0,2,0,999.0,1.6889,NONE,LOW,0,0,0,train
W-076,1800.0,Tipam Sandstone,Porous Sandstone / Siltstone,11.04,25.67,115.9,8.62,2661.6,540.5,9.79,10.17,5,0.232,3,2,1,2,999.0,1.6474,NONE,LOW,0,0,0,train
W-076,1810.0,Tipam Sandstone,Porous Sandstone / Siltstone,11.65,23.86,113.8,7.78,2623.0,562.2,9.95,10.37,5,0.232,3,2,1,2,999.0,1.6476,NONE,LOW,0,0,0,train
W-076,1820.0,Tipam Sandstone,Porous Sandstone / Siltstone,11.81,27.74,109.9,8.7,2677.3,545.8,9.77,10.15,5,0.232,3,2,1,2,999.0,1.6478,NONE,LOW,0,0,0,train
W-076,1830.0,Tipam Sandstone,Porous Sandstone / Siltstone,13.38,23.07,112.2,7.94,2631.7,552.1,9.92,10.28,5,0.232,3,2,1,2,999.0,1.648,NONE,LOW,0,0,0,train
W-076,1840.0,Tipam Sandstone,Porous Sandstone / Siltstone,12.02,24.76,109.7,7.49,2699.3,553.9,9.76,10.22,5,0.232,3,2,1,2,999.0,1.6485,NONE,LOW,0,0,0,train
W-076,1850.0,Tipam Sandstone,Porous Sandstone / Siltstone,12.17,27.51,107.7,7.91,2680.5,540.1,9.79,10.21,5,0.232,3,2,1,2,999.0,1.6488,NONE,LOW,0,0,0,train
W-076,1860.0,Tipam Sandstone,Porous Sandstone / Siltstone,13.26,26.51,115.2,7.94,2643.4,566.9,9.85,10.2,5,0.232,3,2,1,2,999.0,1.649,NONE,LOW,0,0,0,train
W-076,1870.0,Tipam Sandstone,Porous Sandstone / Siltstone,12.84,27.43,110.8,8.5,2617.6,546.0,9.69,10.03,5,0.232,3,2,1,2,999.0,1.6494,NONE,LOW,0,0,0,train
W-076,1880.0,Tipam Sandstone,Porous Sandstone / Siltstone,11.57,23.99,112.1,8.53,2666.0,554.6,9.86,10.28,5,0.232,3,2,1,2,999.0,1.6497,NONE,LOW,0,0,0,train
W-076,1890.0,Tipam Sandstone,Porous Sandstone / Siltstone,11.84,26.24,112.5,8.45,2680.3,540.7,9.78,10.2,5,0.232,3,2,1,2,999.0,1.65,NONE,LOW,0,0,0,train
W-076,1900.0,Tipam Sandstone,Porous Sandstone / Siltstone,12.21,25.25,107.2,8.44,2639.5,542.1,9.8,10.19,5,0.232,3,2,1,2,999.0,1.6504,NONE,LOW,0,0,0,train
W-076,1910.0,Tipam Sandstone,Porous Sandstone / Siltstone,13.13,23.67,115.4,8.67,2648.1,529.8,9.93,10.33,5,0.232,3,2,1,2,999.0,1.6512,NONE,LOW,0,0,0,train
W-076,1920.0,Tipam Sandstone,Porous Sandstone / Siltstone,13.45,24.64,117.0,6.89,2670.8,546.7,9.89,10.32,5,0.232,3,2,1,2,999.0,1.6516,NONE,LOW,0,0,0,train
W-076,1930.0,Tipam Sandstone,Porous Sandstone / Siltstone,13.07,24.1,113.5,8.25,2640.7,533.5,9.9,10.34,5,0.232,3,2,1,2,999.0,1.6521,NONE,LOW,0,0,0,train
W-076,1940.0,Tipam Sandstone,Porous Sandstone / Siltstone,11.73,25.51,111.5,7.96,2646.2,565.1,9.79,10.22,5,0.232,3,2,1,2,999.0,1.6526,NONE,LOW,0,0,0,train
W-076,1950.0,Tipam Sandstone,Porous Sandstone / Siltstone,12.32,26.23,105.5,8.16,2654.2,549.4,9.77,10.14,5,0.232,3,2,1,2,999.0,1.6531,NONE,LOW,0,0,0,train
W-076,1960.0,Tipam Sandstone,Porous Sandstone / Siltstone,13.49,25.91,110.8,6.99,2675.1,553.7,9.71,10.12,5,0.232,3,2,1,2,999.0,1.6539,NONE,LOW,0,0,0,train
W-076,1970.0,Tipam Sandstone,Porous Sandstone / Siltstone,12.62,26.32,115.1,7.67,2636.4,542.0,9.63,9.99,5,0.232,3,2,1,2,999.0,1.6545,NONE,LOW,0,0,0,train
W-076,1980.0,Tipam Sandstone,Porous Sandstone / Siltstone,10.87,25.38,115.7,8.0,2717.4,536.9,9.86,10.21,5,0.232,3,2,1,2,999.0,1.6551,NONE,LOW,0,0,0,train
W-076,1990.0,Tipam Sandstone,Porous Sandstone / Siltstone,12.56,26.08,105.5,8.05,2668.9,559.5,9.91,10.4,5,0.2326,3,2,1,2,999.0,1.656,NONE,LOW,0,0,0,train
W-076,2000.0,Tipam Sandstone,Porous Sandstone / Siltstone,12.12,22.96,103.3,8.78,2674.3,547.0,9.84,10.26,5,0.2333,3,2,1,2,999.0,1.6569,NONE,LOW,0,0,0,train
W-076,2010.0,Tipam Sandstone,Porous Sandstone / Siltstone,12.38,25.55,110.3,7.69,2688.2,553.3,9.92,10.32,5,0.2341,3,2,1,2,999.0,1.6577,NONE,LOW,0,0,0,train
W-076,2020.0,Tipam Sandstone,Porous Sandstone / Siltstone,12.76,27.46,105.7,8.26,2686.9,553.2,9.97,10.39,5,0.2349,3,2,1,2,999.0,1.6585,NONE,LOW,0,0,0,train
W-076,2030.0,Tipam Sandstone,Porous Sandstone / Siltstone,13.94,27.83,114.7,8.38,2751.6,538.5,9.8,10.25,5,0.2358,3,2,1,2,999.0,1.6596,NONE,LOW,0,0,0,train
W-076,2040.0,Tipam Sandstone,Porous Sandstone / Siltstone,12.16,26.83,114.9,7.42,2697.2,550.8,9.72,10.12,5,0.2368,3,2,1,2,999.0,1.6608,NONE,LOW,0,0,0,train
W-076,2050.0,Tipam Sandstone,Porous Sandstone / Siltstone,14.56,26.7,107.1,7.35,2704.4,542.5,9.87,10.28,5,0.2378,3,2,1,2,999.0,1.6618,NONE,LOW,0,0,0,train
W-076,2060.0,Tipam Sandstone,Porous Sandstone / Siltstone,12.22,28.62,107.1,7.94,2731.0,557.1,9.84,10.27,5,0.2389,3,2,1,2,999.0,1.6631,NONE,LOW,0,0,0,train
W-076,2070.0,Tipam Sandstone,Porous Sandstone / Siltstone,13.13,25.48,113.7,8.45,2755.3,536.7,9.83,10.21,5,0.24,3,2,1,2,999.0,1.6642,NONE,LOW,0,0,0,train
W-076,2080.0,Tipam Sandstone,Porous Sandstone / Siltstone,10.91,26.91,114.2,7.71,2709.2,541.4,9.87,10.25,5,0.2413,3,2,1,2,999.0,1.6659,NONE,LOW,0,0,0,train
W-076,2090.0,Tipam Sandstone,Porous Sandstone / Siltstone,12.09,25.47,108.9,7.86,2769.4,546.8,9.76,10.17,5,0.2426,3,2,1,2,999.0,1.6672,NONE,LOW,0,0,0,train
W-076,2100.0,Tipam Sandstone,Porous Sandstone / Siltstone,12.15,24.35,103.7,7.4,2729.6,558.6,9.75,10.1,5,0.244,3,2,1,2,999.0,1.6688,NONE,LOW,0,0,0,train
W-076,2110.0,Tipam Sandstone,Porous Sandstone / Siltstone,11.68,26.12,114.3,7.78,2726.3,561.6,9.76,10.17,5,0.2455,3,2,1,2,999.0,1.6707,NONE,LOW,0,0,0,train
W-076,2120.0,Tipam Sandstone,Porous Sandstone / Siltstone,12.6,25.49,111.7,8.26,2695.8,551.4,9.74,10.14,5,0.2472,3,2,1,2,999.0,1.6724,NONE,LOW,0,0,0,train
W-076,2130.0,Tipam Sandstone,Porous Sandstone / Siltstone,13.0,27.09,108.8,8.47,2710.7,539.4,9.84,10.15,5,0.2489,3,2,1,2,999.0,1.6745,NONE,LOW,0,0,0,train
W-076,2140.0,Tipam Sandstone,Porous Sandstone / Siltstone,12.01,27.04,102.1,7.68,2746.8,541.8,9.79,10.21,5,0.2507,3,2,1,2,999.0,1.6765,NONE,LOW,0,0,0,train
W-076,2150.0,Tipam Sandstone,Porous Sandstone / Siltstone,12.48,27.31,113.8,8.05,2717.1,546.3,9.76,10.17,5,0.2527,3,2,1,2,999.0,1.6785,NONE,LOW,0,0,0,train
W-076,2160.0,Tipam Sandstone,Porous Sandstone / Siltstone,12.39,26.18,109.6,7.5,2693.7,554.2,9.72,10.15,5,0.2548,3,2,1,2,999.0,1.681,NONE,LOW,0,0,0,train
W-076,2170.0,Tipam Sandstone,Porous Sandstone / Siltstone,12.72,27.98,112.4,7.79,2718.9,550.6,9.66,10.06,5,0.2571,3,2,1,2,999.0,1.6837,NONE,LOW,0,0,0,train
W-076,2180.0,Tipam Sandstone,Porous Sandstone / Siltstone,12.39,25.42,111.7,8.24,2750.0,550.9,9.81,10.26,5,0.2595,3,2,1,2,999.0,1.6863,NONE,LOW,0,0,0,train
W-076,2190.0,Tipam Sandstone,Porous Sandstone / Siltstone,13.27,25.88,114.4,8.62,2740.2,563.3,9.75,10.16,5,0.2621,3,2,1,2,999.0,1.6894,NONE,LOW,0,0,0,train
W-076,2200.0,Tipam Sandstone,Porous Sandstone / Siltstone,12.28,28.16,113.7,7.47,2746.5,551.6,9.73,10.11,5,0.2649,3,2,1,2,999.0,1.6924,NONE,LOW,0,0,0,train
W-076,2210.0,Tipam Sandstone,Porous Sandstone / Siltstone,12.64,26.77,114.8,7.82,2777.7,536.7,9.99,10.38,5,0.2678,3,2,1,2,999.0,1.6959,NONE,LOW,0,0,0,train
W-076,2220.0,Tipam Sandstone,Porous Sandstone / Siltstone,13.44,25.95,106.4,8.28,2739.4,547.9,9.88,10.31,5,0.271,3,2,1,2,999.0,1.6995,NONE,LOW,0,0,0,train
W-076,2230.0,Tipam Sandstone,Porous Sandstone / Siltstone,11.32,25.36,110.0,7.07,2750.1,538.9,9.76,10.21,5,0.2744,3,2,1,2,999.0,1.7033,NONE,LOW,0,0,0,train
W-076,2240.0,Tipam Sandstone,Porous Sandstone / Siltstone,11.87,27.27,106.2,7.85,2805.1,546.3,9.97,10.36,5,0.278,3,2,1,2,999.0,1.7075,NONE,LOW,0,0,0,train
W-076,2250.0,Tipam Sandstone,Porous Sandstone / Siltstone,13.19,23.08,108.2,7.98,2746.0,556.9,9.72,10.16,5,0.2818,3,2,1,2,999.0,1.7117,NONE,LOW,0,0,0,train
W-076,2260.0,Tipam Sandstone,Porous Sandstone / Siltstone,13.76,25.33,115.2,8.07,2752.4,546.7,9.69,10.09,5,0.286,3,2,1,2,999.0,1.7165,NONE,LOW,0,0,0,train
W-076,2270.0,Tipam Sandstone,Porous Sandstone / Siltstone,11.95,26.8,106.9,7.39,2747.1,540.8,9.82,10.2,5,0.2904,3,2,1,2,999.0,1.7215,NONE,LOW,0,0,0,train
W-076,2280.0,Tipam Sandstone,Porous Sandstone / Siltstone,12.57,29.49,101.2,8.23,2770.2,556.5,9.83,10.26,5,0.2951,3,2,1,2,999.0,1.7268,NONE,LOW,0,0,0,train
W-076,2290.0,Tipam Sandstone,Porous Sandstone / Siltstone,12.6,26.27,112.5,7.06,2791.9,549.8,9.79,10.17,5,0.3001,3,2,1,2,999.0,1.7324,NONE,LOW,0,0,0,train
W-076,2300.0,Tipam Sandstone,Porous Sandstone / Siltstone,12.4,28.76,122.9,8.61,2760.9,555.0,9.78,10.2,5,0.3055,3,2,1,2,999.0,1.7384,NONE,LOW,0,0,0,train
W-076,2310.0,Tipam Sandstone,Porous Sandstone / Siltstone,11.74,27.16,113.2,7.19,2759.5,554.6,9.73,10.13,5,0.3113,3,2,1,2,999.0,1.745,NONE,LOW,0,0,0,train
W-076,2320.0,Tipam Sandstone,Porous Sandstone / Siltstone,11.65,30.1,103.8,6.99,2778.5,540.9,9.91,10.31,5,0.3174,3,2,1,2,999.0,1.7519,NONE,LOW,0,0,0,train
W-076,2330.0,Tipam Sandstone,Porous Sandstone / Siltstone,12.38,26.31,111.7,7.84,2810.1,548.6,9.79,10.17,5,0.324,3,2,1,2,999.0,1.7593,NONE,LOW,0,0,0,train
W-076,2340.0,Tipam Sandstone,Porous Sandstone / Siltstone,12.4,25.84,104.6,8.26,2740.6,561.3,9.66,10.07,5,0.331,3,2,1,2,999.0,1.7673,NONE,LOW,0,0,0,train
W-076,2350.0,Tipam Sandstone,Porous Sandstone / Siltstone,11.88,28.32,110.0,7.66,2792.5,536.5,9.8,10.15,5,0.3385,3,2,1,2,999.0,1.7756,NONE,LOW,0,0,0,train
W-076,2360.0,Tipam Sandstone,Porous Sandstone / Siltstone,12.71,27.44,114.2,7.54,2804.4,549.1,9.71,10.08,5,0.3466,3,2,1,2,999.0,1.7848,NONE,LOW,0,0,0,train
W-076,2370.0,Tipam Sandstone,Porous Sandstone / Siltstone,12.46,26.73,110.2,7.94,2788.7,546.7,9.83,10.19,5,0.3552,3,2,1,2,999.0,1.7946,NONE,LOW,0,0,0,train
W-076,2380.0,Tipam Sandstone,Porous Sandstone / Siltstone,12.02,26.3,109.0,8.37,2799.6,545.8,9.81,10.19,5,0.3644,3,2,1,2,999.0,1.8052,NONE,LOW,0,0,0,train
W-076,2390.0,Tipam Sandstone,Porous Sandstone / Siltstone,11.06,28.52,102.5,7.29,2784.6,567.4,9.85,10.3,5,0.3742,3,2,1,2,999.0,1.8162,NONE,LOW,0,0,0,train
W-076,2400.0,Tipam Sandstone,Porous Sandstone / Siltstone,12.71,25.37,110.6,7.73,2779.6,551.2,9.86,10.24,5,0.3847,3,2,1,2,999.0,1.8281,NONE,LOW,0,0,0,train
W-076,2410.0,Tipam Sandstone,Porous Sandstone / Siltstone,11.34,27.73,106.5,7.8,2810.1,541.1,9.87,10.27,5,0.3959,3,2,1,2,999.0,1.8405,NONE,LOW,0,0,0,train
W-076,2420.0,Tipam Sandstone,Porous Sandstone / Siltstone,12.1,27.12,109.4,7.62,2805.2,547.8,9.78,10.16,5,0.4079,3,2,1,2,999.0,1.8541,NONE,LOW,0,0,0,train
W-076,2430.0,Tipam Sandstone,Porous Sandstone / Siltstone,12.75,27.26,110.6,7.49,2796.6,547.4,9.93,10.29,5,0.4207,3,2,1,2,999.0,1.8686,NONE,LOW,0,0,0,train
W-076,2440.0,Tipam Sandstone,Porous Sandstone / Siltstone,12.2,27.33,107.7,9.48,2793.4,533.5,9.83,10.18,5,0.4104,3,2,1,2,999.0,1.8603,NONE,LOW,0,0,0,train
W-076,2450.0,Tipam Sandstone,Porous Sandstone / Siltstone,13.3,26.98,115.1,8.37,2807.8,547.9,9.86,10.27,5,0.3982,3,2,1,2,999.0,1.8499,NONE,LOW,0,0,0,train
W-076,2460.0,Tipam Sandstone,Porous Sandstone / Siltstone,12.74,27.03,109.3,8.99,2821.3,557.0,9.87,10.29,5,0.3868,3,2,1,2,999.0,1.8405,NONE,LOW,0,0,0,train
W-076,2470.0,Tipam Sandstone,Porous Sandstone / Siltstone,12.57,28.96,112.9,8.13,2800.2,553.1,9.82,10.22,5,0.3762,3,2,1,2,999.0,1.8321,NONE,LOW,0,0,0,train
W-076,2480.0,Tipam Sandstone,Porous Sandstone / Siltstone,14.11,26.07,113.8,7.57,2823.3,570.5,9.78,10.15,5,0.3663,3,2,1,2,999.0,1.8247,NONE,LOW,0,0,0,train
W-076,2490.0,Tipam Sandstone,Porous Sandstone / Siltstone,12.49,26.94,113.5,7.73,2838.9,539.4,9.74,10.09,5,0.357,3,2,1,2,999.0,1.8178,NONE,LOW,0,0,0,train
W-076,2500.0,Tipam Sandstone,Porous Sandstone / Siltstone,11.56,29.82,103.9,7.48,2835.3,545.3,9.78,10.14,5,0.3483,3,2,1,2,999.0,1.8117,NONE,LOW,0,0,0,train
W-076,2510.0,Tipam Sandstone,Porous Sandstone / Siltstone,11.9,27.8,109.2,8.36,2839.1,543.4,9.96,10.35,5,0.3401,3,2,1,2,999.0,1.8065,NONE,LOW,0,0,0,train
W-076,2520.0,Tipam Sandstone,Porous Sandstone / Siltstone,12.95,26.68,118.1,7.62,2829.8,540.7,9.78,10.14,5,0.3325,3,2,1,2,999.0,1.802,NONE,LOW,0,0,0,train
W-076,2530.0,Tipam Sandstone,Porous Sandstone / Siltstone,11.92,27.62,106.1,8.35,2812.9,542.8,9.73,10.12,5,0.3254,3,2,1,2,999.0,1.7981,NONE,LOW,0,0,0,train
W-076,2540.0,Tipam Sandstone,Porous Sandstone / Siltstone,12.63,28.04,104.3,7.43,2803.0,560.5,9.88,10.3,5,0.3187,3,2,1,2,999.0,1.7948,NONE,LOW,0,0,0,train
W-076,2550.0,Tipam Sandstone,Porous Sandstone / Siltstone,12.16,27.21,106.5,8.23,2830.3,566.6,9.73,10.17,5,0.3125,3,2,1,2,999.0,1.7927,NONE,LOW,0,0,0,train
W-076,2560.0,Tipam Sandstone,Porous Sandstone / Siltstone,12.9,27.73,112.4,7.83,2880.8,553.2,9.9,10.31,5,0.3066,3,2,1,2,999.0,1.7906,NONE,LOW,0,0,0,train
W-076,2570.0,Tipam Sandstone,Porous Sandstone / Siltstone,13.54,26.56,117.4,7.91,2807.3,544.0,9.81,10.16,5,0.3012,3,2,1,2,999.0,1.7896,NONE,LOW,0,0,0,train
W-076,2580.0,Tipam Sandstone,Porous Sandstone / Siltstone,11.88,28.52,114.5,7.66,2838.3,539.6,9.85,10.24,5,0.2961,3,2,1,2,999.0,1.7892,NONE,LOW,0,0,0,train
W-076,2590.0,Tipam Sandstone,Porous Sandstone / Siltstone,12.97,28.04,107.6,7.98,2850.8,546.6,10.01,10.42,5,0.2913,3,2,1,2,999.0,1.7892,NONE,LOW,0,0,0,train
W-076,2600.0,Tipam Sandstone,Porous Sandstone / Siltstone,11.92,28.84,105.3,8.36,2849.6,535.4,9.72,10.13,5,0.2868,3,2,1,2,999.0,1.79,NONE,LOW,0,0,0,train
W-076,2610.0,Tipam Sandstone,Porous Sandstone / Siltstone,12.92,28.14,117.4,8.54,2826.0,533.8,9.67,10.04,5,0.2826,3,2,1,2,999.0,1.7912,NONE,LOW,0,0,0,train
W-076,2620.0,Tipam Sandstone,Porous Sandstone / Siltstone,13.6,28.47,113.7,7.86,2850.5,549.7,9.7,10.14,5,0.2787,3,2,1,2,999.0,1.7932,NONE,LOW,0,0,0,train
W-076,2630.0,Tipam Sandstone,Porous Sandstone / Siltstone,11.87,30.47,108.8,7.77,2786.8,555.1,9.82,10.23,5,0.2751,3,2,1,2,999.0,1.7961,NONE,LOW,0,0,0,train
W-076,2640.0,Tipam Sandstone,Porous Sandstone / Siltstone,12.26,27.87,108.5,8.23,2876.0,548.2,9.81,10.24,5,0.2716,3,2,1,2,999.0,1.7994,NONE,LOW,0,0,0,train
W-076,2650.0,Tipam Sandstone,Porous Sandstone / Siltstone,12.2,28.84,104.6,8.12,2823.9,541.8,9.79,10.13,5,0.2684,3,2,1,2,999.0,1.8035,NONE,LOW,0,0,0,train
W-076,2660.0,Tipam Sandstone,Porous Sandstone / Siltstone,13.47,28.5,112.6,9.18,2875.1,543.9,9.79,10.17,5,0.2655,3,2,1,2,999.0,1.8085,NONE,LOW,0,0,0,train
W-076,2670.0,Tipam Sandstone,Porous Sandstone / Siltstone,12.12,28.01,113.9,8.51,2826.3,543.5,9.8,10.19,5,0.2626,3,2,1,2,999.0,1.8137,NONE,LOW,0,0,0,train
W-076,2680.0,Tipam Sandstone,Porous Sandstone / Siltstone,13.19,31.96,108.1,7.79,2884.7,544.5,9.85,10.24,5,0.26,3,2,1,2,999.0,1.8201,NONE,LOW,0,0,0,train
W-076,2690.0,Tipam Sandstone,Porous Sandstone / Siltstone,10.93,28.91,109.3,8.64,2872.6,540.0,9.77,10.16,5,0.2576,3,2,1,2,999.0,1.827,NONE,LOW,0,0,0,train
W-076,2700.0,Tipam Sandstone,Porous Sandstone / Siltstone,11.77,29.56,109.0,8.46,2825.8,548.1,9.63,10.02,5,0.2553,3,2,1,2,999.0,1.835,NONE,LOW,0,0,0,train
W-076,2710.0,Tipam Sandstone,Porous Sandstone / Siltstone,12.9,29.61,116.2,7.82,2910.9,541.6,9.88,10.24,5,0.2531,3,2,1,2,999.0,1.8435,NONE,LOW,0,0,0,train
W-076,2720.0,Tipam Sandstone,Porous Sandstone / Siltstone,11.6,29.57,110.4,8.54,2878.5,550.4,9.86,10.28,5,0.2511,3,2,1,2,999.0,1.8535,NONE,LOW,0,0,0,train
W-076,2730.0,Tipam Sandstone,Porous Sandstone / Siltstone,12.08,29.49,109.9,7.8,2880.4,562.8,9.75,10.13,5,0.2492,3,2,1,2,999.0,1.8639,NONE,LOW,0,0,0,train
W-076,2740.0,Tipam Sandstone,Porous Sandstone / Siltstone,11.48,28.91,112.6,8.42,2887.7,557.6,9.76,10.18,5,0.2505,3,2,1,2,999.0,1.8755,NONE,LOW,0,0,0,train
W-076,2750.0,Tipam Sandstone,Porous Sandstone / Siltstone,13.09,30.88,109.3,7.34,2904.1,556.2,9.89,10.34,5,0.2549,3,2,1,2,999.0,1.8879,NONE,LOW,0,0,0,train
W-076,2760.0,Tipam Sandstone,Porous Sandstone / Siltstone,13.67,29.78,110.9,7.31,2897.7,545.6,9.9,10.31,5,0.2596,3,2,1,2,999.0,1.9016,NONE,LOW,0,0,0,train
W-076,2770.0,Tipam Sandstone,Porous Sandstone / Siltstone,5.75,28.96,89.6,11.79,2897.2,559.6,9.8,10.26,5,0.2646,3,2,1,2,999.0,1.9166,STUCK_PIPE,MEDIUM,0,1,0,train
W-076,2780.0,Tipam Sandstone,Porous Sandstone / Siltstone,5.63,29.76,83.2,11.11,2882.1,541.1,9.81,10.23,5,0.27,3,2,1,2,999.0,1.9325,STUCK_PIPE,MEDIUM,0,1,0,train
W-076,2790.0,Tipam Sandstone,Porous Sandstone / Siltstone,5.76,30.1,86.9,11.74,2921.4,539.0,9.75,10.17,5,0.2757,3,2,1,2,999.0,1.9499,STUCK_PIPE,MEDIUM,0,1,0,train
W-076,2800.0,Barail,Coal / Shale / Sandstone Sequence,6.93,31.9,100.7,11.27,3321.2,477.3,10.66,11.1,5,0.4068,2,2,0,3,999.0,2.7049,NONE,LOW,0,0,0,train
W-076,2810.0,Barail,Coal / Shale / Sandstone Sequence,6.58,28.91,107.9,11.23,3309.3,473.8,10.6,11.03,5,0.4133,2,2,0,3,999.0,2.7309,NONE,LOW,0,0,0,train
W-076,2820.0,Barail,Coal / Shale / Sandstone Sequence,7.16,27.93,103.2,11.5,3377.5,490.1,10.65,11.04,5,0.4203,2,2,0,3,999.0,2.7592,NONE,LOW,0,0,0,train
W-076,2830.0,Barail,Coal / Shale / Sandstone Sequence,6.94,27.68,115.5,11.42,3305.2,480.2,10.63,11.07,5,0.4278,2,2,0,3,999.0,2.7892,NONE,LOW,0,0,0,train
W-076,2840.0,Barail,Coal / Shale / Sandstone Sequence,5.48,29.75,101.8,11.35,3339.7,484.6,10.54,10.97,5,0.4358,2,2,0,3,999.0,2.8212,NONE,LOW,0,0,0,train
W-076,2850.0,Barail,Coal / Shale / Sandstone Sequence,7.95,28.69,111.6,11.28,3336.4,479.5,10.65,11.1,5,0.4443,2,2,0,3,999.0,2.8552,NONE,LOW,0,0,0,train
W-076,2860.0,Barail,Coal / Shale / Sandstone Sequence,7.34,30.15,109.9,11.77,3321.5,482.8,10.56,10.95,5,0.4534,2,2,0,3,999.0,2.8917,NONE,LOW,0,0,0,train
W-076,2870.0,Barail,Coal / Shale / Sandstone Sequence,6.3,27.46,113.4,10.88,3312.1,485.2,10.54,10.97,5,0.4632,2,2,0,3,999.0,2.9309,NONE,LOW,0,0,0,train
W-076,2880.0,Barail,Coal / Shale / Sandstone Sequence,6.44,30.07,110.2,12.17,3299.5,463.6,10.46,10.88,5,0.4736,2,2,0,3,999.0,2.9728,NONE,LOW,0,0,0,train
W-076,2890.0,Barail,Coal / Shale / Sandstone Sequence,5.44,29.37,114.9,10.87,3380.9,473.3,10.56,10.96,5,0.4847,2,2,0,3,999.0,3.0173,NONE,LOW,0,0,0,train
W-076,2900.0,Barail,Coal / Shale / Sandstone Sequence,6.52,29.44,104.0,12.91,3312.6,476.0,10.5,10.93,5,0.4966,2,2,0,3,999.0,3.0649,NONE,LOW,0,0,0,train
W-076,2910.0,Barail,Coal / Shale / Sandstone Sequence,7.18,28.2,110.9,10.56,3350.0,466.9,10.75,11.12,5,0.5094,2,2,0,3,999.0,3.1161,NONE,LOW,0,0,0,train
W-076,2920.0,Barail,Coal / Shale / Sandstone Sequence,6.77,29.37,116.1,11.86,3346.1,470.2,10.6,11.05,5,0.5016,2,2,0,3,999.0,3.1279,NONE,LOW,0,0,0,train
W-076,2930.0,Barail,Coal / Shale / Sandstone Sequence,7.54,32.15,112.1,12.02,3255.4,478.4,10.54,10.97,5,0.4991,2,2,0,3,999.0,3.1521,NONE,LOW,0,0,0,train
W-076,2940.0,Barail,Coal / Shale / Sandstone Sequence,5.77,29.41,99.9,11.71,3287.9,489.0,10.67,11.11,5,0.512,2,2,0,3,999.0,3.209,NONE,LOW,0,0,0,train
W-076,2950.0,Barail,Coal / Shale / Sandstone Sequence,6.81,29.54,111.0,10.93,3353.1,466.9,10.56,10.91,5,0.4991,2,2,0,3,999.0,3.2166,NONE,LOW,0,0,0,train
W-076,2960.0,Barail,Coal / Shale / Sandstone Sequence,6.37,30.17,107.4,12.44,3344.0,481.9,10.59,11.0,5,0.487,2,2,0,3,999.0,3.204,NONE,LOW,0,0,0,train
W-076,2970.0,Barail,Coal / Shale / Sandstone Sequence,6.85,30.41,112.9,10.59,3297.8,479.4,10.68,11.07,5,0.4894,2,2,0,3,999.0,3.1928,NONE,LOW,0,0,0,train
W-076,2980.0,Barail,Coal / Shale / Sandstone Sequence,6.51,30.62,105.0,11.49,3311.5,483.1,10.65,10.99,5,0.5016,2,2,0,3,999.0,3.1855,NONE,LOW,0,0,0,train
W-076,2990.0,Barail,Coal / Shale / Sandstone Sequence,5.62,29.5,113.6,11.61,3306.4,474.6,10.63,10.98,5,0.5094,2,2,0,3,999.0,3.1714,NONE,LOW,0,0,0,train
W-076,3000.0,Barail,Coal / Shale / Sandstone Sequence,6.57,30.67,111.8,11.8,3349.7,477.8,10.46,10.83,5,0.4966,2,2,0,3,999.0,3.1182,NONE,LOW,0,0,0,train
W-076,3010.0,Barail,Coal / Shale / Sandstone Sequence,5.71,29.03,110.4,11.44,3429.1,469.2,10.56,10.96,5,0.5094,2,2,0,3,999.0,3.1179,NONE,LOW,0,0,0,train
W-076,3020.0,Barail,Coal / Shale / Sandstone Sequence,6.27,29.66,113.4,11.28,3350.2,476.6,10.49,10.84,5,0.5016,2,2,0,3,999.0,3.0783,NONE,LOW,0,0,0,train
W-076,3030.0,Barail,Coal / Shale / Sandstone Sequence,6.27,30.21,112.2,11.38,3351.2,466.2,10.55,10.96,5,0.4894,2,2,0,3,999.0,3.0316,NONE,LOW,0,0,0,train
W-076,3040.0,Barail,Coal / Shale / Sandstone Sequence,6.95,31.74,109.2,10.99,3359.6,482.8,10.54,10.93,5,0.4779,2,2,0,3,999.0,2.9878,NONE,LOW,0,0,0,train
W-076,3050.0,Barail,Coal / Shale / Sandstone Sequence,6.84,30.8,108.6,10.67,3373.9,473.9,10.55,10.96,5,0.4672,1,2,1,3,999.0,2.6694,NONE,LOW,0,0,0,train
W-076,3060.0,Barail,Coal / Shale / Sandstone Sequence,5.37,30.34,112.1,11.82,3367.9,464.2,10.61,11.05,5,0.4572,1,2,1,3,999.0,2.6405,NONE,LOW,0,0,0,train
W-076,3070.0,Barail,Coal / Shale / Sandstone Sequence,5.78,29.33,110.9,11.84,3355.3,486.6,10.63,10.98,5,0.4479,1,2,1,3,999.0,2.6151,NONE,LOW,0,0,0,train
W-076,3080.0,Barail,Coal / Shale / Sandstone Sequence,5.26,29.24,116.0,12.53,3375.9,474.9,10.52,10.91,5,0.4391,1,2,1,3,999.0,2.5923,NONE,LOW,0,0,0,train
W-076,3090.0,Barail,Coal / Shale / Sandstone Sequence,5.56,29.67,115.7,10.98,3353.8,480.1,10.64,11.05,5,0.4309,1,2,1,3,999.0,2.5729,NONE,LOW,0,0,0,train
W-076,3100.0,Barail,Coal / Shale / Sandstone Sequence,6.55,31.13,117.8,11.44,3374.0,492.2,10.55,10.93,5,0.4232,1,2,1,3,999.0,2.5562,NONE,LOW,0,0,0,train
W-076,3110.0,Barail,Coal / Shale / Sandstone Sequence,6.65,31.73,111.4,11.45,3341.3,479.5,10.49,10.93,5,0.4161,2,2,1,2,999.0,2.5464,NONE,LOW,0,0,0,train
W-076,3120.0,Barail,Coal / Shale / Sandstone Sequence,6.35,30.02,107.2,11.62,3391.1,483.5,10.5,10.87,5,0.4094,2,2,1,2,999.0,2.5204,NONE,LOW,0,0,0,train
W-076,3130.0,Barail,Coal / Shale / Sandstone Sequence,6.66,29.91,117.4,12.44,3432.3,472.5,10.47,10.89,5,0.4031,2,2,1,2,999.0,2.4918,NONE,LOW,0,0,0,train
W-076,3140.0,Barail,Coal / Shale / Sandstone Sequence,6.96,30.13,115.1,11.5,3388.2,467.7,10.67,11.09,5,0.3972,2,2,1,2,999.0,2.4652,NONE,LOW,0,0,0,train
W-076,3150.0,Barail,Coal / Shale / Sandstone Sequence,6.78,30.88,110.7,11.48,3407.2,478.4,10.58,10.94,5,0.3917,2,2,1,2,999.0,2.441,NONE,LOW,0,0,0,train
W-076,3160.0,Barail,Coal / Shale / Sandstone Sequence,6.01,29.05,105.9,11.64,3387.6,462.9,10.65,11.03,5,0.3866,2,2,1,2,999.0,2.4192,NONE,LOW,0,0,0,train
W-076,3170.0,Barail,Coal / Shale / Sandstone Sequence,6.23,30.48,114.2,11.9,3418.0,457.8,10.69,11.15,5,0.3818,2,2,1,2,999.0,2.3994,NONE,LOW,0,0,0,train
W-076,3180.0,Barail,Coal / Shale / Sandstone Sequence,7.98,29.78,102.9,11.5,3388.1,485.2,10.65,11.08,5,0.3773,2,2,1,2,999.0,2.3814,NONE,LOW,0,0,0,train
W-076,3190.0,Barail,Coal / Shale / Sandstone Sequence,6.36,31.39,109.0,11.33,3423.4,490.1,10.59,11.03,5,0.373,3,2,0,2,999.0,2.6562,NONE,LOW,0,0,0,train
W-076,3200.0,Barail,Coal / Shale / Sandstone Sequence,5.22,30.62,107.0,11.44,3383.2,479.8,10.59,10.96,5,0.3691,3,2,0,2,999.0,2.6495,NONE,LOW,0,0,0,train
W-087,1800.0,Tipam Sandstone,Porous Sandstone / Siltstone,13.23,24.04,110.0,8.48,2672.9,556.4,9.7,10.11,5,0.232,1,3,2,2,999.0,1.5474,NONE,LOW,0,0,0,test
W-087,1810.0,Tipam Sandstone,Porous Sandstone / Siltstone,13.32,25.75,102.7,7.74,2669.9,545.0,9.86,10.31,5,0.232,1,3,2,2,999.0,1.5474,NONE,LOW,0,0,0,test
W-087,1820.0,Tipam Sandstone,Porous Sandstone / Siltstone,12.55,26.63,109.3,8.09,2677.5,538.2,9.79,10.19,5,0.232,1,3,2,2,999.0,1.5474,NONE,LOW,0,0,0,test
W-087,1830.0,Tipam Sandstone,Porous Sandstone / Siltstone,12.54,27.08,103.7,7.15,2676.7,556.9,9.87,10.26,5,0.232,1,3,2,2,999.0,1.5474,NONE,LOW,0,0,0,test
W-087,1840.0,Tipam Sandstone,Porous Sandstone / Siltstone,12.95,24.38,107.2,8.09,2682.6,540.7,9.83,10.23,5,0.232,1,3,2,2,999.0,1.5476,NONE,LOW,0,0,0,test
W-087,1850.0,Tipam Sandstone,Porous Sandstone / Siltstone,12.75,25.39,107.8,8.62,2649.0,547.7,9.78,10.13,5,0.232,1,3,2,2,999.0,1.5476,NONE,LOW,0,0,0,test
W-087,1860.0,Tipam Sandstone,Porous Sandstone / Siltstone,12.81,25.82,112.4,8.28,2717.2,544.0,9.74,10.09,5,0.232,1,3,2,2,999.0,1.5476,NONE,LOW,0,0,0,test
W-087,1870.0,Tipam Sandstone,Porous Sandstone / Siltstone,12.08,24.31,110.4,8.63,2706.0,554.0,9.72,10.18,5,0.232,1,3,2,2,999.0,1.5477,NONE,LOW,0,0,0,test
W-087,1880.0,Tipam Sandstone,Porous Sandstone / Siltstone,11.52,26.78,102.6,7.62,2683.0,549.2,9.77,10.17,5,0.232,1,3,2,2,999.0,1.5477,NONE,LOW,0,0,0,test
W-087,1890.0,Tipam Sandstone,Porous Sandstone / Siltstone,12.49,26.76,110.1,7.58,2641.3,543.5,9.71,10.12,5,0.232,1,3,2,2,999.0,1.5477,NONE,LOW,0,0,0,test
W-087,1900.0,Tipam Sandstone,Porous Sandstone / Siltstone,12.02,22.95,111.7,7.55,2692.2,544.0,9.83,10.2,5,0.232,1,3,2,2,999.0,1.5477,NONE,LOW,0,0,0,test
W-087,1910.0,Tipam Sandstone,Porous Sandstone / Siltstone,13.91,26.54,110.5,8.18,2633.7,541.0,9.81,10.14,5,0.232,1,3,2,2,999.0,1.5481,NONE,LOW,0,0,0,test
W-087,1920.0,Tipam Sandstone,Porous Sandstone / Siltstone,13.42,26.15,110.5,7.22,2674.5,564.3,9.94,10.34,5,0.232,1,3,2,2,999.0,1.5481,NONE,LOW,0,0,0,test
W-087,1930.0,Tipam Sandstone,Porous Sandstone / Siltstone,11.45,27.38,109.7,7.12,2659.4,539.8,9.75,10.15,5,0.232,1,3,2,2,999.0,1.5481,NONE,LOW,0,0,0,test
W-087,1940.0,Tipam Sandstone,Porous Sandstone / Siltstone,12.2,26.69,110.3,8.53,2676.1,574.4,9.82,10.2,5,0.232,1,3,2,2,999.0,1.5481,NONE,LOW,0,0,0,test
W-087,1950.0,Tipam Sandstone,Porous Sandstone / Siltstone,11.88,25.55,103.1,8.15,2639.9,551.3,9.73,10.09,5,0.232,1,3,2,2,999.0,1.5481,NONE,LOW,0,0,0,test
W-087,1960.0,Tipam Sandstone,Porous Sandstone / Siltstone,12.86,28.6,105.7,7.92,2671.9,543.0,9.77,10.15,5,0.232,1,3,2,2,999.0,1.5483,NONE,LOW,0,0,0,test
W-087,1970.0,Tipam Sandstone,Porous Sandstone / Siltstone,12.21,28.58,111.7,7.49,2683.3,543.6,9.87,10.29,5,0.232,1,3,2,2,999.0,1.5483,NONE,LOW,0,0,0,test
W-087,1980.0,Tipam Sandstone,Porous Sandstone / Siltstone,11.7,25.21,112.7,8.62,2729.5,554.2,9.67,10.07,5,0.232,1,3,2,2,999.0,1.5483,NONE,LOW,0,0,0,test
W-087,1990.0,Tipam Sandstone,Porous Sandstone / Siltstone,11.81,23.75,111.7,7.5,2695.9,551.0,9.86,10.27,5,0.232,1,3,2,2,999.0,1.5485,NONE,LOW,0,0,0,test
W-087,2000.0,Tipam Sandstone,Porous Sandstone / Siltstone,13.0,26.23,108.2,8.05,2685.1,548.4,9.88,10.35,5,0.232,1,3,2,2,999.0,1.5487,NONE,LOW,0,0,0,test
W-087,2010.0,Tipam Sandstone,Porous Sandstone / Siltstone,12.77,25.19,114.1,8.38,2721.7,551.7,9.81,10.25,5,0.232,1,3,2,2,999.0,1.5487,NONE,LOW,0,0,0,test
W-087,2020.0,Tipam Sandstone,Porous Sandstone / Siltstone,12.67,25.94,113.6,7.55,2687.1,549.6,9.9,10.25,5,0.232,1,3,2,2,999.0,1.5487,NONE,LOW,0,0,0,test
W-087,2030.0,Tipam Sandstone,Porous Sandstone / Siltstone,11.92,25.55,109.1,8.02,2698.9,549.5,9.87,10.26,5,0.232,1,3,2,2,999.0,1.5489,NONE,LOW,0,0,0,test
W-087,2040.0,Tipam Sandstone,Porous Sandstone / Siltstone,12.04,27.46,101.6,7.9,2698.3,553.4,9.76,10.12,5,0.232,1,3,2,2,999.0,1.5492,NONE,LOW,0,0,0,test
W-087,2050.0,Tipam Sandstone,Porous Sandstone / Siltstone,12.44,27.48,111.3,7.41,2700.3,557.1,9.76,10.12,5,0.232,1,3,2,2,999.0,1.5492,NONE,LOW,0,0,0,test
W-087,2060.0,Tipam Sandstone,Porous Sandstone / Siltstone,12.49,25.78,120.8,7.79,2726.2,543.9,9.79,10.21,5,0.232,1,3,2,2,999.0,1.5494,NONE,LOW,0,0,0,test
W-087,2070.0,Tipam Sandstone,Porous Sandstone / Siltstone,12.15,26.21,106.4,7.43,2743.4,545.6,9.87,10.2,5,0.232,1,3,2,2,999.0,1.5494,NONE,LOW,0,0,0,test
W-087,2080.0,Tipam Sandstone,Porous Sandstone / Siltstone,12.02,26.02,116.6,7.93,2715.9,540.2,9.94,10.29,5,0.232,1,3,2,2,999.0,1.5498,NONE,LOW,0,0,0,test
W-087,2090.0,Tipam Sandstone,Porous Sandstone / Siltstone,12.72,26.73,108.1,8.01,2676.6,553.7,9.79,10.19,5,0.232,1,3,2,2,999.0,1.5498,NONE,LOW,0,0,0,test
W-087,2100.0,Tipam Sandstone,Porous Sandstone / Siltstone,12.5,25.27,109.8,7.84,2735.9,550.2,9.96,10.32,5,0.232,1,3,2,2,999.0,1.55,NONE,LOW,0,0,0,test
W-087,2110.0,Tipam Sandstone,Porous Sandstone / Siltstone,12.66,28.1,110.3,8.41,2752.8,552.1,9.67,10.04,5,0.232,1,3,2,2,999.0,1.5505,NONE,LOW,0,0,0,test
W-087,2120.0,Tipam Sandstone,Porous Sandstone / Siltstone,13.22,27.12,113.0,7.77,2724.9,549.1,9.82,10.21,5,0.232,1,3,2,2,999.0,1.5505,NONE,LOW,0,0,0,test
W-087,2130.0,Tipam Sandstone,Porous Sandstone / Siltstone,11.09,26.56,109.7,7.31,2749.3,544.2,9.89,10.28,5,0.232,1,3,2,2,999.0,1.5509,NONE,LOW,0,0,0,test
W-087,2140.0,Tipam Sandstone,Porous Sandstone / Siltstone,13.11,27.25,111.5,7.92,2785.0,556.4,9.95,10.33,5,0.232,1,3,2,2,999.0,1.5511,NONE,LOW,0,0,0,test
W-087,2150.0,Tipam Sandstone,Porous Sandstone / Siltstone,12.84,26.53,104.3,8.21,2730.8,554.2,9.69,10.1,5,0.232,1,3,2,2,999.0,1.5511,NONE,LOW,0,0,0,test
W-087,2160.0,Tipam Sandstone,Porous Sandstone / Siltstone,12.88,26.04,108.3,7.73,2768.3,547.8,9.75,10.19,5,0.232,1,3,2,2,999.0,1.5516,NONE,LOW,0,0,0,test
W-087,2170.0,Tipam Sandstone,Porous Sandstone / Siltstone,12.06,23.17,114.2,7.83,2720.8,545.3,9.94,10.33,5,0.232,1,3,2,2,999.0,1.552,NONE,LOW,0,0,0,test
W-087,2180.0,Tipam Sandstone,Porous Sandstone / Siltstone,12.6,28.26,112.0,7.85,2735.2,554.5,9.9,10.33,5,0.232,1,3,2,2,999.0,1.5522,NONE,LOW,0,0,0,test
W-087,2190.0,Tipam Sandstone,Porous Sandstone / Siltstone,12.34,26.97,112.3,7.81,2719.1,543.5,9.88,10.27,5,0.232,1,3,2,2,999.0,1.5526,NONE,LOW,0,0,0,test
W-087,2200.0,Tipam Sandstone,Porous Sandstone / Siltstone,13.26,25.17,107.6,7.82,2769.9,545.8,9.85,10.24,5,0.232,1,3,2,2,999.0,1.5529,NONE,LOW,0,0,0,test
W-087,2210.0,Tipam Sandstone,Porous Sandstone / Siltstone,12.79,26.65,107.4,7.87,2780.7,542.0,9.69,10.06,5,0.232,1,3,2,2,999.0,1.5535,NONE,LOW,0,0,0,test
W-087,2220.0,Tipam Sandstone,Porous Sandstone / Siltstone,12.55,27.68,111.6,7.98,2746.3,556.7,9.9,10.34,5,0.232,1,3,2,2,999.0,1.5539,NONE,LOW,0,0,0,test
W-087,2230.0,Tipam Sandstone,Porous Sandstone / Siltstone,11.79,28.49,108.6,7.62,2753.3,556.6,9.89,10.3,5,0.232,1,3,2,2,999.0,1.5544,NONE,LOW,0,0,0,test
W-087,2240.0,Tipam Sandstone,Porous Sandstone / Siltstone,13.0,27.13,107.7,7.65,2770.3,549.3,9.78,10.14,5,0.232,1,3,2,2,999.0,1.555,NONE,LOW,0,0,0,test
W-087,2250.0,Tipam Sandstone,Porous Sandstone / Siltstone,12.21,28.91,104.4,7.91,2745.0,542.2,9.87,10.25,5,0.232,1,3,2,2,999.0,1.5554,NONE,LOW,0,0,0,test
W-087,2260.0,Tipam Sandstone,Porous Sandstone / Siltstone,12.59,26.09,102.7,7.14,2751.6,544.9,9.94,10.33,5,0.232,2,3,1,2,999.0,1.5564,NONE,LOW,0,0,0,test
W-087,2270.0,Tipam Sandstone,Porous Sandstone / Siltstone,12.44,28.31,116.5,7.05,2747.5,543.2,9.62,10.02,5,0.232,2,3,1,2,999.0,1.5614,NONE,LOW,0,0,0,test
W-087,2280.0,Tipam Sandstone,Porous Sandstone / Siltstone,13.51,27.17,109.5,8.8,2769.6,553.2,9.7,10.08,5,0.232,2,3,1,2,999.0,1.5667,NONE,LOW,0,0,0,test
W-087,2290.0,Tipam Sandstone,Porous Sandstone / Siltstone,12.13,29.78,112.5,8.14,2748.1,557.3,9.69,10.05,5,0.232,2,3,1,2,999.0,1.5723,NONE,LOW,0,0,0,test
W-087,2300.0,Tipam Sandstone,Porous Sandstone / Siltstone,12.16,29.55,117.6,7.77,2758.1,536.9,9.67,10.08,5,0.232,2,3,1,2,999.0,1.5783,NONE,LOW,0,0,0,test
W-087,2310.0,Tipam Sandstone,Porous Sandstone / Siltstone,12.97,28.33,109.2,8.28,2760.0,554.3,9.81,10.2,5,0.232,2,3,1,2,999.0,1.5849,NONE,LOW,0,0,0,test
W-087,2320.0,Tipam Sandstone,Porous Sandstone / Siltstone,12.73,27.36,113.2,7.21,2753.4,547.8,9.84,10.19,5,0.232,2,3,1,2,999.0,1.5918,NONE,LOW,0,0,0,test
W-087,2330.0,Tipam Sandstone,Porous Sandstone / Siltstone,12.28,28.89,110.6,8.51,2790.0,545.7,9.77,10.17,5,0.232,2,3,1,2,999.0,1.5992,NONE,LOW,0,0,0,test
W-087,2340.0,Tipam Sandstone,Porous Sandstone / Siltstone,13.22,27.2,103.4,7.14,2776.8,531.3,9.86,10.31,5,0.232,2,3,1,2,999.0,1.6072,NONE,LOW,0,0,0,test
W-087,2350.0,Tipam Sandstone,Porous Sandstone / Siltstone,12.12,26.07,114.1,7.44,2762.0,543.9,9.85,10.25,5,0.232,2,3,1,2,999.0,1.6155,NONE,LOW,0,0,0,test
W-087,2360.0,Tipam Sandstone,Porous Sandstone / Siltstone,13.22,28.69,110.0,8.51,2773.2,535.4,9.85,10.23,5,0.232,2,3,1,2,999.0,1.6246,NONE,LOW,0,0,0,test
W-087,2370.0,Tipam Sandstone,Porous Sandstone / Siltstone,12.12,26.33,108.2,8.31,2835.4,536.2,9.74,10.1,5,0.232,2,3,1,2,999.0,1.6344,NONE,LOW,0,0,0,test
W-087,2380.0,Tipam Sandstone,Porous Sandstone / Siltstone,12.96,27.27,107.1,8.36,2818.9,549.8,9.74,10.11,5,0.2394,2,3,1,2,999.0,1.645,NONE,LOW,0,0,0,test
W-087,2390.0,Tipam Sandstone,Porous Sandstone / Siltstone,12.36,27.27,108.0,8.46,2803.7,558.3,9.82,10.26,5,0.2492,2,3,1,2,999.0,1.656,NONE,LOW,0,0,0,test
W-087,2400.0,Tipam Sandstone,Porous Sandstone / Siltstone,12.2,28.85,111.9,9.3,2807.8,555.6,9.84,10.25,5,0.2597,2,3,1,2,999.0,1.6679,NONE,LOW,0,0,0,test
W-087,2410.0,Tipam Sandstone,Porous Sandstone / Siltstone,12.34,27.99,112.1,8.58,2810.2,546.3,9.79,10.18,5,0.2709,2,3,1,2,999.0,1.6803,NONE,LOW,0,0,0,test
W-087,2420.0,Tipam Sandstone,Porous Sandstone / Siltstone,13.5,27.03,113.9,8.14,2812.6,549.1,9.69,10.07,5,0.2829,2,3,1,2,999.0,1.6939,NONE,LOW,0,0,0,test
W-087,2430.0,Tipam Sandstone,Porous Sandstone / Siltstone,13.54,27.86,114.5,8.69,2797.2,553.4,9.72,10.12,5,0.2957,2,3,1,2,999.0,1.7083,NONE,LOW,0,0,0,test
W-087,2440.0,Tipam Sandstone,Porous Sandstone / Siltstone,12.39,28.47,108.0,7.84,2805.7,566.9,9.71,10.05,5,0.2854,2,3,1,2,999.0,1.7,NONE,LOW,0,0,0,test
W-087,2450.0,Tipam Sandstone,Porous Sandstone / Siltstone,12.35,27.03,108.9,8.33,2830.6,551.5,9.84,10.27,5,0.2732,2,3,1,2,999.0,1.6896,NONE,LOW,0,0,0,test
W-087,2460.0,Tipam Sandstone,Porous Sandstone / Siltstone,12.99,27.18,112.0,8.25,2794.6,537.4,9.9,10.24,5,0.2618,2,3,1,2,999.0,1.6802,NONE,LOW,0,0,0,test
W-087,2470.0,Tipam Sandstone,Porous Sandstone / Siltstone,12.68,26.46,114.2,8.08,2851.2,553.0,9.81,10.17,5,0.2512,2,3,1,2,999.0,1.6718,NONE,LOW,0,0,0,test
W-087,2480.0,Tipam Sandstone,Porous Sandstone / Siltstone,12.9,27.26,104.2,8.05,2795.0,559.0,9.84,10.22,5,0.2413,2,3,1,2,999.0,1.6643,NONE,LOW,0,0,0,test
W-087,2490.0,Tipam Sandstone,Porous Sandstone / Siltstone,11.23,28.12,115.7,7.55,2818.5,546.8,9.94,10.32,5,0.232,2,3,1,2,999.0,1.6574,NONE,LOW,0,0,0,test
W-087,2500.0,Tipam Sandstone,Porous Sandstone / Siltstone,11.72,27.87,112.1,7.89,2800.0,558.2,9.82,10.24,5,0.232,2,3,1,2,999.0,1.6513,NONE,LOW,0,0,0,test
W-087,2510.0,Tipam Sandstone,Porous Sandstone / Siltstone,11.72,26.9,112.2,8.14,2847.3,547.4,9.72,10.09,5,0.232,2,3,1,2,999.0,1.6461,NONE,LOW,0,0,0,test
W-087,2520.0,Tipam Sandstone,Porous Sandstone / Siltstone,12.17,28.3,103.8,7.72,2855.2,544.3,9.87,10.3,5,0.232,2,3,1,2,999.0,1.6415,NONE,LOW,0,0,0,test
W-087,2530.0,Tipam Sandstone,Porous Sandstone / Siltstone,12.16,27.91,117.0,7.42,2849.3,558.5,9.61,9.99,5,0.232,2,3,1,2,999.0,1.6376,NONE,LOW,0,0,0,test
W-087,2540.0,Tipam Sandstone,Porous Sandstone / Siltstone,12.58,26.38,108.2,8.64,2848.1,548.7,9.77,10.17,5,0.232,2,3,1,2,999.0,1.6343,NONE,LOW,0,0,0,test
W-087,2550.0,Tipam Sandstone,Porous Sandstone / Siltstone,12.96,27.53,116.1,8.66,2854.4,543.3,9.85,10.22,5,0.2321,2,3,1,2,999.0,1.6321,NONE,LOW,0,0,0,test
W-087,2560.0,Tipam Sandstone,Porous Sandstone / Siltstone,12.54,26.12,112.0,8.64,2854.4,544.6,9.77,10.15,5,0.2321,2,3,1,2,999.0,1.63,NONE,LOW,0,0,0,test
W-087,2570.0,Tipam Sandstone,Porous Sandstone / Siltstone,12.41,28.81,112.4,8.55,2814.2,551.8,9.82,10.21,5,0.2321,2,3,1,2,999.0,1.629,NONE,LOW,0,0,0,test
W-087,2580.0,Tipam Sandstone,Porous Sandstone / Siltstone,13.02,29.49,115.6,8.21,2842.2,548.0,9.79,10.14,5,0.2321,2,3,1,2,999.0,1.6285,NONE,LOW,0,0,0,test
W-087,2590.0,Tipam Sandstone,Porous Sandstone / Siltstone,12.31,28.97,112.7,7.38,2824.4,562.4,9.91,10.32,5,0.2321,1,4,1,2,999.0,1.6336,NONE,LOW,0,0,0,test
W-087,2600.0,Tipam Sandstone,Porous Sandstone / Siltstone,12.42,29.7,113.7,7.27,2890.9,557.7,9.75,10.15,5,0.2321,1,4,1,2,999.0,1.6426,NONE,LOW,0,0,0,test
W-087,2610.0,Tipam Sandstone,Porous Sandstone / Siltstone,13.13,29.01,104.2,7.88,2930.7,550.1,9.7,10.08,5,0.2321,1,4,1,2,999.0,1.6522,NONE,LOW,0,0,0,test
W-087,2620.0,Tipam Sandstone,Porous Sandstone / Siltstone,13.56,29.5,115.6,8.12,2886.4,543.2,9.72,10.12,5,0.2321,1,4,1,2,999.0,1.6624,NONE,LOW,0,0,0,test
W-087,2630.0,Tipam Sandstone,Porous Sandstone / Siltstone,13.33,28.9,107.5,8.03,2815.6,531.4,9.82,10.25,5,0.2321,1,4,1,2,999.0,1.6736,NONE,LOW,0,0,0,test
W-087,2640.0,Tipam Sandstone,Porous Sandstone / Siltstone,12.34,29.56,115.6,8.27,2908.2,554.0,9.77,10.18,5,0.2321,1,4,1,2,999.0,1.6854,NONE,LOW,0,0,0,test
W-087,2650.0,Tipam Sandstone,Porous Sandstone / Siltstone,11.73,29.75,100.2,7.71,2863.1,543.7,9.82,10.21,5,0.2321,1,4,1,2,999.0,1.6981,NONE,LOW,0,0,0,test
W-087,2660.0,Tipam Sandstone,Porous Sandstone / Siltstone,13.16,27.82,108.1,7.36,2882.6,548.0,9.95,10.29,5,0.2321,1,4,1,2,999.0,1.7117,NONE,LOW,0,0,0,test
W-087,2670.0,Tipam Sandstone,Porous Sandstone / Siltstone,12.76,29.84,109.7,7.81,2917.2,550.1,9.81,10.23,5,0.2321,1,4,1,2,999.0,1.7259,NONE,LOW,0,0,0,test
W-087,2680.0,Tipam Sandstone,Porous Sandstone / Siltstone,12.91,26.97,108.2,7.4,2854.9,560.0,9.76,10.14,5,0.2321,1,4,1,2,999.0,1.7415,NONE,LOW,0,0,0,test
W-087,2690.0,Tipam Sandstone,Porous Sandstone / Siltstone,13.41,28.73,114.0,8.27,2875.4,556.0,9.86,10.31,5,0.2325,1,4,1,2,999.0,1.7578,NONE,LOW,0,0,0,test
W-087,2700.0,Tipam Sandstone,Porous Sandstone / Siltstone,11.92,27.58,114.0,8.56,2861.6,532.9,9.75,10.13,5,0.2357,1,4,1,2,999.0,1.7755,NONE,LOW,0,0,0,test
W-087,2710.0,Tipam Sandstone,Porous Sandstone / Siltstone,12.46,29.06,107.9,8.51,2886.1,554.7,9.84,10.25,5,0.2404,1,4,1,2,999.0,1.7942,NONE,LOW,0,0,0,test
W-087,2720.0,Tipam Sandstone,Porous Sandstone / Siltstone,12.78,27.77,111.5,8.4,2908.9,553.3,9.84,10.21,5,0.2491,1,4,1,2,999.0,1.8147,NONE,LOW,0,0,0,test
W-087,2730.0,Tipam Sandstone,Porous Sandstone / Siltstone,12.24,29.15,109.5,7.44,2854.3,533.2,9.74,10.04,5,0.2583,1,3,2,2,999.0,1.8368,NONE,LOW,0,0,0,test
W-087,2740.0,Tipam Sandstone,Porous Sandstone / Siltstone,13.89,31.12,106.1,8.07,2848.4,539.5,9.79,10.15,5,0.2682,1,3,2,2,999.0,1.8609,NONE,LOW,0,0,0,test
W-087,2750.0,Tipam Sandstone,Porous Sandstone / Siltstone,12.39,29.3,112.7,7.83,2888.4,541.2,9.78,10.14,5,0.2787,1,3,2,2,999.0,1.8866,NONE,LOW,0,0,0,test
W-087,2760.0,Tipam Sandstone,Porous Sandstone / Siltstone,12.89,28.63,102.5,7.97,2858.8,563.3,9.68,10.06,5,0.29,1,3,2,2,999.0,1.9141,NONE,LOW,0,0,0,test
W-087,2770.0,Tipam Sandstone,Porous Sandstone / Siltstone,13.15,27.93,110.3,8.28,2895.4,552.9,9.85,10.21,5,0.3021,1,3,2,2,999.0,1.9438,NONE,LOW,0,0,0,test
W-087,2780.0,Tipam Sandstone,Porous Sandstone / Siltstone,12.21,29.54,113.7,8.33,2903.7,555.1,9.84,10.26,5,0.315,1,3,2,2,999.0,1.9753,NONE,LOW,0,0,0,test
W-087,2790.0,Tipam Sandstone,Porous Sandstone / Siltstone,12.48,29.36,113.7,7.75,2864.1,553.9,9.92,10.31,5,0.3021,1,3,2,2,999.0,1.9823,NONE,LOW,0,0,0,test
W-087,2800.0,Barail,Coal / Shale / Sandstone Sequence,6.8,30.92,103.5,12.01,3236.6,476.8,10.5,10.96,5,0.5318,2,2,0,3,999.0,3.7049,NONE,LOW,0,0,0,test
W-087,2810.0,Barail,Coal / Shale / Sandstone Sequence,6.55,30.16,103.1,11.54,3304.1,494.9,10.57,10.94,5,0.5383,2,2,0,3,999.0,3.7309,NONE,LOW,0,0,0,test
W-087,2820.0,Barail,Coal / Shale / Sandstone Sequence,5.94,28.04,114.5,11.51,3291.1,475.9,10.57,10.95,5,0.5453,2,2,0,3,999.0,3.7592,NONE,LOW,0,0,0,test
W-087,2830.0,Barail,Coal / Shale / Sandstone Sequence,5.74,29.01,108.6,11.12,3311.4,481.9,10.56,10.95,5,0.5528,2,2,0,3,999.0,3.7892,NONE,LOW,0,0,0,test
W-087,2840.0,Barail,Coal / Shale / Sandstone Sequence,7.8,31.9,105.8,11.04,3283.5,488.5,10.59,10.98,5,0.5608,2,2,0,3,999.0,3.8212,NONE,LOW,0,0,0,test
W-087,2850.0,Barail,Coal / Shale / Sandstone Sequence,7.7,29.39,112.8,11.76,3297.8,488.5,10.62,10.99,5,0.5693,2,2,0,3,999.0,3.8552,NONE,LOW,0,0,0,test
W-087,2860.0,Barail,Coal / Shale / Sandstone Sequence,6.15,28.87,105.6,11.04,3304.3,460.5,10.71,11.1,5,0.5784,2,2,0,3,999.0,3.8917,NONE,LOW,0,0,0,test
W-087,2870.0,Barail,Coal / Shale / Sandstone Sequence,6.97,29.99,107.2,11.27,3311.6,491.9,10.56,10.93,5,0.5882,2,2,0,3,999.0,3.9309,NONE,LOW,0,0,0,test
W-087,2880.0,Barail,Coal / Shale / Sandstone Sequence,5.82,27.74,111.2,11.6,3352.1,488.3,10.54,11.01,5,0.5986,2,2,0,3,999.0,3.9728,NONE,LOW,0,0,0,test
W-087,2890.0,Barail,Coal / Shale / Sandstone Sequence,6.34,28.0,112.8,11.56,3338.8,470.9,10.59,11.0,5,0.6097,2,2,0,3,999.0,4.0173,NONE,LOW,0,0,0,test
W-087,2900.0,Barail,Coal / Shale / Sandstone Sequence,6.58,28.78,114.8,12.53,3297.2,485.8,10.62,10.93,5,0.6216,2,2,0,3,999.0,4.0649,NONE,LOW,0,0,0,test
W-087,2910.0,Barail,Coal / Shale / Sandstone Sequence,5.38,29.01,104.7,11.39,3348.5,465.1,10.65,11.04,5,0.6344,2,2,0,3,999.0,4.1161,NONE,LOW,0,0,0,test
W-087,2920.0,Barail,Coal / Shale / Sandstone Sequence,7.45,30.2,105.3,11.26,3368.9,485.7,10.56,10.93,5,0.6266,2,2,0,3,999.0,4.1279,NONE,LOW,0,0,0,test
W-087,2930.0,Barail,Coal / Shale / Sandstone Sequence,6.36,29.07,103.2,11.16,3367.2,477.0,10.58,10.98,5,0.6241,2,2,0,3,999.0,4.1521,NONE,LOW,0,0,0,test
W-087,2940.0,Barail,Coal / Shale / Sandstone Sequence,7.83,29.77,114.4,11.2,3328.5,480.1,10.61,10.99,5,0.637,2,2,0,3,999.0,4.209,NONE,LOW,0,0,0,test
W-087,2950.0,Barail,Coal / Shale / Sandstone Sequence,7.03,28.84,110.0,11.85,3316.9,488.8,10.58,10.99,5,0.6241,2,2,0,3,999.0,4.2166,NONE,LOW,0,0,0,test
W-087,2960.0,Barail,Coal / Shale / Sandstone Sequence,5.3,29.39,111.5,12.37,3354.2,489.0,10.59,10.95,5,0.612,2,2,0,3,999.0,4.204,NONE,LOW,0,0,0,test
W-087,2970.0,Barail,Coal / Shale / Sandstone Sequence,7.23,28.81,113.9,11.87,3349.4,477.4,10.59,10.96,5,0.6144,2,2,0,3,999.0,4.1928,NONE,LOW,0,0,0,test
W-087,2980.0,Barail,Coal / Shale / Sandstone Sequence,6.88,30.33,108.3,11.52,3349.1,483.2,10.74,11.16,5,0.6266,2,2,0,3,999.0,4.1855,NONE,LOW,0,0,0,test
W-087,2990.0,Barail,Coal / Shale / Sandstone Sequence,5.62,30.06,103.0,11.34,3334.8,483.9,10.54,11.0,5,0.6344,2,2,0,3,999.0,4.1714,NONE,LOW,0,0,0,test
W-087,3000.0,Barail,Coal / Shale / Sandstone Sequence,7.86,29.72,111.4,10.79,3374.9,480.3,10.44,10.84,5,0.6216,2,2,0,3,999.0,4.1182,NONE,LOW,0,0,0,test
W-087,3010.0,Barail,Coal / Shale / Sandstone Sequence,6.54,31.05,109.1,12.09,3380.8,474.9,10.45,10.89,5,0.6344,2,2,0,3,999.0,4.1179,NONE,LOW,0,0,0,test
W-087,3020.0,Barail,Coal / Shale / Sandstone Sequence,6.53,30.2,110.3,10.18,3350.4,469.1,10.6,11.05,5,0.6266,2,2,0,3,999.0,4.0783,NONE,LOW,0,0,0,test
W-087,3030.0,Barail,Coal / Shale / Sandstone Sequence,7.01,29.83,106.0,11.17,3406.1,474.5,10.73,11.06,5,0.6144,2,2,0,3,999.0,4.0316,NONE,LOW,0,0,0,test
W-087,3040.0,Barail,Coal / Shale / Sandstone Sequence,7.4,32.15,114.2,12.1,3361.3,463.4,10.68,11.08,5,0.6029,2,2,0,3,999.0,3.9878,NONE,LOW,0,0,0,test
W-087,3050.0,Barail,Coal / Shale / Sandstone Sequence,6.42,29.98,106.1,11.0,3408.5,495.0,10.65,11.05,5,0.5922,2,2,0,3,999.0,3.5379,NONE,LOW,0,0,0,test
W-087,3060.0,Barail,Coal / Shale / Sandstone Sequence,5.91,31.01,117.0,10.74,3376.6,484.3,10.62,11.04,5,0.5822,2,2,0,3,999.0,3.5012,NONE,LOW,0,0,0,test
W-087,3070.0,Barail,Coal / Shale / Sandstone Sequence,7.72,30.0,112.7,11.54,3351.7,482.2,10.73,11.15,5,0.5729,2,2,0,3,999.0,3.4673,NONE,LOW,0,0,0,test
W-087,3080.0,Barail,Coal / Shale / Sandstone Sequence,5.97,29.76,108.2,11.08,3377.8,483.3,10.62,11.05,5,0.5641,2,2,0,3,999.0,3.4356,NONE,LOW,0,0,0,test
W-087,3090.0,Barail,Coal / Shale / Sandstone Sequence,6.15,32.23,109.3,11.52,3368.1,489.1,10.53,10.97,5,0.5559,2,2,0,3,999.0,3.4067,NONE,LOW,0,0,0,test
W-087,3100.0,Barail,Coal / Shale / Sandstone Sequence,6.52,29.35,117.7,11.93,3363.6,491.4,10.69,11.07,5,0.5482,2,2,0,3,999.0,3.3798,NONE,LOW,0,0,0,test
W-087,3110.0,Barail,Coal / Shale / Sandstone Sequence,7.39,29.33,112.3,11.89,3442.9,474.1,10.71,11.16,5,0.5411,2,2,0,3,999.0,3.3553,NONE,LOW,0,0,0,test
W-087,3120.0,Barail,Coal / Shale / Sandstone Sequence,5.76,30.34,110.0,10.97,3387.8,487.7,10.6,11.01,5,0.5344,2,2,0,3,999.0,3.3326,NONE,LOW,0,0,0,test
W-087,3130.0,Barail,Coal / Shale / Sandstone Sequence,6.41,30.51,110.9,12.05,3389.3,468.8,10.56,10.94,5,0.5281,3,2,0,2,999.0,3.7244,NONE,LOW,0,0,0,test
W-087,3140.0,Barail,Coal / Shale / Sandstone Sequence,7.17,32.12,117.1,11.57,3404.1,468.4,10.61,11.03,5,0.5222,3,2,0,2,999.0,3.7093,NONE,LOW,0,0,0,test
W-087,3150.0,Barail,Coal / Shale / Sandstone Sequence,6.46,34.24,111.2,11.07,3397.7,475.9,10.51,10.89,5,0.5167,3,2,0,2,999.0,3.6958,NONE,LOW,0,0,0,test
W-087,3160.0,Barail,Coal / Shale / Sandstone Sequence,7.14,31.05,108.4,11.34,3428.6,482.5,10.77,11.08,5,0.5116,3,2,0,2,999.0,3.684,NONE,LOW,0,0,0,test
W-087,3170.0,Barail,Coal / Shale / Sandstone Sequence,6.61,31.09,114.3,11.73,3411.2,476.6,10.79,11.16,5,0.5068,3,2,0,2,999.0,3.6735,NONE,LOW,0,0,0,test
W-087,3180.0,Barail,Coal / Shale / Sandstone Sequence,7.36,29.94,107.1,12.11,3383.6,476.7,10.62,11.01,5,0.5023,3,2,0,2,999.0,3.6643,NONE,LOW,0,0,0,test
W-087,3190.0,Barail,Coal / Shale / Sandstone Sequence,5.56,30.11,110.9,11.61,3426.4,494.7,10.59,11.04,5,0.498,3,2,0,2,999.0,3.6562,NONE,LOW,0,0,0,test
W-087,3200.0,Barail,Coal / Shale / Sandstone Sequence,6.41,30.05,110.1,11.79,3420.5,485.0,10.67,11.07,5,0.4941,3,2,0,2,999.0,3.6495,NONE,LOW,0,0,0,test
W-087,3210.0,Barail,Coal / Shale / Sandstone Sequence,7.26,31.9,109.9,11.08,3381.1,474.6,10.66,11.07,5,0.4904,3,2,0,2,999.0,3.6443,NONE,LOW,0,0,0,test
W-087,3220.0,Barail,Coal / Shale / Sandstone Sequence,5.65,30.28,111.0,11.05,3415.8,477.5,10.64,11.02,5,0.487,3,2,0,2,999.0,3.6401,NONE,LOW,0,0,0,test
W-087,3230.0,Barail,Coal / Shale / Sandstone Sequence,6.74,29.9,109.0,11.73,3388.4,466.7,10.6,10.96,5,0.4838,3,2,0,2,999.0,3.6371,NONE,LOW,0,0,0,test
W-087,3240.0,Barail,Coal / Shale / Sandstone Sequence,5.71,30.54,116.7,10.81,3402.9,497.1,10.57,10.98,5,0.4807,3,2,0,2,999.0,3.6353,NONE,LOW,0,0,0,test
W-087,3250.0,Barail,Coal / Shale / Sandstone Sequence,6.41,31.52,116.8,11.23,3393.6,469.0,10.57,10.97,5,0.4779,3,2,0,2,999.0,3.6346,NONE,LOW,0,0,0,test
W-087,3260.0,Barail,Coal / Shale / Sandstone Sequence,6.22,29.95,114.3,11.25,3424.9,467.2,10.49,10.89,5,0.4753,3,2,0,2,999.0,3.6354,NONE,LOW,0,0,0,test
W-087,3270.0,Barail,Coal / Shale / Sandstone Sequence,6.24,33.73,113.7,11.44,3497.5,472.7,10.5,10.94,5,0.4798,3,2,0,2,999.0,3.6371,NONE,LOW,0,0,0,test
W-087,3280.0,Barail,Coal / Shale / Sandstone Sequence,6.35,29.5,111.0,11.53,3412.3,488.7,10.48,10.86,5,0.4846,3,2,0,2,999.0,3.6399,NONE,LOW,0,0,0,test
W-087,3290.0,Barail,Coal / Shale / Sandstone Sequence,6.99,29.38,107.0,11.53,3438.3,491.4,10.63,11.02,5,0.4897,3,2,0,2,999.0,3.644,NONE,LOW,0,0,0,test
W-087,3300.0,Barail,Coal / Shale / Sandstone Sequence,5.98,31.6,108.8,11.36,3422.7,484.4,10.57,10.96,5,0.4952,3,2,0,2,999.0,3.6493,NONE,LOW,0,0,0,test
W-087,3310.0,Barail,Coal / Shale / Sandstone Sequence,6.76,27.61,107.6,10.92,3457.6,476.5,10.54,10.92,5,0.5011,3,2,0,2,999.0,3.6561,NONE,LOW,0,0,0,test
W-087,3320.0,Barail,Coal / Shale / Sandstone Sequence,6.14,30.8,110.4,11.29,3419.3,471.9,10.6,10.96,5,0.5074,3,2,0,2,999.0,3.6641,NONE,LOW,0,0,0,test
W-087,3330.0,Barail,Coal / Shale / Sandstone Sequence,6.68,29.61,113.0,11.88,3456.9,482.4,10.6,11.02,5,0.5141,3,2,0,2,999.0,3.6732,NONE,LOW,0,0,0,test
W-087,3340.0,Barail,Coal / Shale / Sandstone Sequence,6.32,30.11,103.9,12.38,3479.2,472.6,10.77,11.15,5,0.5217,3,2,0,2,999.0,3.6837,NONE,LOW,0,0,0,test
W-087,3350.0,Barail,Coal / Shale / Sandstone Sequence,7.23,29.86,102.1,12.58,3445.3,483.6,10.57,10.97,5,0.5306,3,2,0,2,999.0,3.6955,NONE,LOW,0,0,0,test
W-087,3360.0,Barail,Coal / Shale / Sandstone Sequence,5.59,30.43,110.4,10.36,3432.4,477.1,10.64,11.03,5,0.5402,3,2,0,2,999.0,3.7091,NONE,LOW,0,0,0,test
W-087,3370.0,Barail,Coal / Shale / Sandstone Sequence,5.9,29.29,110.6,11.35,3408.1,480.5,10.56,10.95,5,0.5504,3,2,0,2,999.0,3.7239,NONE,LOW,0,0,0,test
W-087,3380.0,Barail,Coal / Shale / Sandstone Sequence,5.21,32.34,105.1,11.53,3424.8,476.9,10.56,11.0,5,0.5613,3,2,0,2,999.0,3.7401,NONE,LOW,0,0,0,test
W-087,3390.0,Barail,Coal / Shale / Sandstone Sequence,7.18,31.96,111.6,10.61,3439.6,478.2,10.64,11.08,5,0.573,3,2,0,2,999.0,3.7584,NONE,LOW,0,0,0,test
W-087,3400.0,Barail,Coal / Shale / Sandstone Sequence,6.66,31.87,114.6,11.43,3470.7,466.4,10.56,10.91,5,0.5854,3,2,0,2,999.0,3.7781,NONE,LOW,0,0,0,test
W-087,3410.0,Barail,Coal / Shale / Sandstone Sequence,6.97,32.45,113.6,11.16,3438.4,479.0,10.42,10.86,5,0.5874,3,2,0,2,999.0,3.7864,NONE,LOW,0,0,0,test
W-087,3420.0,Barail,Coal / Shale / Sandstone Sequence,4.19,32.08,115.3,11.37,3079.9,433.4,10.74,11.11,5,0.5996,3,2,0,2,999.0,3.7834,MUD_LOSS,CRITICAL,1,0,0,test
W-087,3430.0,Barail,Coal / Shale / Sandstone Sequence,4.1,33.44,103.5,12.45,3079.9,420.9,10.68,11.06,5,0.6074,3,2,0,2,999.0,3.7765,MUD_LOSS,CRITICAL,1,0,0,test
W-087,3440.0,Barail,Coal / Shale / Sandstone Sequence,3.61,30.11,114.5,11.9,3179.3,398.1,10.58,10.9,5,0.5946,3,2,0,2,999.0,3.7502,MUD_LOSS,CRITICAL,1,0,0,test
W-087,3450.0,Barail,Coal / Shale / Sandstone Sequence,6.16,30.48,113.8,11.73,3475.0,474.9,10.57,10.98,5,0.5827,3,2,0,2,999.0,3.7259,NONE,LOW,0,0,0,test
W-087,3460.0,Barail,Coal / Shale / Sandstone Sequence,6.42,28.81,103.7,11.34,3524.4,465.6,10.49,10.86,5,0.5716,3,2,0,2,999.0,3.7028,NONE,LOW,0,0,0,test
W-087,3470.0,Barail,Coal / Shale / Sandstone Sequence,7.56,32.12,112.8,11.33,3454.7,480.7,10.62,11.0,5,0.5612,3,2,0,2,999.0,3.6813,NONE,LOW,0,0,0,test
W-087,3480.0,Barail,Coal / Shale / Sandstone Sequence,5.54,32.99,110.2,11.39,3428.9,472.2,10.66,11.09,5,0.5514,3,2,0,2,999.0,3.6613,NONE,LOW,0,0,0,test
W-087,3490.0,Barail,Coal / Shale / Sandstone Sequence,6.67,30.9,109.9,10.81,3475.0,483.0,10.58,10.99,5,0.5423,3,2,0,2,999.0,3.6426,NONE,LOW,0,0,0,test
W-087,3500.0,Barail,Coal / Shale / Sandstone Sequence,6.29,32.64,109.2,11.36,3522.6,472.4,10.53,10.96,5,0.5338,3,2,0,2,999.0,3.625,NONE,LOW,0,0,0,test
W-087,3510.0,Barail,Coal / Shale / Sandstone Sequence,6.89,32.89,108.0,10.89,3428.2,475.1,10.51,10.92,5,0.5258,3,2,0,2,999.0,3.6085,NONE,LOW,0,0,0,test
W-087,3520.0,Barail,Coal / Shale / Sandstone Sequence,6.56,30.31,109.1,10.93,3478.1,476.0,10.51,10.88,5,0.5183,3,2,0,2,999.0,3.5932,NONE,LOW,0,0,0,test
W-087,3530.0,Barail,Coal / Shale / Sandstone Sequence,5.94,30.54,114.3,11.32,3427.4,475.0,10.55,10.97,5,0.5113,3,2,0,2,999.0,3.5786,NONE,LOW,0,0,0,test
W-093,1800.0,Tipam Sandstone,Porous Sandstone / Siltstone,13.4,24.17,112.0,8.52,2661.3,539.0,9.74,10.11,5,0.3121,3,2,1,2,999.0,2.5494,NONE,LOW,0,0,0,train
W-093,1810.0,Tipam Sandstone,Porous Sandstone / Siltstone,12.02,26.41,108.3,8.07,2617.8,545.1,9.89,10.27,5,0.3121,3,2,1,2,999.0,2.5494,NONE,LOW,0,0,0,train
W-093,1820.0,Tipam Sandstone,Porous Sandstone / Siltstone,12.56,25.84,108.0,7.53,2659.6,541.8,9.82,10.25,5,0.3121,3,2,1,2,999.0,2.5494,NONE,LOW,0,0,0,train
W-093,1830.0,Tipam Sandstone,Porous Sandstone / Siltstone,12.3,25.87,109.7,7.17,2631.0,558.5,9.79,10.19,5,0.3121,3,2,1,2,999.0,2.5494,NONE,LOW,0,0,0,train
W-093,1840.0,Tipam Sandstone,Porous Sandstone / Siltstone,12.71,24.69,106.5,7.43,2685.0,534.3,9.67,10.04,5,0.3122,3,2,1,2,999.0,2.5496,NONE,LOW,0,0,0,train
W-093,1850.0,Tipam Sandstone,Porous Sandstone / Siltstone,13.45,26.06,106.6,8.76,2628.6,552.1,9.81,10.22,5,0.3122,3,2,1,2,999.0,2.5496,NONE,LOW,0,0,0,train
W-093,1860.0,Tipam Sandstone,Porous Sandstone / Siltstone,12.92,24.82,112.8,7.08,2673.4,546.7,9.73,10.16,5,0.3122,3,2,1,2,999.0,2.5496,NONE,LOW,0,0,0,train
W-093,1870.0,Tipam Sandstone,Porous Sandstone / Siltstone,13.25,26.09,109.5,8.39,2687.4,553.8,9.8,10.13,5,0.3122,3,2,1,2,999.0,2.5496,NONE,LOW,0,0,0,train
W-093,1880.0,Tipam Sandstone,Porous Sandstone / Siltstone,13.33,24.01,113.5,8.35,2651.9,534.0,9.72,10.1,5,0.3122,3,2,1,2,999.0,2.5496,NONE,LOW,0,0,0,train
W-093,1890.0,Tipam Sandstone,Porous Sandstone / Siltstone,11.98,24.61,106.0,8.61,2666.4,545.0,9.97,10.41,5,0.3122,3,2,1,2,999.0,2.5496,NONE,LOW,0,0,0,train
W-093,1900.0,Tipam Sandstone,Porous Sandstone / Siltstone,11.95,24.13,114.6,8.01,2636.3,535.7,9.85,10.21,5,0.3122,3,2,1,2,999.0,2.5496,NONE,LOW,0,0,0,train
W-093,1910.0,Tipam Sandstone,Porous Sandstone / Siltstone,11.27,24.32,106.3,7.77,2719.8,547.9,9.7,10.1,5,0.3123,3,2,1,2,999.0,2.55,NONE,LOW,0,0,0,train
W-093,1920.0,Tipam Sandstone,Porous Sandstone / Siltstone,12.36,26.16,111.1,8.06,2749.2,557.3,9.84,10.21,5,0.3123,3,2,1,2,999.0,2.55,NONE,LOW,0,0,0,train
W-093,1930.0,Tipam Sandstone,Porous Sandstone / Siltstone,12.02,26.26,104.5,7.45,2691.1,558.0,9.83,10.24,5,0.3123,3,2,1,2,999.0,2.55,NONE,LOW,0,0,0,train
W-093,1940.0,Tipam Sandstone,Porous Sandstone / Siltstone,12.72,25.97,108.0,8.41,2710.6,549.5,9.87,10.26,5,0.3123,3,2,1,2,999.0,2.55,NONE,LOW,0,0,0,train
W-093,1950.0,Tipam Sandstone,Porous Sandstone / Siltstone,12.49,25.89,111.9,7.95,2667.0,553.0,9.93,10.33,5,0.3123,3,2,1,2,999.0,2.55,NONE,LOW,0,0,0,train
W-093,1960.0,Tipam Sandstone,Porous Sandstone / Siltstone,12.97,25.13,112.9,8.15,2722.7,545.8,9.95,10.35,5,0.3124,3,2,1,2,999.0,2.5502,NONE,LOW,0,0,0,train
W-093,1970.0,Tipam Sandstone,Porous Sandstone / Siltstone,12.54,24.82,112.3,8.21,2724.6,549.9,9.79,10.18,5,0.3124,3,2,1,2,999.0,2.5502,NONE,LOW,0,0,0,train
W-093,1980.0,Tipam Sandstone,Porous Sandstone / Siltstone,12.02,27.22,114.3,8.63,2704.4,546.1,9.86,10.27,5,0.3124,3,2,1,2,999.0,2.5502,NONE,LOW,0,0,0,train
W-093,1990.0,Tipam Sandstone,Porous Sandstone / Siltstone,12.16,27.56,112.3,7.55,2744.6,550.8,9.83,10.2,5,0.3124,3,2,1,2,999.0,2.5504,NONE,LOW,0,0,0,train
W-093,2000.0,Tipam Sandstone,Porous Sandstone / Siltstone,13.39,28.19,114.0,8.66,2730.4,554.5,9.73,10.14,5,0.3125,3,2,1,2,999.0,2.5506,NONE,LOW,0,0,0,train
W-093,2010.0,Tipam Sandstone,Porous Sandstone / Siltstone,12.94,25.15,112.9,8.73,2697.3,547.5,9.84,10.26,5,0.3125,3,2,1,2,999.0,2.5506,NONE,LOW,0,0,0,train
W-093,2020.0,Tipam Sandstone,Porous Sandstone / Siltstone,11.71,27.46,108.2,8.01,2689.7,560.2,9.75,10.17,5,0.3125,3,2,1,2,999.0,2.5506,NONE,LOW,0,0,0,train
W-093,2030.0,Tipam Sandstone,Porous Sandstone / Siltstone,11.79,25.7,112.3,8.09,2710.2,551.7,9.78,10.2,5,0.3126,3,2,1,2,999.0,2.5508,NONE,LOW,0,0,0,train
W-093,2040.0,Tipam Sandstone,Porous Sandstone / Siltstone,12.77,24.98,120.2,7.86,2715.1,554.5,9.8,10.18,5,0.3126,3,2,1,2,999.0,2.551,NONE,LOW,0,0,0,train
W-093,2050.0,Tipam Sandstone,Porous Sandstone / Siltstone,12.5,25.1,111.8,7.18,2756.3,556.3,9.8,10.22,5,0.3126,3,2,1,2,999.0,2.551,NONE,LOW,0,0,0,train
W-093,2060.0,Tipam Sandstone,Porous Sandstone / Siltstone,12.02,27.91,126.6,8.6,2740.9,554.2,9.66,10.04,5,0.3127,3,2,1,2,999.0,2.5512,NONE,LOW,0,0,0,train
W-093,2070.0,Tipam Sandstone,Porous Sandstone / Siltstone,11.84,24.83,104.9,8.49,2716.1,550.8,9.88,10.28,5,0.3127,3,2,1,2,999.0,2.5512,NONE,LOW,0,0,0,train
W-093,2080.0,Tipam Sandstone,Porous Sandstone / Siltstone,12.1,25.58,104.4,7.75,2693.0,554.6,9.71,10.13,5,0.3128,3,2,1,2,999.0,2.5516,NONE,LOW,0,0,0,train
W-093,2090.0,Tipam Sandstone,Porous Sandstone / Siltstone,12.32,28.59,106.1,8.21,2725.1,558.7,9.7,10.11,5,0.3128,3,2,1,2,999.0,2.5516,NONE,LOW,0,0,0,train
W-093,2100.0,Tipam Sandstone,Porous Sandstone / Siltstone,12.54,26.5,109.6,7.34,2756.1,558.5,9.77,10.13,5,0.3129,3,2,1,2,999.0,2.5518,NONE,LOW,0,0,0,train
W-093,2110.0,Tipam Sandstone,Porous Sandstone / Siltstone,12.36,25.05,102.5,7.66,2718.6,538.5,9.78,10.18,5,0.313,3,2,1,2,999.0,2.5522,NONE,LOW,0,0,0,train
W-093,2120.0,Tipam Sandstone,Porous Sandstone / Siltstone,13.01,26.33,102.6,8.36,2733.7,553.4,9.89,10.35,5,0.313,3,2,1,2,999.0,2.5522,NONE,LOW,0,0,0,train
W-093,2130.0,Tipam Sandstone,Porous Sandstone / Siltstone,10.78,25.26,111.9,8.01,2702.1,538.6,9.73,10.12,5,0.3131,3,2,1,2,999.0,2.5526,NONE,LOW,0,0,0,train
W-093,2140.0,Tipam Sandstone,Porous Sandstone / Siltstone,12.81,26.07,107.5,7.62,2741.6,550.3,9.7,10.11,5,0.3132,3,2,1,2,999.0,2.5528,NONE,LOW,0,0,0,train
W-093,2150.0,Tipam Sandstone,Porous Sandstone / Siltstone,12.46,25.36,107.1,7.8,2789.1,539.2,9.81,10.2,5,0.3132,3,2,1,2,999.0,2.5528,NONE,LOW,0,0,0,train
W-093,2160.0,Tipam Sandstone,Porous Sandstone / Siltstone,12.32,27.93,108.8,7.88,2760.4,564.5,9.81,10.25,5,0.3133,3,2,1,2,999.0,2.5532,NONE,LOW,0,0,0,train
W-093,2170.0,Tipam Sandstone,Porous Sandstone / Siltstone,12.47,26.74,110.6,7.58,2765.9,551.7,9.79,10.19,5,0.3134,3,2,1,2,999.0,2.5537,NONE,LOW,0,0,0,train
W-093,2180.0,Tipam Sandstone,Porous Sandstone / Siltstone,12.54,24.45,107.7,7.72,2752.2,565.0,9.7,10.12,5,0.3135,3,2,1,2,999.0,2.5539,NONE,LOW,0,0,0,train
W-093,2190.0,Tipam Sandstone,Porous Sandstone / Siltstone,12.89,28.11,117.4,7.63,2727.6,555.4,9.92,10.32,5,0.3136,3,2,1,2,999.0,2.5543,NONE,LOW,0,0,0,train
W-093,2200.0,Tipam Sandstone,Porous Sandstone / Siltstone,12.35,26.08,116.5,7.45,2767.2,554.2,9.82,10.17,5,0.3137,3,2,1,2,999.0,2.5545,NONE,LOW,0,0,0,train
W-093,2210.0,Tipam Sandstone,Porous Sandstone / Siltstone,12.1,27.52,108.5,7.96,2716.1,568.6,9.73,10.14,5,0.3139,3,2,1,2,999.0,2.5551,NONE,LOW,0,0,0,train
W-093,2220.0,Tipam Sandstone,Porous Sandstone / Siltstone,12.18,26.1,117.7,7.04,2762.0,540.3,9.84,10.23,5,0.314,3,2,1,2,999.0,2.5555,NONE,LOW,0,0,0,train
W-093,2230.0,Tipam Sandstone,Porous Sandstone / Siltstone,11.91,26.96,99.7,7.84,2755.2,539.1,9.75,10.19,5,0.3141,3,2,1,2,999.0,2.5559,NONE,LOW,0,0,0,train
W-093,2240.0,Tipam Sandstone,Porous Sandstone / Siltstone,12.36,26.25,109.7,8.65,2821.8,556.0,9.75,10.19,5,0.3143,3,2,1,2,999.0,2.5565,NONE,LOW,0,0,0,train
W-093,2250.0,Tipam Sandstone,Porous Sandstone / Siltstone,12.65,28.88,113.2,8.07,2771.3,535.4,9.94,10.35,5,0.3144,3,2,1,2,999.0,2.5569,NONE,LOW,0,0,0,train
W-093,2260.0,Tipam Sandstone,Porous Sandstone / Siltstone,11.52,27.27,105.5,8.0,2768.5,551.5,9.68,10.05,5,0.3146,3,2,1,2,999.0,2.5575,NONE,LOW,0,0,0,train
W-093,2270.0,Tipam Sandstone,Porous Sandstone / Siltstone,12.45,27.61,105.2,7.91,2794.9,557.8,9.87,10.25,5,0.3148,3,2,1,2,999.0,2.5581,NONE,LOW,0,0,0,train
W-093,2280.0,Tipam Sandstone,Porous Sandstone / Siltstone,11.91,26.33,104.4,7.93,2785.8,543.7,9.76,10.15,5,0.315,3,2,1,2,999.0,2.5587,NONE,LOW,0,0,0,train
W-093,2290.0,Tipam Sandstone,Porous Sandstone / Siltstone,13.13,26.43,107.7,7.58,2744.1,554.2,9.78,10.18,5,0.3152,3,2,1,2,999.0,2.5593,NONE,LOW,0,0,0,train
W-093,2300.0,Tipam Sandstone,Porous Sandstone / Siltstone,13.26,28.8,103.4,8.32,2780.6,546.3,9.8,10.21,5,0.3154,3,2,1,2,999.0,2.5599,NONE,LOW,0,0,0,train
W-093,2310.0,Tipam Sandstone,Porous Sandstone / Siltstone,13.38,27.86,106.5,7.71,2734.9,547.5,9.66,10.05,5,0.3156,3,2,1,2,999.0,2.5607,NONE,LOW,0,0,0,train
W-093,2320.0,Tipam Sandstone,Porous Sandstone / Siltstone,12.97,28.81,109.9,7.85,2790.9,549.8,9.69,10.06,5,0.3159,3,2,1,2,999.0,2.5615,NONE,LOW,0,0,0,train
W-093,2330.0,Tipam Sandstone,Porous Sandstone / Siltstone,12.32,27.62,110.0,8.11,2744.4,555.3,9.75,10.15,5,0.3161,3,2,1,2,999.0,2.5624,NONE,LOW,0,0,0,train
W-093,2340.0,Tipam Sandstone,Porous Sandstone / Siltstone,12.27,27.75,121.3,8.1,2783.3,542.1,10.0,10.45,5,0.3164,3,2,1,2,999.0,2.5634,NONE,LOW,0,0,0,train
W-093,2350.0,Tipam Sandstone,Porous Sandstone / Siltstone,12.76,26.83,109.2,7.29,2821.1,547.8,9.71,10.07,5,0.3167,3,2,1,2,999.0,2.5642,NONE,LOW,0,0,0,train
W-093,2360.0,Tipam Sandstone,Porous Sandstone / Siltstone,12.2,27.84,113.4,8.24,2735.1,555.6,9.9,10.3,5,0.317,3,2,1,2,999.0,2.5652,NONE,LOW,0,0,0,train
W-093,2370.0,Tipam Sandstone,Porous Sandstone / Siltstone,12.43,25.55,110.8,7.32,2785.4,551.3,9.77,10.21,5,0.3174,3,2,1,2,999.0,2.5664,NONE,LOW,0,0,0,train
W-093,2380.0,Tipam Sandstone,Porous Sandstone / Siltstone,13.37,28.66,108.3,7.45,2758.9,552.2,9.73,10.11,5,0.3178,3,2,0,2,999.0,2.3432,NONE,LOW,0,0,0,train
W-093,2390.0,Tipam Sandstone,Porous Sandstone / Siltstone,12.09,26.48,110.9,7.66,2797.7,557.9,9.9,10.3,5,0.3182,3,2,0,2,999.0,2.3542,NONE,LOW,0,0,0,train
W-093,2400.0,Tipam Sandstone,Porous Sandstone / Siltstone,12.62,25.57,111.6,8.08,2822.3,554.8,9.81,10.2,5,0.3186,3,2,0,2,999.0,2.3661,NONE,LOW,0,0,0,train
W-093,2410.0,Tipam Sandstone,Porous Sandstone / Siltstone,12.32,27.94,108.8,8.23,2793.1,563.2,9.88,10.34,5,0.319,3,2,0,2,999.0,2.3786,NONE,LOW,0,0,0,train
W-093,2420.0,Tipam Sandstone,Porous Sandstone / Siltstone,13.42,25.83,104.3,7.84,2806.0,548.4,9.87,10.22,5,0.3195,3,2,0,2,999.0,2.3922,NONE,LOW,0,0,0,train
W-093,2430.0,Tipam Sandstone,Porous Sandstone / Siltstone,13.79,29.26,114.3,8.11,2786.4,550.6,9.89,10.36,5,0.32,3,2,0,2,999.0,2.4066,NONE,LOW,0,0,0,train
W-093,2440.0,Tipam Sandstone,Porous Sandstone / Siltstone,12.23,29.09,114.7,7.58,2803.5,546.0,9.77,10.17,5,0.3206,3,2,0,2,999.0,2.3983,NONE,LOW,0,0,0,train
W-093,2450.0,Tipam Sandstone,Porous Sandstone / Siltstone,12.02,29.11,110.4,9.16,2820.5,549.2,9.89,10.31,5,0.3212,3,2,0,2,999.0,2.3879,NONE,LOW,0,0,0,train
W-093,2460.0,Tipam Sandstone,Porous Sandstone / Siltstone,11.42,27.55,109.0,7.2,2813.2,533.5,9.77,10.16,5,0.3218,3,2,0,2,999.0,2.3786,NONE,LOW,0,0,0,train
W-093,2470.0,Tipam Sandstone,Porous Sandstone / Siltstone,12.56,27.39,109.7,7.61,2817.8,550.5,9.82,10.19,5,0.3225,3,2,0,2,999.0,2.3702,NONE,LOW,0,0,0,train
W-093,2480.0,Tipam Sandstone,Porous Sandstone / Siltstone,12.66,27.72,119.7,7.93,2813.0,546.6,9.82,10.19,5,0.3232,3,2,0,2,999.0,2.3627,NONE,LOW,0,0,0,train
W-093,2490.0,Tipam Sandstone,Porous Sandstone / Siltstone,12.09,27.28,107.8,7.51,2778.7,546.3,9.85,10.28,5,0.324,3,2,0,2,999.0,2.3558,NONE,LOW,0,0,0,train
W-093,2500.0,Tipam Sandstone,Porous Sandstone / Siltstone,13.44,28.9,112.1,8.94,2822.6,550.5,9.82,10.22,5,0.3248,3,2,1,2,999.0,2.5905,NONE,LOW,0,0,0,train
W-093,2510.0,Tipam Sandstone,Porous Sandstone / Siltstone,12.5,27.26,112.4,7.59,2840.8,553.3,9.92,10.32,5,0.3257,2,2,0,3,999.0,2.3621,NONE,LOW,0,0,0,train
W-093,2520.0,Tipam Sandstone,Porous Sandstone / Siltstone,11.61,28.28,108.1,9.43,2833.9,545.2,9.85,10.2,5,0.3267,2,2,0,3,999.0,2.3658,NONE,LOW,0,0,0,train
W-093,2530.0,Tipam Sandstone,Porous Sandstone / Siltstone,12.29,27.17,111.3,8.32,2848.3,550.2,9.9,10.31,5,0.3277,2,2,0,3,999.0,2.3699,NONE,LOW,0,0,0,train
W-093,2540.0,Tipam Sandstone,Porous Sandstone / Siltstone,12.7,28.67,114.4,8.03,2814.6,548.8,9.82,10.24,5,0.3287,2,2,0,3,999.0,2.3741,NONE,LOW,0,0,0,train
W-093,2550.0,Tipam Sandstone,Porous Sandstone / Siltstone,11.43,29.3,116.1,7.37,2840.0,546.8,9.66,10.05,5,0.3299,2,2,0,3,999.0,2.3789,NONE,LOW,0,0,0,train
W-093,2560.0,Tipam Sandstone,Porous Sandstone / Siltstone,11.72,26.91,108.8,7.93,2811.9,556.3,9.82,10.21,5,0.3311,2,2,0,3,999.0,2.3837,NONE,LOW,0,0,0,train
W-093,2570.0,Tipam Sandstone,Porous Sandstone / Siltstone,12.67,28.13,113.3,7.53,2807.6,547.5,9.77,10.17,5,0.3325,2,2,0,3,999.0,2.3892,NONE,LOW,0,0,0,train
W-093,2580.0,Tipam Sandstone,Porous Sandstone / Siltstone,11.67,28.54,107.0,7.27,2869.1,544.9,9.7,10.14,5,0.3339,2,2,0,3,999.0,2.3949,NONE,LOW,0,0,0,train
W-093,2590.0,Tipam Sandstone,Porous Sandstone / Siltstone,12.68,28.11,99.4,7.43,2844.4,552.9,9.8,10.15,5,0.3354,2,2,0,3,999.0,2.4009,NONE,LOW,0,0,0,train
W-093,2600.0,Tipam Sandstone,Porous Sandstone / Siltstone,11.83,28.68,109.9,8.37,2876.7,553.7,9.8,10.22,5,0.337,2,2,0,3,999.0,2.4074,NONE,LOW,0,0,0,train
W-093,2610.0,Tipam Sandstone,Porous Sandstone / Siltstone,14.19,26.98,107.9,8.45,2871.3,553.9,9.77,10.19,5,0.3387,2,2,0,3,999.0,2.4142,NONE,LOW,0,0,0,train
W-093,2620.0,Tipam Sandstone,Porous Sandstone / Siltstone,13.45,28.24,115.0,6.98,2861.4,545.5,9.63,10.05,5,0.3405,2,2,0,3,999.0,2.4215,NONE,LOW,0,0,0,train
W-093,2630.0,Tipam Sandstone,Porous Sandstone / Siltstone,12.72,27.25,109.8,7.91,2869.9,557.9,9.83,10.23,5,0.3425,2,2,0,3,999.0,2.4294,NONE,LOW,0,0,0,train
W-093,2640.0,Tipam Sandstone,Porous Sandstone / Siltstone,12.56,31.69,116.6,6.51,2861.6,557.5,9.7,10.09,5,0.3446,2,2,0,3,999.0,2.438,NONE,LOW,0,0,0,train
W-093,2650.0,Tipam Sandstone,Porous Sandstone / Siltstone,12.34,29.26,105.4,8.59,2861.1,542.5,9.76,10.2,5,0.3469,2,2,0,3,999.0,2.447,NONE,LOW,0,0,0,train
W-093,2660.0,Tipam Sandstone,Porous Sandstone / Siltstone,12.17,27.95,118.6,7.66,2811.1,545.3,9.68,10.09,5,0.3493,2,2,0,3,999.0,2.4567,NONE,LOW,0,0,0,train
W-093,2670.0,Tipam Sandstone,Porous Sandstone / Siltstone,13.87,30.37,110.8,7.55,2908.1,547.1,9.86,10.24,5,0.3518,2,2,0,3,999.0,2.4668,NONE,LOW,0,0,0,train
W-093,2680.0,Tipam Sandstone,Porous Sandstone / Siltstone,11.75,28.16,109.1,8.37,2860.3,539.9,9.77,10.12,5,0.3546,2,2,0,3,999.0,2.478,NONE,LOW,0,0,0,train
W-093,2690.0,Tipam Sandstone,Porous Sandstone / Siltstone,12.54,28.09,108.1,8.19,2907.3,543.8,9.82,10.22,5,0.3575,2,2,0,3,999.0,2.4896,NONE,LOW,0,0,0,train
W-093,2700.0,Tipam Sandstone,Porous Sandstone / Siltstone,12.03,28.78,109.8,7.34,2879.2,550.3,9.88,10.29,5,0.3607,2,2,0,3,999.0,2.5023,NONE,LOW,0,0,0,train
W-093,2710.0,Tipam Sandstone,Porous Sandstone / Siltstone,12.51,30.5,118.3,8.64,2848.1,553.6,9.71,10.09,5,0.364,2,2,0,3,999.0,2.5156,NONE,LOW,0,0,0,train
W-093,2720.0,Tipam Sandstone,Porous Sandstone / Siltstone,12.04,26.82,108.6,8.36,2887.2,553.2,9.82,10.23,5,0.3676,2,2,0,3,999.0,2.5302,NONE,LOW,0,0,0,train
W-093,2730.0,Tipam Sandstone,Porous Sandstone / Siltstone,12.82,28.59,110.3,8.87,2886.1,550.3,9.83,10.24,5,0.3714,2,2,0,3,999.0,2.5454,NONE,LOW,0,0,0,train
W-093,2740.0,Tipam Sandstone,Porous Sandstone / Siltstone,12.24,29.21,108.0,7.93,2865.2,550.9,9.78,10.2,5,0.3755,2,2,0,3,999.0,2.562,NONE,LOW,0,0,0,train
W-093,2750.0,Tipam Sandstone,Porous Sandstone / Siltstone,11.29,29.71,110.5,7.5,2906.8,538.8,9.78,10.21,5,0.3799,1,3,0,3,999.0,2.5887,NONE,LOW,0,0,0,train
W-093,2760.0,Tipam Sandstone,Porous Sandstone / Siltstone,11.14,29.25,108.4,7.72,2871.6,549.0,9.8,10.18,5,0.3846,1,3,0,3,999.0,2.6186,NONE,LOW,0,0,0,train
W-093,2770.0,Tipam Sandstone,Porous Sandstone / Siltstone,13.26,28.79,107.1,7.44,2911.8,539.6,9.65,10.06,5,0.3896,1,3,0,3,999.0,2.6507,NONE,LOW,0,0,0,train
W-093,2780.0,Tipam Sandstone,Porous Sandstone / Siltstone,12.18,27.8,107.5,8.0,2900.9,543.7,9.75,10.15,5,0.395,1,3,0,3,999.0,2.685,NONE,LOW,0,0,0,train
W-093,2790.0,Tipam Sandstone,Porous Sandstone / Siltstone,11.5,29.15,106.2,7.47,2904.0,545.6,9.87,10.23,5,0.4007,1,3,0,3,999.0,2.6947,NONE,LOW,0,0,0,train
W-093,2800.0,Barail,Coal / Shale / Sandstone Sequence,7.05,26.88,104.1,11.8,3292.9,492.0,10.71,11.12,5,0.5318,2,2,0,3,999.0,3.6874,NONE,LOW,0,0,0,train
W-093,2810.0,Barail,Coal / Shale / Sandstone Sequence,5.89,29.83,104.9,12.15,3313.1,473.4,10.62,11.05,5,0.5383,2,2,0,3,999.0,3.7135,NONE,LOW,0,0,0,train
W-093,2820.0,Barail,Coal / Shale / Sandstone Sequence,6.37,29.94,108.3,11.54,3267.3,480.0,10.78,11.18,5,0.5453,2,2,0,3,999.0,3.7417,NONE,LOW,0,0,0,train
W-093,2830.0,Barail,Coal / Shale / Sandstone Sequence,5.42,28.98,115.2,11.38,3303.2,473.3,10.74,11.12,5,0.5528,2,2,0,3,999.0,3.7718,NONE,LOW,0,0,0,train
W-093,2840.0,Barail,Coal / Shale / Sandstone Sequence,6.12,28.17,110.5,11.11,3298.0,476.4,10.45,10.85,5,0.5608,2,2,0,3,999.0,3.8038,NONE,LOW,0,0,0,train
W-093,2850.0,Barail,Coal / Shale / Sandstone Sequence,5.86,29.5,114.3,11.56,3297.3,479.0,10.56,10.9,5,0.5693,2,2,0,3,999.0,3.8379,NONE,LOW,0,0,0,train
W-093,2860.0,Barail,Coal / Shale / Sandstone Sequence,6.26,28.32,107.0,11.29,3339.8,488.7,10.59,10.96,5,0.5784,2,2,0,3,999.0,3.8745,NONE,LOW,0,0,0,train
W-093,2870.0,Barail,Coal / Shale / Sandstone Sequence,6.2,30.45,110.6,11.55,3330.9,475.2,10.56,11.0,5,0.5882,2,2,0,3,999.0,3.9137,NONE,LOW,0,0,0,train
W-093,2880.0,Barail,Coal / Shale / Sandstone Sequence,5.99,29.24,114.9,11.29,3343.7,475.0,10.6,10.98,5,0.5986,2,2,0,3,999.0,3.9556,NONE,LOW,0,0,0,train
W-093,2890.0,Barail,Coal / Shale / Sandstone Sequence,5.98,30.55,111.4,11.06,3320.7,475.6,10.65,11.06,5,0.6097,2,2,0,3,999.0,4.0003,NONE,LOW,0,0,0,train
W-093,2900.0,Barail,Coal / Shale / Sandstone Sequence,6.28,30.24,110.1,11.51,3320.9,473.1,10.75,11.16,5,0.6216,2,2,0,3,999.0,4.0479,NONE,LOW,0,0,0,train
W-093,2910.0,Barail,Coal / Shale / Sandstone Sequence,5.96,30.86,110.4,11.39,3361.0,465.3,10.58,11.02,5,0.6344,2,2,0,3,999.0,4.0992,NONE,LOW,0,0,0,train
W-093,2920.0,Barail,Coal / Shale / Sandstone Sequence,6.63,28.97,106.3,12.16,3376.4,478.2,10.53,10.94,5,0.6266,2,2,0,3,999.0,4.111,NONE,LOW,0,0,0,train
W-093,2930.0,Barail,Coal / Shale / Sandstone Sequence,7.54,27.18,111.5,11.14,3273.6,477.1,10.6,11.06,5,0.6241,2,2,0,3,999.0,4.1353,NONE,LOW,0,0,0,train
W-093,2940.0,Barail,Coal / Shale / Sandstone Sequence,6.97,31.2,109.9,11.56,3292.1,474.3,10.55,10.97,5,0.637,2,2,0,3,999.0,4.1923,NONE,LOW,0,0,0,train
W-093,2950.0,Barail,Coal / Shale / Sandstone Sequence,6.72,29.96,118.8,11.28,3377.6,481.1,10.6,11.06,5,0.6241,2,2,0,3,999.0,4.1999,NONE,LOW,0,0,0,train
W-093,2960.0,Barail,Coal / Shale / Sandstone Sequence,6.61,29.37,110.6,12.11,3349.5,489.8,10.5,10.88,5,0.612,2,2,0,3,999.0,4.1875,NONE,LOW,0,0,0,train
W-093,2970.0,Barail,Coal / Shale / Sandstone Sequence,6.51,29.83,109.3,11.02,3372.5,477.1,10.53,10.98,5,0.6144,2,2,0,3,999.0,4.1764,NONE,LOW,0,0,0,train
W-093,2980.0,Barail,Coal / Shale / Sandstone Sequence,6.89,30.59,106.7,11.68,3393.2,482.0,10.6,11.03,5,0.6266,2,2,0,3,999.0,4.1692,NONE,LOW,0,0,0,train
W-093,2990.0,Barail,Coal / Shale / Sandstone Sequence,6.68,30.18,112.2,11.88,3313.7,482.0,10.66,11.05,5,0.6344,2,2,0,3,999.0,4.1552,NONE,LOW,0,0,0,train
W-093,3000.0,Barail,Coal / Shale / Sandstone Sequence,7.28,29.12,104.4,11.9,3314.5,464.6,10.57,11.0,5,0.6216,2,2,0,3,999.0,4.1021,NONE,LOW,0,0,0,train
W-093,3010.0,Barail,Coal / Shale / Sandstone Sequence,6.78,29.51,104.5,10.91,3345.7,469.8,10.61,11.02,5,0.6344,2,2,0,3,999.0,4.102,NONE,LOW,0,0,0,train
W-093,3020.0,Barail,Coal / Shale / Sandstone Sequence,6.61,30.27,111.5,11.75,3346.4,481.5,10.56,10.97,5,0.6266,2,2,0,3,999.0,4.0625,NONE,LOW,0,0,0,train
W-093,3030.0,Barail,Coal / Shale / Sandstone Sequence,6.89,30.3,112.3,10.86,3349.6,471.3,10.41,10.83,5,0.6144,2,2,0,3,999.0,4.0159,NONE,LOW,0,0,0,train
W-093,3040.0,Barail,Coal / Shale / Sandstone Sequence,5.94,30.8,107.5,11.04,3382.7,487.6,10.49,10.91,5,0.6029,2,2,0,3,999.0,3.9722,NONE,LOW,0,0,0,train
W-093,3050.0,Barail,Coal / Shale / Sandstone Sequence,6.36,29.95,107.4,11.58,3349.3,476.5,10.67,11.09,5,0.5922,2,2,0,3,999.0,3.9318,NONE,LOW,0,0,0,train
W-093,3060.0,Barail,Coal / Shale / Sandstone Sequence,6.74,32.39,107.2,10.58,3382.9,473.8,10.69,11.09,5,0.5822,2,2,0,3,999.0,3.894,NONE,LOW,0,0,0,train
W-093,3070.0,Barail,Coal / Shale / Sandstone Sequence,5.96,28.48,108.3,11.3,3369.7,489.9,10.46,10.88,5,0.5729,2,2,0,3,999.0,3.8589,NONE,LOW,0,0,0,train
W-093,3080.0,Barail,Coal / Shale / Sandstone Sequence,6.86,30.45,109.6,11.49,3375.1,474.5,10.47,10.86,5,0.5641,2,2,0,3,999.0,3.8259,NONE,LOW,0,0,0,train
W-093,3090.0,Barail,Coal / Shale / Sandstone Sequence,6.08,29.12,109.8,10.93,3329.4,477.2,10.69,11.14,5,0.5559,2,2,0,3,999.0,3.7957,NONE,LOW,0,0,0,train
W-093,3100.0,Barail,Coal / Shale / Sandstone Sequence,6.61,27.84,111.8,11.55,3358.4,481.4,10.6,11.0,5,0.5482,2,2,0,3,999.0,3.7673,NONE,LOW,0,0,0,train
W-093,3110.0,Barail,Coal / Shale / Sandstone Sequence,6.7,31.88,109.1,11.07,3373.1,486.8,10.52,10.88,5,0.5411,2,2,0,3,999.0,3.7413,NONE,LOW,0,0,0,train
W-093,3120.0,Barail,Coal / Shale / Sandstone Sequence,6.09,30.77,107.7,11.22,3418.1,468.7,10.65,11.06,5,0.5344,2,2,0,3,999.0,3.7169,NONE,LOW,0,0,0,train
W-093,3130.0,Barail,Coal / Shale / Sandstone Sequence,6.91,28.92,104.9,11.12,3386.4,481.8,10.74,11.1,5,0.5281,2,2,0,3,999.0,3.6946,NONE,LOW,0,0,0,train
W-093,3140.0,Barail,Coal / Shale / Sandstone Sequence,6.01,30.34,117.9,11.03,3360.6,470.9,10.53,10.95,5,0.5222,2,2,0,3,999.0,3.6737,NONE,LOW,0,0,0,train
W-093,3150.0,Barail,Coal / Shale / Sandstone Sequence,5.96,30.16,106.8,11.65,3454.6,484.4,10.6,10.99,5,0.5167,2,2,0,3,999.0,3.6546,NONE,LOW,0,0,0,train
W-093,3160.0,Barail,Coal / Shale / Sandstone Sequence,5.69,31.52,112.7,11.27,3420.3,480.2,10.55,10.97,5,0.5116,2,2,0,3,999.0,3.6371,NONE,LOW,0,0,0,train
W-093,3170.0,Barail,Coal / Shale / Sandstone Sequence,6.39,29.53,109.4,11.92,3379.8,483.5,10.62,10.99,5,0.5068,2,2,0,3,999.0,3.6211,NONE,LOW,0,0,0,train
W-093,3180.0,Barail,Coal / Shale / Sandstone Sequence,6.69,29.28,109.1,11.97,3363.5,471.4,10.66,11.06,5,0.5023,2,2,0,3,999.0,3.6065,NONE,LOW,0,0,0,train
W-093,3190.0,Barail,Coal / Shale / Sandstone Sequence,6.1,31.35,111.0,11.21,3401.5,476.4,10.77,11.16,5,0.498,2,2,0,3,999.0,3.5929,NONE,LOW,0,0,0,train
W-093,3200.0,Barail,Coal / Shale / Sandstone Sequence,6.49,31.88,110.2,12.05,3414.5,479.5,10.47,10.85,5,0.4941,2,2,0,3,999.0,3.5808,NONE,LOW,0,0,0,train
W-093,3210.0,Barail,Coal / Shale / Sandstone Sequence,5.62,30.52,110.6,12.36,3415.7,473.1,10.56,10.92,5,0.4904,2,2,0,3,999.0,3.5701,NONE,LOW,0,0,0,train
W-093,3220.0,Barail,Coal / Shale / Sandstone Sequence,6.99,30.62,112.2,11.41,3422.9,467.2,10.58,11.03,5,0.487,2,2,0,3,999.0,3.5604,NONE,LOW,0,0,0,train
W-093,3230.0,Barail,Coal / Shale / Sandstone Sequence,6.98,30.59,109.5,11.38,3413.9,483.7,10.51,10.94,5,0.4838,2,2,0,3,999.0,3.5518,NONE,LOW,0,0,0,train
W-093,3240.0,Barail,Coal / Shale / Sandstone Sequence,6.7,33.02,110.4,12.04,3420.7,475.6,10.71,11.12,5,0.4807,2,2,0,3,999.0,3.5443,NONE,LOW,0,0,0,train
W-093,3250.0,Barail,Coal / Shale / Sandstone Sequence,6.48,31.5,113.5,11.49,3338.9,493.4,10.64,11.03,5,0.4779,2,2,0,3,999.0,3.5378,NONE,LOW,0,0,0,train
W-093,3260.0,Barail,Coal / Shale / Sandstone Sequence,5.83,30.64,107.7,11.13,3397.9,484.2,10.53,11.0,5,0.4753,2,2,0,3,999.0,3.5326,NONE,LOW,0,0,0,train
W-093,3270.0,Barail,Coal / Shale / Sandstone Sequence,7.17,30.63,110.4,11.71,3401.0,476.6,10.67,11.09,5,0.4733,2,2,0,3,999.0,3.5281,NONE,LOW,0,0,0,train
W-093,3280.0,Barail,Coal / Shale / Sandstone Sequence,6.54,29.69,108.8,10.78,3421.9,482.0,10.69,11.08,5,0.4789,2,2,0,3,999.0,3.5246,NONE,LOW,0,0,0,train
W-093,3290.0,Barail,Coal / Shale / Sandstone Sequence,6.75,31.47,105.2,11.37,3432.7,492.6,10.62,11.01,5,0.4849,2,2,0,3,999.0,3.5222,NONE,LOW,0,0,0,train
W-093,3300.0,Barail,Coal / Shale / Sandstone Sequence,7.03,30.96,114.6,12.1,3459.5,483.7,10.64,11.11,5,0.4913,2,2,0,3,999.0,3.5206,NONE,LOW,0,0,0,train
W-093,3310.0,Barail,Coal / Shale / Sandstone Sequence,7.77,32.16,115.4,11.34,3448.6,491.4,10.55,10.92,5,0.4982,2,2,0,3,999.0,3.5203,NONE,LOW,0,0,0,train
W-093,3320.0,Barail,Coal / Shale / Sandstone Sequence,5.22,31.07,106.7,11.39,3503.1,493.7,10.59,10.94,5,0.5055,2,2,0,3,999.0,3.5208,NONE,LOW,0,0,0,train
W-093,3330.0,Barail,Coal / Shale / Sandstone Sequence,6.98,30.91,110.7,11.64,3398.8,471.7,10.64,11.05,5,0.5133,2,2,0,3,999.0,3.5221,NONE,LOW,0,0,0,train
W-093,3340.0,Barail,Coal / Shale / Sandstone Sequence,6.07,30.41,109.6,11.94,3433.1,493.0,10.61,10.99,5,0.5217,2,2,0,3,999.0,3.5245,NONE,LOW,0,0,0,train
W-093,3350.0,Barail,Coal / Shale / Sandstone Sequence,6.29,32.11,106.9,12.46,3395.2,493.7,10.62,11.02,5,0.5306,2,2,0,3,999.0,3.5276,NONE,LOW,0,0,0,train
W-093,3360.0,Barail,Coal / Shale / Sandstone Sequence,7.3,32.47,107.1,11.8,3486.7,472.9,10.64,11.11,5,0.5402,2,2,0,3,999.0,3.5321,NONE,LOW,0,0,0,train
W-093,3370.0,Barail,Coal / Shale / Sandstone Sequence,6.24,30.41,109.1,10.52,3432.1,477.9,10.63,11.0,5,0.5504,2,2,0,3,999.0,3.5372,NONE,LOW,0,0,0,train
W-093,3380.0,Barail,Coal / Shale / Sandstone Sequence,6.37,30.76,108.7,11.68,3446.8,474.4,10.66,11.06,5,0.5613,2,2,0,3,999.0,3.5434,NONE,LOW,0,0,0,train
W-093,3390.0,Barail,Coal / Shale / Sandstone Sequence,5.82,31.21,112.3,11.79,3441.8,485.4,10.6,10.97,5,0.573,3,2,0,2,999.0,3.5564,NONE,LOW,0,0,0,train
W-093,3400.0,Barail,Coal / Shale / Sandstone Sequence,6.35,33.4,110.7,11.36,3488.6,477.7,10.52,10.99,5,0.5854,3,2,0,2,999.0,3.5759,NONE,LOW,0,0,0,train
W-093,3410.0,Barail,Coal / Shale / Sandstone Sequence,5.89,31.44,109.0,11.1,3517.5,482.5,10.56,10.97,5,0.5854,3,2,0,2,999.0,3.584,NONE,LOW,0,0,0,train
W-093,3420.0,Barail,Coal / Shale / Sandstone Sequence,3.69,32.91,103.3,10.93,3192.0,419.4,10.56,10.95,5,0.573,3,2,0,2,999.0,3.5809,MUD_LOSS,CRITICAL,1,0,0,train
W-093,3430.0,Barail,Coal / Shale / Sandstone Sequence,3.33,32.6,109.2,11.96,3116.1,398.2,10.7,11.1,5,0.5613,3,2,0,2,999.0,3.5791,MUD_LOSS,CRITICAL,1,0,0,train
W-093,3440.0,Barail,Coal / Shale / Sandstone Sequence,3.95,30.85,108.7,10.56,3115.6,410.3,10.55,10.97,5,0.5504,3,2,0,2,999.0,3.5527,MUD_LOSS,CRITICAL,1,0,0,train
W-093,3450.0,Barail,Coal / Shale / Sandstone Sequence,6.0,33.75,118.3,11.58,3527.3,474.6,10.62,10.98,5,0.5402,3,2,0,2,999.0,3.5282,NONE,LOW,0,0,0,train
W-093,3460.0,Barail,Coal / Shale / Sandstone Sequence,6.37,34.61,108.9,11.07,3442.5,489.1,10.54,10.97,5,0.5306,3,2,0,2,999.0,3.5049,NONE,LOW,0,0,0,train
W-093,3470.0,Barail,Coal / Shale / Sandstone Sequence,5.37,30.53,116.9,11.84,3469.1,495.0,10.56,11.02,5,0.5217,3,2,0,2,999.0,3.4833,NONE,LOW,0,0,0,train
W-093,3480.0,Barail,Coal / Shale / Sandstone Sequence,6.49,31.22,108.9,10.76,3432.7,466.2,10.6,11.03,5,0.5133,3,2,0,2,999.0,3.4632,NONE,LOW,0,0,0,train
W-093,3490.0,Barail,Coal / Shale / Sandstone Sequence,7.67,31.08,116.9,11.32,3433.3,490.3,10.48,10.92,5,0.5055,2,2,0,3,999.0,3.4528,NONE,LOW,0,0,0,train
W-093,3500.0,Barail,Coal / Shale / Sandstone Sequence,6.3,30.91,109.5,11.55,3466.2,465.4,10.53,10.91,5,0.4982,2,2,0,3,999.0,3.4433,NONE,LOW,0,0,0,train
W-093,3510.0,Barail,Coal / Shale / Sandstone Sequence,6.37,31.65,106.3,11.19,3512.7,470.9,10.66,11.08,5,0.4913,2,2,0,3,999.0,3.4345,NONE,LOW,0,0,0,train
W-093,3520.0,Barail,Coal / Shale / Sandstone Sequence,6.65,31.2,108.6,11.5,3467.0,482.7,10.6,11.02,5,0.4849,2,2,0,3,999.0,3.4264,NONE,LOW,0,0,0,train
W-093,3530.0,Barail,Coal / Shale / Sandstone Sequence,6.67,29.83,114.7,11.4,3532.8,491.8,10.77,11.16,5,0.4789,2,2,0,3,999.0,3.4185,NONE,LOW,0,0,0,train
W-098,1800.0,Tipam Sandstone,Porous Sandstone / Siltstone,12.14,25.2,112.7,8.56,2672.4,550.6,9.86,10.33,5,0.3121,3,2,1,2,999.0,2.5674,NONE,LOW,0,0,0,val
W-098,1810.0,Tipam Sandstone,Porous Sandstone / Siltstone,11.54,23.54,115.9,7.96,2656.5,545.7,9.77,10.16,5,0.3121,3,2,1,2,999.0,2.5674,NONE,LOW,0,0,0,val
W-098,1820.0,Tipam Sandstone,Porous Sandstone / Siltstone,12.78,25.16,111.7,8.17,2644.4,538.3,9.74,10.09,5,0.3121,3,2,1,2,999.0,2.5674,NONE,LOW,0,0,0,val
W-098,1830.0,Tipam Sandstone,Porous Sandstone / Siltstone,13.39,26.93,107.3,8.0,2637.1,539.5,10.04,10.42,5,0.3121,3,2,1,2,999.0,2.5674,NONE,LOW,0,0,0,val
W-098,1840.0,Tipam Sandstone,Porous Sandstone / Siltstone,13.0,24.2,108.7,8.37,2645.7,550.6,9.91,10.32,5,0.3122,3,2,1,2,999.0,2.5676,NONE,LOW,0,0,0,val
W-098,1850.0,Tipam Sandstone,Porous Sandstone / Siltstone,12.65,24.62,107.8,7.43,2623.5,549.1,9.83,10.26,5,0.3122,3,2,1,2,999.0,2.5676,NONE,LOW,0,0,0,val
W-098,1860.0,Tipam Sandstone,Porous Sandstone / Siltstone,12.66,26.38,102.7,7.86,2706.2,554.4,9.69,10.03,5,0.3122,3,2,1,2,999.0,2.5676,NONE,LOW,0,0,0,val
W-098,1870.0,Tipam Sandstone,Porous Sandstone / Siltstone,12.05,26.31,107.2,7.97,2654.1,550.0,9.85,10.24,5,0.3122,3,2,1,2,999.0,2.5676,NONE,LOW,0,0,0,val
W-098,1880.0,Tipam Sandstone,Porous Sandstone / Siltstone,11.79,26.11,110.7,7.19,2694.8,548.6,9.78,10.19,5,0.3122,3,2,1,2,999.0,2.5676,NONE,LOW,0,0,0,val
W-098,1890.0,Tipam Sandstone,Porous Sandstone / Siltstone,12.7,26.96,108.8,8.52,2675.6,554.1,9.86,10.27,5,0.3122,3,2,1,2,999.0,2.5676,NONE,LOW,0,0,0,val
W-098,1900.0,Tipam Sandstone,Porous Sandstone / Siltstone,12.93,25.07,107.4,7.98,2656.0,541.6,9.9,10.24,5,0.3122,3,2,1,2,999.0,2.5676,NONE,LOW,0,0,0,val
W-098,1910.0,Tipam Sandstone,Porous Sandstone / Siltstone,13.69,24.85,117.6,8.2,2676.3,538.0,9.68,10.08,5,0.3123,3,2,1,2,999.0,2.568,NONE,LOW,0,0,0,val
W-098,1920.0,Tipam Sandstone,Porous Sandstone / Siltstone,13.43,26.01,105.4,7.52,2658.7,560.2,9.95,10.4,5,0.3123,3,2,1,2,999.0,2.568,NONE,LOW,0,0,0,val
W-098,1930.0,Tipam Sandstone,Porous Sandstone / Siltstone,12.32,27.58,106.1,8.03,2694.1,543.1,9.82,10.2,5,0.3123,3,2,1,2,999.0,2.568,NONE,LOW,0,0,0,val
W-098,1940.0,Tipam Sandstone,Porous Sandstone / Siltstone,13.35,28.06,110.5,7.87,2670.0,550.0,9.74,10.13,5,0.3123,3,2,1,2,999.0,2.568,NONE,LOW,0,0,0,val
W-098,1950.0,Tipam Sandstone,Porous Sandstone / Siltstone,12.75,25.31,109.2,7.91,2679.6,546.5,9.79,10.22,5,0.3123,3,2,1,2,999.0,2.568,NONE,LOW,0,0,0,val
W-098,1960.0,Tipam Sandstone,Porous Sandstone / Siltstone,13.44,26.0,112.4,8.36,2672.3,542.7,9.66,10.03,5,0.3124,3,2,1,2,999.0,2.5682,NONE,LOW,0,0,0,val
W-098,1970.0,Tipam Sandstone,Porous Sandstone / Siltstone,12.92,25.18,112.4,6.82,2682.9,559.3,9.78,10.18,5,0.3124,3,2,1,2,999.0,2.5682,NONE,LOW,0,0,0,val
W-098,1980.0,Tipam Sandstone,Porous Sandstone / Siltstone,12.11,22.29,106.0,8.53,2680.4,546.3,9.73,10.06,5,0.3124,3,2,1,2,999.0,2.5682,NONE,LOW,0,0,0,val
W-098,1990.0,Tipam Sandstone,Porous Sandstone / Siltstone,13.21,26.7,104.8,7.68,2696.8,540.4,9.67,10.01,5,0.3124,3,2,1,2,999.0,2.5684,NONE,LOW,0,0,0,val
W-098,2000.0,Tipam Sandstone,Porous Sandstone / Siltstone,12.84,26.71,113.5,7.22,2701.4,547.9,9.79,10.18,5,0.3125,3,2,1,2,999.0,2.5686,NONE,LOW,0,0,0,val
W-098,2010.0,Tipam Sandstone,Porous Sandstone / Siltstone,12.1,22.42,114.6,8.16,2665.4,553.8,9.78,10.17,5,0.3125,3,2,1,2,999.0,2.5686,NONE,LOW,0,0,0,val
W-098,2020.0,Tipam Sandstone,Porous Sandstone / Siltstone,12.04,26.72,106.8,7.45,2733.3,548.6,9.77,10.16,5,0.3125,3,2,1,2,999.0,2.5686,NONE,LOW,0,0,0,val
W-098,2030.0,Tipam Sandstone,Porous Sandstone / Siltstone,12.1,25.56,111.2,7.23,2713.0,544.0,9.86,10.28,5,0.3126,3,2,1,2,999.0,2.5688,NONE,LOW,0,0,0,val
W-098,2040.0,Tipam Sandstone,Porous Sandstone / Siltstone,12.75,24.23,109.6,7.41,2709.1,531.5,9.84,10.2,5,0.3126,3,2,1,2,999.0,2.569,NONE,LOW,0,0,0,val
W-098,2050.0,Tipam Sandstone,Porous Sandstone / Siltstone,12.72,25.78,106.4,7.46,2717.5,547.3,9.9,10.34,5,0.3126,3,2,1,2,999.0,2.569,NONE,LOW,0,0,0,val
W-098,2060.0,Tipam Sandstone,Porous Sandstone / Siltstone,12.54,24.57,108.6,8.09,2705.7,546.1,9.79,10.2,5,0.3127,3,2,1,2,999.0,2.5692,NONE,LOW,0,0,0,val
W-098,2070.0,Tipam Sandstone,Porous Sandstone / Siltstone,12.59,27.65,112.5,8.54,2702.3,548.3,9.92,10.32,5,0.3127,3,2,1,2,999.0,2.5692,NONE,LOW,0,0,0,val
W-098,2080.0,Tipam Sandstone,Porous Sandstone / Siltstone,12.98,26.47,113.5,7.72,2742.1,558.1,9.84,10.26,5,0.3128,3,2,1,2,999.0,2.5696,NONE,LOW,0,0,0,val
W-098,2090.0,Tipam Sandstone,Porous Sandstone / Siltstone,12.93,25.29,110.8,8.15,2689.3,553.8,9.81,10.17,5,0.3128,3,2,1,2,999.0,2.5696,NONE,LOW,0,0,0,val
W-098,2100.0,Tipam Sandstone,Porous Sandstone / Siltstone,12.52,25.52,110.3,8.03,2704.5,554.5,9.77,10.14,5,0.3129,3,2,1,2,999.0,2.5698,NONE,LOW,0,0,0,val
W-098,2110.0,Tipam Sandstone,Porous Sandstone / Siltstone,12.43,25.03,106.1,8.57,2717.3,539.1,9.98,10.41,5,0.313,3,2,1,2,999.0,2.5702,NONE,LOW,0,0,0,val
W-098,2120.0,Tipam Sandstone,Porous Sandstone / Siltstone,12.89,27.6,111.1,9.2,2686.9,543.5,9.77,10.16,5,0.313,3,2,1,2,999.0,2.5702,NONE,LOW,0,0,0,val
W-098,2130.0,Tipam Sandstone,Porous Sandstone / Siltstone,13.58,28.07,106.8,7.66,2711.8,543.7,9.98,10.43,5,0.3131,3,2,1,2,999.0,2.5706,NONE,LOW,0,0,0,val
W-098,2140.0,Tipam Sandstone,Porous Sandstone / Siltstone,12.43,27.49,103.3,8.03,2707.6,547.6,9.78,10.16,5,0.3132,3,2,1,2,999.0,2.5708,NONE,LOW,0,0,0,val
W-098,2150.0,Tipam Sandstone,Porous Sandstone / Siltstone,12.64,26.87,109.1,8.19,2715.8,555.5,9.75,10.14,5,0.3132,3,2,1,2,999.0,2.5708,NONE,LOW,0,0,0,val
W-098,2160.0,Tipam Sandstone,Porous Sandstone / Siltstone,12.02,26.35,117.5,7.97,2711.4,557.4,9.76,10.15,5,0.3133,3,2,1,2,999.0,2.5712,NONE,LOW,0,0,0,val
W-098,2170.0,Tipam Sandstone,Porous Sandstone / Siltstone,12.14,28.22,107.6,8.7,2716.3,547.7,9.82,10.26,5,0.3134,3,2,1,2,999.0,2.5716,NONE,LOW,0,0,0,val
W-098,2180.0,Tipam Sandstone,Porous Sandstone / Siltstone,13.86,26.4,111.0,8.95,2707.2,536.9,9.81,10.19,5,0.3135,3,2,1,2,999.0,2.5718,NONE,LOW,0,0,0,val
W-098,2190.0,Tipam Sandstone,Porous Sandstone / Siltstone,11.53,27.48,112.1,9.01,2773.6,552.9,9.87,10.31,5,0.3136,3,2,1,2,999.0,2.5723,NONE,LOW,0,0,0,val
W-098,2200.0,Tipam Sandstone,Porous Sandstone / Siltstone,12.22,25.43,107.7,7.98,2754.4,532.9,9.84,10.24,5,0.3137,3,2,1,2,999.0,2.5725,NONE,LOW,0,0,0,val
W-098,2210.0,Tipam Sandstone,Porous Sandstone / Siltstone,12.83,28.79,110.7,7.55,2707.0,555.5,9.8,10.18,5,0.3139,3,2,1,2,999.0,2.5731,NONE,LOW,0,0,0,val
W-098,2220.0,Tipam Sandstone,Porous Sandstone / Siltstone,13.34,25.03,112.2,8.65,2780.5,533.2,9.87,10.24,5,0.314,3,2,1,2,999.0,2.5735,NONE,LOW,0,0,0,val
W-098,2230.0,Tipam Sandstone,Porous Sandstone / Siltstone,12.81,27.42,99.2,7.85,2777.5,551.2,9.7,10.1,5,0.3141,3,2,1,2,999.0,2.5739,NONE,LOW,0,0,0,val
W-098,2240.0,Tipam Sandstone,Porous Sandstone / Siltstone,11.86,26.94,110.2,8.31,2777.4,550.7,9.77,10.2,5,0.3143,3,2,1,2,999.0,2.5745,NONE,LOW,0,0,0,val
W-098,2250.0,Tipam Sandstone,Porous Sandstone / Siltstone,11.63,27.57,110.5,8.25,2730.9,564.3,9.77,10.19,5,0.3144,3,2,1,2,999.0,2.5749,NONE,LOW,0,0,0,val
W-098,2260.0,Tipam Sandstone,Porous Sandstone / Siltstone,11.94,28.33,105.6,9.13,2749.7,563.8,9.78,10.17,5,0.3146,3,2,1,2,999.0,2.5755,NONE,LOW,0,0,0,val
W-098,2270.0,Tipam Sandstone,Porous Sandstone / Siltstone,12.06,27.1,113.2,8.33,2795.0,546.1,9.93,10.33,5,0.3148,3,2,1,2,999.0,2.5761,NONE,LOW,0,0,0,val
W-098,2280.0,Tipam Sandstone,Porous Sandstone / Siltstone,12.08,27.81,109.1,8.1,2772.1,543.7,9.9,10.29,5,0.315,3,2,1,2,999.0,2.5767,NONE,LOW,0,0,0,val
W-098,2290.0,Tipam Sandstone,Porous Sandstone / Siltstone,12.44,29.05,114.0,8.14,2753.4,543.4,9.81,10.27,5,0.3152,3,2,1,2,999.0,2.5773,NONE,LOW,0,0,0,val
W-098,2300.0,Tipam Sandstone,Porous Sandstone / Siltstone,12.57,27.63,108.8,7.5,2755.4,545.6,9.72,10.1,5,0.3154,3,2,1,2,999.0,2.5779,NONE,LOW,0,0,0,val
W-098,2310.0,Tipam Sandstone,Porous Sandstone / Siltstone,12.49,26.61,110.4,8.33,2768.9,557.2,9.91,10.27,5,0.3156,3,2,1,2,999.0,2.5787,NONE,LOW,0,0,0,val
W-098,2320.0,Tipam Sandstone,Porous Sandstone / Siltstone,12.49,27.22,107.2,7.39,2738.3,543.9,9.89,10.31,5,0.3159,3,2,1,2,999.0,2.5795,NONE,LOW,0,0,0,val
W-098,2330.0,Tipam Sandstone,Porous Sandstone / Siltstone,11.57,26.23,108.5,7.83,2779.3,558.3,9.72,10.16,5,0.3161,3,2,1,2,999.0,2.5803,NONE,LOW,0,0,0,val
W-098,2340.0,Tipam Sandstone,Porous Sandstone / Siltstone,11.53,26.33,112.8,7.77,2806.5,551.7,9.96,10.41,5,0.3164,3,2,1,2,999.0,2.5813,NONE,LOW,0,0,0,val
W-098,2350.0,Tipam Sandstone,Porous Sandstone / Siltstone,13.14,26.91,109.6,7.85,2749.9,561.8,9.88,10.31,5,0.3167,3,2,1,2,999.0,2.5822,NONE,LOW,0,0,0,val
W-098,2360.0,Tipam Sandstone,Porous Sandstone / Siltstone,13.28,26.68,102.6,8.5,2758.0,548.4,9.77,10.18,5,0.317,3,2,1,2,999.0,2.5832,NONE,LOW,0,0,0,val
W-098,2370.0,Tipam Sandstone,Porous Sandstone / Siltstone,13.01,28.18,112.2,7.6,2799.9,538.0,9.83,10.28,5,0.3174,3,2,1,2,999.0,2.5844,NONE,LOW,0,0,0,val
W-098,2380.0,Tipam Sandstone,Porous Sandstone / Siltstone,12.29,25.94,107.1,8.01,2781.8,559.2,9.69,10.09,5,0.3178,3,2,0,2,999.0,2.3612,NONE,LOW,0,0,0,val
W-098,2390.0,Tipam Sandstone,Porous Sandstone / Siltstone,12.42,29.02,113.6,7.43,2780.5,553.8,9.76,10.17,5,0.3182,3,2,0,2,999.0,2.3722,NONE,LOW,0,0,0,val
W-098,2400.0,Tipam Sandstone,Porous Sandstone / Siltstone,12.95,26.53,115.2,8.26,2771.7,545.8,9.72,10.1,5,0.3186,3,2,0,2,999.0,2.3841,NONE,LOW,0,0,0,val
W-098,2410.0,Tipam Sandstone,Porous Sandstone / Siltstone,12.38,26.27,104.4,8.27,2809.7,550.8,9.81,10.22,5,0.319,3,2,0,2,999.0,2.3965,NONE,LOW,0,0,0,val
W-098,2420.0,Tipam Sandstone,Porous Sandstone / Siltstone,12.61,30.73,114.7,7.86,2791.9,527.1,9.75,10.18,5,0.3195,3,2,0,2,999.0,2.4101,NONE,LOW,0,0,0,val
W-098,2430.0,Tipam Sandstone,Porous Sandstone / Siltstone,12.17,26.0,105.4,8.22,2805.3,555.5,9.86,10.27,5,0.32,3,2,0,2,999.0,2.4246,NONE,LOW,0,0,0,val
W-098,2440.0,Tipam Sandstone,Porous Sandstone / Siltstone,12.72,28.75,101.6,7.38,2800.9,558.6,9.88,10.33,5,0.3206,3,2,0,2,999.0,2.4163,NONE,LOW,0,0,0,val
W-098,2450.0,Tipam Sandstone,Porous Sandstone / Siltstone,12.13,25.45,113.5,7.72,2886.5,544.1,9.79,10.25,5,0.3212,3,2,0,2,999.0,2.4059,NONE,LOW,0,0,0,val
W-098,2460.0,Tipam Sandstone,Porous Sandstone / Siltstone,11.88,28.12,113.1,7.89,2835.9,556.5,9.86,10.28,5,0.3218,3,2,0,2,999.0,2.3965,NONE,LOW,0,0,0,val
W-098,2470.0,Tipam Sandstone,Porous Sandstone / Siltstone,11.8,27.79,110.7,7.06,2821.7,549.2,9.8,10.16,5,0.3225,3,2,0,2,999.0,2.3881,NONE,LOW,0,0,0,val
W-098,2480.0,Tipam Sandstone,Porous Sandstone / Siltstone,12.31,30.24,110.9,8.52,2817.1,535.0,9.77,10.19,5,0.3232,3,2,0,2,999.0,2.3807,NONE,LOW,0,0,0,val
W-098,2490.0,Tipam Sandstone,Porous Sandstone / Siltstone,12.3,26.7,110.3,8.53,2845.8,562.7,9.75,10.2,5,0.324,3,2,0,2,999.0,2.3738,NONE,LOW,0,0,0,val
W-098,2500.0,Tipam Sandstone,Porous Sandstone / Siltstone,11.78,25.83,112.5,7.65,2812.8,548.3,9.64,10.05,5,0.3248,3,2,1,2,999.0,2.6084,NONE,LOW,0,0,0,val
W-098,2510.0,Tipam Sandstone,Porous Sandstone / Siltstone,11.74,28.04,114.8,7.99,2807.7,532.8,9.68,10.11,5,0.3257,2,2,0,3,999.0,2.38,NONE,LOW,0,0,0,val
W-098,2520.0,Tipam Sandstone,Porous Sandstone / Siltstone,11.81,26.02,104.2,7.52,2824.0,540.3,9.74,10.15,5,0.3267,2,2,0,3,999.0,2.3838,NONE,LOW,0,0,0,val
W-098,2530.0,Tipam Sandstone,Porous Sandstone / Siltstone,13.83,26.07,110.6,8.09,2806.7,550.8,9.78,10.2,5,0.3277,2,2,0,3,999.0,2.3878,NONE,LOW,0,0,0,val
W-098,2540.0,Tipam Sandstone,Porous Sandstone / Siltstone,13.33,25.55,106.6,8.74,2857.8,554.3,9.81,10.24,5,0.3287,2,2,0,3,999.0,2.392,NONE,LOW,0,0,0,val
W-098,2550.0,Tipam Sandstone,Porous Sandstone / Siltstone,12.98,29.48,107.4,9.31,2842.4,532.5,9.65,10.06,5,0.3299,2,2,0,3,999.0,2.3968,NONE,LOW,0,0,0,val
W-098,2560.0,Tipam Sandstone,Porous Sandstone / Siltstone,13.2,28.9,107.6,8.75,2863.5,543.4,9.74,10.14,5,0.3311,2,2,0,3,999.0,2.4016,NONE,LOW,0,0,0,val
W-098,2570.0,Tipam Sandstone,Porous Sandstone / Siltstone,12.28,27.88,110.1,7.47,2786.7,551.9,9.84,10.18,5,0.3325,2,2,0,3,999.0,2.4071,NONE,LOW,0,0,0,val
W-098,2580.0,Tipam Sandstone,Porous Sandstone / Siltstone,11.44,26.34,111.7,7.89,2838.5,539.5,9.72,10.1,5,0.3339,2,2,0,3,999.0,2.4128,NONE,LOW,0,0,0,val
W-098,2590.0,Tipam Sandstone,Porous Sandstone / Siltstone,12.47,29.35,113.9,7.87,2801.2,543.9,9.83,10.23,5,0.3354,2,2,0,3,999.0,2.4187,NONE,LOW,0,0,0,val
W-098,2600.0,Tipam Sandstone,Porous Sandstone / Siltstone,11.87,28.48,119.7,7.76,2849.9,539.5,9.74,10.18,5,0.337,2,2,0,3,999.0,2.4253,NONE,LOW,0,0,0,val
W-098,2610.0,Tipam Sandstone,Porous Sandstone / Siltstone,12.98,30.07,108.3,7.85,2895.2,555.1,9.87,10.2,5,0.3387,2,2,0,3,999.0,2.4321,NONE,LOW,0,0,0,val
W-098,2620.0,Tipam Sandstone,Porous Sandstone / Siltstone,12.15,29.56,111.6,7.13,2861.7,551.7,9.84,10.25,5,0.3405,2,2,0,3,999.0,2.4393,NONE,LOW,0,0,0,val
W-098,2630.0,Tipam Sandstone,Porous Sandstone / Siltstone,13.4,29.02,110.1,8.57,2913.6,557.3,9.85,10.25,5,0.3425,2,2,0,3,999.0,2.4473,NONE,LOW,0,0,0,val
W-098,2640.0,Tipam Sandstone,Porous Sandstone / Siltstone,12.65,28.58,118.7,7.63,2888.9,549.0,9.83,10.19,5,0.3446,2,2,0,3,999.0,2.4558,NONE,LOW,0,0,0,val
W-098,2650.0,Tipam Sandstone,Porous Sandstone / Siltstone,12.17,29.29,110.4,7.49,2899.3,558.7,9.78,10.23,5,0.3469,2,2,0,3,999.0,2.4648,NONE,LOW,0,0,0,val
W-098,2660.0,Tipam Sandstone,Porous Sandstone / Siltstone,12.48,29.48,107.7,8.07,2860.6,538.3,9.82,10.22,5,0.3493,2,2,0,3,999.0,2.4745,NONE,LOW,0,0,0,val
W-098,2670.0,Tipam Sandstone,Porous Sandstone / Siltstone,12.35,29.12,115.1,7.58,2859.1,543.9,9.76,10.14,5,0.3518,2,2,0,3,999.0,2.4846,NONE,LOW,0,0,0,val
W-098,2680.0,Tipam Sandstone,Porous Sandstone / Siltstone,12.38,29.42,111.3,7.47,2902.4,557.6,9.75,10.13,5,0.3546,2,2,0,3,999.0,2.4958,NONE,LOW,0,0,0,val
W-098,2690.0,Tipam Sandstone,Porous Sandstone / Siltstone,12.7,28.57,111.4,7.99,2886.1,551.5,9.9,10.29,5,0.3575,2,2,0,3,999.0,2.5074,NONE,LOW,0,0,0,val
W-098,2700.0,Tipam Sandstone,Porous Sandstone / Siltstone,12.82,28.35,113.1,8.24,2866.3,558.2,9.64,10.04,5,0.3607,2,2,0,3,999.0,2.5201,NONE,LOW,0,0,0,val
W-098,2710.0,Tipam Sandstone,Porous Sandstone / Siltstone,12.42,30.86,107.1,7.84,2846.6,555.8,9.81,10.2,5,0.364,2,2,0,3,999.0,2.5334,NONE,LOW,0,0,0,val
W-098,2720.0,Tipam Sandstone,Porous Sandstone / Siltstone,12.19,28.96,105.0,6.88,2891.4,533.1,9.76,10.19,5,0.3676,2,2,0,3,999.0,2.5479,NONE,LOW,0,0,0,val
W-098,2730.0,Tipam Sandstone,Porous Sandstone / Siltstone,12.4,30.48,109.9,8.8,2871.1,531.1,9.92,10.32,5,0.3714,2,2,0,3,999.0,2.5631,NONE,LOW,0,0,0,val
W-098,2740.0,Tipam Sandstone,Porous Sandstone / Siltstone,12.82,28.34,111.3,8.49,2882.9,571.0,9.94,10.32,5,0.3755,2,2,0,3,999.0,2.5796,NONE,LOW,0,0,0,val
W-098,2750.0,Tipam Sandstone,Porous Sandstone / Siltstone,12.96,28.16,108.3,8.51,2891.1,552.7,9.88,10.23,5,0.3799,2,3,0,2,999.0,2.6015,NONE,LOW,0,0,0,val
W-098,2760.0,Tipam Sandstone,Porous Sandstone / Siltstone,12.67,28.96,111.4,7.8,2875.2,548.1,9.85,10.24,5,0.3846,2,3,0,2,999.0,2.6279,NONE,LOW,0,0,0,val
W-098,2770.0,Tipam Sandstone,Porous Sandstone / Siltstone,13.05,27.92,118.1,7.78,2893.2,557.2,9.97,10.32,5,0.3896,2,3,0,2,999.0,2.6564,NONE,LOW,0,0,0,val
W-098,2780.0,Tipam Sandstone,Porous Sandstone / Siltstone,12.16,29.37,111.5,7.96,2891.9,558.5,9.78,10.19,5,0.395,1,3,0,3,999.0,2.4027,NONE,LOW,0,0,0,val
W-098,2790.0,Tipam Sandstone,Porous Sandstone / Siltstone,12.59,31.36,110.7,7.74,2849.8,538.5,9.8,10.19,5,0.4007,1,3,0,3,999.0,2.4125,NONE,LOW,0,0,0,val
W-098,2800.0,Barail,Coal / Shale / Sandstone Sequence,6.17,29.62,107.7,11.04,3315.3,491.0,10.59,10.96,5,0.5318,2,2,0,3,999.0,3.7049,NONE,LOW,0,0,0,val
W-098,2810.0,Barail,Coal / Shale / Sandstone Sequence,5.36,27.47,107.6,12.07,3283.0,473.5,10.62,11.02,5,0.5383,2,2,0,3,999.0,3.7309,NONE,LOW,0,0,0,val
W-098,2820.0,Barail,Coal / Shale / Sandstone Sequence,6.03,31.66,108.9,11.56,3295.0,483.5,10.6,11.04,5,0.5453,2,2,0,3,999.0,3.7592,NONE,LOW,0,0,0,val
W-098,2830.0,Barail,Coal / Shale / Sandstone Sequence,6.04,30.64,112.2,11.99,3305.2,478.5,10.73,11.16,5,0.5528,2,2,0,3,999.0,3.7892,NONE,LOW,0,0,0,val
W-098,2840.0,Barail,Coal / Shale / Sandstone Sequence,7.44,29.6,109.6,10.27,3269.7,476.8,10.68,11.04,5,0.5608,2,2,0,3,999.0,3.8212,NONE,LOW,0,0,0,val
W-098,2850.0,Barail,Coal / Shale / Sandstone Sequence,5.71,28.8,108.2,12.1,3297.3,483.6,10.67,11.07,5,0.5693,2,2,0,3,999.0,3.8552,NONE,LOW,0,0,0,val
W-098,2860.0,Barail,Coal / Shale / Sandstone Sequence,7.01,29.4,103.2,11.38,3314.5,482.3,10.67,11.05,5,0.5784,2,2,0,3,999.0,3.8917,NONE,LOW,0,0,0,val
W-098,2870.0,Barail,Coal / Shale / Sandstone Sequence,6.51,28.38,108.2,12.46,3334.1,488.4,10.69,11.06,5,0.5882,2,2,0,3,999.0,3.9309,NONE,LOW,0,0,0,val
W-098,2880.0,Barail,Coal / Shale / Sandstone Sequence,6.09,29.74,109.3,11.26,3310.9,473.6,10.54,10.94,5,0.5986,2,2,0,3,999.0,3.9728,NONE,LOW,0,0,0,val
W-098,2890.0,Barail,Coal / Shale / Sandstone Sequence,5.59,29.98,115.5,11.41,3309.3,487.4,10.69,11.06,5,0.6097,2,2,0,3,999.0,4.0173,NONE,LOW,0,0,0,val
W-098,2900.0,Barail,Coal / Shale / Sandstone Sequence,5.88,27.36,109.4,10.87,3324.7,488.9,10.6,11.05,5,0.6216,2,2,0,3,999.0,4.0649,NONE,LOW,0,0,0,val
W-098,2910.0,Barail,Coal / Shale / Sandstone Sequence,7.11,30.12,108.5,10.54,3368.2,471.6,10.61,11.05,5,0.6344,2,2,0,3,999.0,4.1161,NONE,LOW,0,0,0,val
W-098,2920.0,Barail,Coal / Shale / Sandstone Sequence,5.91,30.05,118.5,12.27,3317.2,474.3,10.64,11.05,5,0.6266,2,2,0,3,999.0,4.1279,NONE,LOW,0,0,0,val
W-098,2930.0,Barail,Coal / Shale / Sandstone Sequence,7.22,30.61,103.2,11.73,3328.0,480.3,10.59,10.99,5,0.6241,2,2,0,3,999.0,4.1521,NONE,LOW,0,0,0,val
W-098,2940.0,Barail,Coal / Shale / Sandstone Sequence,7.09,28.86,109.8,11.28,3293.0,479.1,10.7,11.15,5,0.637,2,2,0,3,999.0,4.209,NONE,LOW,0,0,0,val
W-098,2950.0,Barail,Coal / Shale / Sandstone Sequence,6.49,29.73,111.2,11.02,3301.9,469.0,10.46,10.9,5,0.6241,2,2,0,3,999.0,4.2166,NONE,LOW,0,0,0,val
W-098,2960.0,Barail,Coal / Shale / Sandstone Sequence,6.2,32.37,107.1,11.67,3366.6,488.1,10.52,10.88,5,0.612,2,2,0,3,999.0,4.204,NONE,LOW,0,0,0,val
W-098,2970.0,Barail,Coal / Shale / Sandstone Sequence,6.68,32.19,107.0,11.25,3353.0,485.0,10.54,10.96,5,0.6144,2,2,0,3,999.0,4.1928,NONE,LOW,0,0,0,val
W-098,2980.0,Barail,Coal / Shale / Sandstone Sequence,6.18,30.18,115.0,11.38,3344.4,471.8,10.53,10.99,5,0.6266,2,2,0,3,999.0,4.1855,NONE,LOW,0,0,0,val
W-098,2990.0,Barail,Coal / Shale / Sandstone Sequence,7.15,30.0,110.3,10.75,3293.7,490.0,10.61,11.01,5,0.6344,2,2,0,3,999.0,4.1714,NONE,LOW,0,0,0,val
W-098,3000.0,Barail,Coal / Shale / Sandstone Sequence,5.75,28.92,114.2,12.37,3334.5,485.4,10.62,11.02,5,0.6216,2,2,0,3,999.0,4.1182,NONE,LOW,0,0,0,val
W-098,3010.0,Barail,Coal / Shale / Sandstone Sequence,7.61,29.5,115.0,11.69,3352.1,491.0,10.59,11.0,5,0.6344,2,2,0,3,999.0,4.1179,NONE,LOW,0,0,0,val
W-098,3020.0,Barail,Coal / Shale / Sandstone Sequence,7.33,31.58,114.8,9.56,3366.0,481.7,10.59,10.99,5,0.6266,2,2,0,3,999.0,4.0783,NONE,LOW,0,0,0,val
W-098,3030.0,Barail,Coal / Shale / Sandstone Sequence,6.66,30.93,108.9,12.25,3377.0,484.3,10.65,11.06,5,0.6144,2,2,0,3,999.0,4.0316,NONE,LOW,0,0,0,val
W-098,3040.0,Barail,Coal / Shale / Sandstone Sequence,7.11,30.02,114.0,11.59,3407.9,488.8,10.69,11.07,5,0.6029,2,2,0,3,999.0,3.9878,NONE,LOW,0,0,0,val
W-098,3050.0,Barail,Coal / Shale / Sandstone Sequence,5.24,30.96,107.2,12.44,3368.8,473.6,10.79,11.18,5,0.5922,2,2,0,3,999.0,3.9471,NONE,LOW,0,0,0,val
W-098,3060.0,Barail,Coal / Shale / Sandstone Sequence,6.32,29.85,107.0,11.64,3374.8,472.0,10.54,10.89,5,0.5822,2,2,0,3,999.0,3.9091,NONE,LOW,0,0,0,val
W-098,3070.0,Barail,Coal / Shale / Sandstone Sequence,6.82,31.16,112.2,12.29,3392.4,501.4,10.62,11.12,5,0.5729,2,2,0,3,999.0,3.8739,NONE,LOW,0,0,0,val
W-098,3080.0,Barail,Coal / Shale / Sandstone Sequence,5.18,30.31,112.0,11.46,3387.6,477.8,10.46,10.84,5,0.5641,2,2,0,3,999.0,3.8407,NONE,LOW,0,0,0,val
W-098,3090.0,Barail,Coal / Shale / Sandstone Sequence,6.38,31.37,108.1,11.36,3386.8,478.4,10.56,10.99,5,0.5559,2,2,0,3,999.0,3.8102,NONE,LOW,0,0,0,val
W-098,3100.0,Barail,Coal / Shale / Sandstone Sequence,5.82,30.77,111.6,11.07,3408.6,495.4,10.53,10.91,5,0.5482,2,2,0,3,999.0,3.7816,NONE,LOW,0,0,0,val
W-098,3110.0,Barail,Coal / Shale / Sandstone Sequence,5.07,31.73,106.6,11.99,3353.5,479.5,10.72,11.09,5,0.5411,2,2,0,3,999.0,3.7553,NONE,LOW,0,0,0,val
W-098,3120.0,Barail,Coal / Shale / Sandstone Sequence,7.6,30.35,118.4,11.31,3417.3,467.0,10.58,10.97,5,0.5344,2,2,0,3,999.0,3.7307,NONE,LOW,0,0,0,val
W-098,3130.0,Barail,Coal / Shale / Sandstone Sequence,7.42,30.74,101.6,10.84,3357.2,487.5,10.56,10.98,5,0.5281,2,2,0,3,999.0,3.708,NONE,LOW,0,0,0,val
W-098,3140.0,Barail,Coal / Shale / Sandstone Sequence,6.17,31.42,105.5,11.73,3394.3,477.8,10.58,10.99,5,0.5222,2,2,0,3,999.0,3.6868,NONE,LOW,0,0,0,val
W-098,3150.0,Barail,Coal / Shale / Sandstone Sequence,6.8,29.0,112.5,12.01,3395.5,484.8,10.61,11.0,5,0.5167,2,2,0,3,999.0,3.6674,NONE,LOW,0,0,0,val
W-098,3160.0,Barail,Coal / Shale / Sandstone Sequence,6.54,29.26,113.3,10.68,3397.1,476.9,10.67,11.06,5,0.5116,2,2,0,3,999.0,3.6495,NONE,LOW,0,0,0,val
W-098,3170.0,Barail,Coal / Shale / Sandstone Sequence,6.07,31.29,110.2,11.19,3426.0,481.6,10.61,11.03,5,0.5068,2,2,0,3,999.0,3.6332,NONE,LOW,0,0,0,val
W-098,3180.0,Barail,Coal / Shale / Sandstone Sequence,7.34,31.42,108.8,10.79,3400.2,488.8,10.71,11.12,5,0.5023,2,2,0,3,999.0,3.6182,NONE,LOW,0,0,0,val
W-098,3190.0,Barail,Coal / Shale / Sandstone Sequence,7.02,31.88,108.8,11.99,3413.2,474.5,10.32,10.76,5,0.498,2,2,0,3,999.0,3.6041,NONE,LOW,0,0,0,val
W-098,3200.0,Barail,Coal / Shale / Sandstone Sequence,6.47,30.61,106.7,11.65,3432.8,490.0,10.5,10.92,5,0.4941,2,2,0,3,999.0,3.5915,NONE,LOW,0,0,0,val
W-098,3210.0,Barail,Coal / Shale / Sandstone Sequence,5.7,31.04,109.9,11.25,3450.1,480.8,10.46,10.88,5,0.4904,2,2,0,3,999.0,3.5804,NONE,LOW,0,0,0,val
W-098,3220.0,Barail,Coal / Shale / Sandstone Sequence,6.53,33.99,106.2,11.2,3381.4,492.5,10.68,11.1,5,0.487,2,2,0,3,999.0,3.5701,NONE,LOW,0,0,0,val
W-098,3230.0,Barail,Coal / Shale / Sandstone Sequence,5.98,32.58,111.4,12.21,3406.0,484.1,10.56,10.97,5,0.4838,2,2,0,3,999.0,3.5609,NONE,LOW,0,0,0,val
W-098,3240.0,Barail,Coal / Shale / Sandstone Sequence,6.41,29.54,112.0,11.88,3434.8,485.3,10.55,10.95,5,0.4807,2,2,0,3,999.0,3.5528,NONE,LOW,0,0,0,val
W-098,3250.0,Barail,Coal / Shale / Sandstone Sequence,7.04,32.67,115.8,11.44,3422.2,486.2,10.72,11.09,5,0.4779,2,2,0,3,999.0,3.5456,NONE,LOW,0,0,0,val
W-098,3260.0,Barail,Coal / Shale / Sandstone Sequence,5.72,30.91,108.7,10.78,3418.7,479.2,10.51,10.95,5,0.4753,2,2,0,3,999.0,3.5398,NONE,LOW,0,0,0,val
W-098,3270.0,Barail,Coal / Shale / Sandstone Sequence,6.77,30.24,112.6,11.5,3411.5,473.1,10.76,11.15,5,0.4798,2,2,0,3,999.0,3.5346,NONE,LOW,0,0,0,val
W-098,3280.0,Barail,Coal / Shale / Sandstone Sequence,6.98,31.73,117.3,11.84,3430.6,477.6,10.59,10.95,5,0.4846,2,2,0,3,999.0,3.5303,NONE,LOW,0,0,0,val
W-098,3290.0,Barail,Coal / Shale / Sandstone Sequence,6.08,28.09,106.0,12.3,3431.7,477.0,10.55,10.97,5,0.4897,2,2,0,3,999.0,3.527,NONE,LOW,0,0,0,val
W-098,3300.0,Barail,Coal / Shale / Sandstone Sequence,6.67,32.73,109.5,10.61,3414.7,490.2,10.44,10.85,5,0.4952,2,2,0,3,999.0,3.5245,NONE,LOW,0,0,0,val
W-098,3310.0,Barail,Coal / Shale / Sandstone Sequence,7.92,29.74,109.0,10.98,3401.6,476.4,10.49,10.91,5,0.5011,2,2,0,3,999.0,3.5232,NONE,LOW,0,0,0,val
W-098,3320.0,Barail,Coal / Shale / Sandstone Sequence,6.27,30.07,111.9,11.75,3436.0,482.2,10.7,11.1,5,0.5074,2,2,0,3,999.0,3.5227,NONE,LOW,0,0,0,val
W-098,3330.0,Barail,Coal / Shale / Sandstone Sequence,6.39,32.6,118.9,11.59,3432.3,482.0,10.61,10.99,5,0.5141,2,2,0,3,999.0,3.5229,NONE,LOW,0,0,0,val
W-098,3340.0,Barail,Coal / Shale / Sandstone Sequence,6.76,30.86,113.6,11.51,3410.7,482.8,10.66,11.07,5,0.5212,2,2,0,3,999.0,3.524,NONE,LOW,0,0,0,val
W-098,3350.0,Barail,Coal / Shale / Sandstone Sequence,7.0,31.27,108.1,11.5,3446.6,483.9,10.68,11.09,5,0.5289,2,2,0,3,999.0,3.5259,NONE,LOW,0,0,0,val
W-098,3360.0,Barail,Coal / Shale / Sandstone Sequence,7.1,30.63,119.9,11.88,3411.8,481.5,10.59,11.02,5,0.5371,2,2,0,3,999.0,3.529,NONE,LOW,0,0,0,val
W-098,3370.0,Barail,Coal / Shale / Sandstone Sequence,5.6,30.23,112.2,10.62,3406.3,484.3,10.57,10.97,5,0.5459,2,2,0,3,999.0,3.5327,NONE,LOW,0,0,0,val
W-098,3380.0,Barail,Coal / Shale / Sandstone Sequence,6.2,29.76,111.9,11.1,3431.6,482.8,10.54,10.94,5,0.5552,2,2,0,3,999.0,3.5373,NONE,LOW,0,0,0,val
W-098,3390.0,Barail,Coal / Shale / Sandstone Sequence,3.18,32.0,110.3,11.24,2992.0,403.2,10.54,10.96,5,0.5652,3,2,0,2,999.0,3.5486,MUD_LOSS,HIGH,1,0,0,val
W-098,3400.0,Barail,Coal / Shale / Sandstone Sequence,3.86,32.49,110.2,11.52,3213.6,394.3,10.66,11.06,5,0.5759,3,2,0,2,999.0,3.5664,MUD_LOSS,HIGH,1,0,0,val
W-098,3410.0,Barail,Coal / Shale / Sandstone Sequence,3.29,28.92,118.3,11.65,3106.8,395.7,10.57,10.94,5,0.5874,3,2,0,2,999.0,3.586,MUD_LOSS,HIGH,1,0,0,val
W-098,3420.0,Barail,Coal / Shale / Sandstone Sequence,3.14,29.76,114.1,11.01,3209.4,409.0,10.49,10.89,5,0.5996,3,2,0,2,999.0,3.6075,MUD_LOSS,HIGH,1,0,0,val
W-098,3430.0,Barail,Coal / Shale / Sandstone Sequence,7.22,33.97,115.8,10.42,3446.6,480.0,10.57,10.98,5,0.6074,3,2,0,2,999.0,3.6252,NONE,LOW,0,0,0,val
W-098,3440.0,Barail,Coal / Shale / Sandstone Sequence,5.45,33.33,107.8,10.76,3432.4,483.1,10.46,10.84,5,0.5946,3,2,0,2,999.0,3.5969,NONE,LOW,0,0,0,val
W-098,3450.0,Barail,Coal / Shale / Sandstone Sequence,5.91,29.71,115.7,11.7,3454.2,475.8,10.62,11.06,5,0.5827,3,2,0,2,999.0,3.5707,NONE,LOW,0,0,0,val
W-098,3460.0,Barail,Coal / Shale / Sandstone Sequence,7.19,31.14,110.2,11.7,3451.2,479.2,10.65,11.03,5,0.5716,3,2,0,2,999.0,3.5459,NONE,LOW,0,0,0,val
W-098,3470.0,Barail,Coal / Shale / Sandstone Sequence,5.71,32.57,111.2,11.4,3478.7,477.1,10.63,11.01,5,0.5612,3,2,0,2,999.0,3.5228,NONE,LOW,0,0,0,val
W-098,3480.0,Barail,Coal / Shale / Sandstone Sequence,6.85,31.31,107.6,11.41,3456.2,492.2,10.64,11.05,5,0.5514,3,2,0,2,999.0,3.5013,NONE,LOW,0,0,0,val
W-098,3490.0,Barail,Coal / Shale / Sandstone Sequence,5.94,32.85,107.6,11.17,3491.8,483.1,10.6,10.93,5,0.5423,2,2,0,3,999.0,3.4896,NONE,LOW,0,0,0,val
W-098,3500.0,Barail,Coal / Shale / Sandstone Sequence,6.58,31.59,110.6,10.6,3404.2,472.2,10.59,11.0,5,0.5338,2,2,0,3,999.0,3.4789,NONE,LOW,0,0,0,val
W-098,3510.0,Barail,Coal / Shale / Sandstone Sequence,5.99,29.73,109.0,12.48,3472.1,479.1,10.34,10.77,5,0.5258,2,2,0,3,999.0,3.469,NONE,LOW,0,0,0,val
W-105,1800.0,Tipam Sandstone,Porous Sandstone / Siltstone,12.37,26.31,111.9,8.14,2646.5,547.2,9.8,10.23,5,0.3121,3,2,1,2,999.0,2.2644,NONE,LOW,0,0,0,train
W-105,1810.0,Tipam Sandstone,Porous Sandstone / Siltstone,13.24,23.98,115.7,8.24,2628.3,554.1,9.77,10.15,5,0.3121,3,2,1,2,999.0,2.2644,NONE,LOW,0,0,0,train
W-105,1820.0,Tipam Sandstone,Porous Sandstone / Siltstone,12.21,25.12,113.8,8.26,2626.9,541.5,9.8,10.21,5,0.3121,3,2,1,2,999.0,2.2644,NONE,LOW,0,0,0,train
W-105,1830.0,Tipam Sandstone,Porous Sandstone / Siltstone,12.1,27.23,113.3,7.69,2639.4,548.2,9.83,10.22,5,0.3121,3,2,1,2,999.0,2.2644,NONE,LOW,0,0,0,train
W-105,1840.0,Tipam Sandstone,Porous Sandstone / Siltstone,13.09,25.4,112.7,8.41,2661.5,553.2,9.9,10.32,5,0.3122,3,2,1,2,999.0,2.2646,NONE,LOW,0,0,0,train
W-105,1850.0,Tipam Sandstone,Porous Sandstone / Siltstone,12.03,24.59,108.8,7.65,2625.7,555.4,9.84,10.25,5,0.3122,3,2,1,2,999.0,2.2646,NONE,LOW,0,0,0,train
W-105,1860.0,Tipam Sandstone,Porous Sandstone / Siltstone,12.36,25.22,110.7,7.46,2631.2,554.2,9.69,10.05,5,0.3122,3,2,1,2,999.0,2.2646,NONE,LOW,0,0,0,train
W-105,1870.0,Tipam Sandstone,Porous Sandstone / Siltstone,12.3,25.33,111.0,8.8,2627.5,557.0,9.78,10.11,5,0.3122,3,2,1,2,999.0,2.2646,NONE,LOW,0,0,0,train
W-105,1880.0,Tipam Sandstone,Porous Sandstone / Siltstone,11.27,28.44,108.4,8.65,2697.1,546.5,9.91,10.3,5,0.3122,3,2,1,2,999.0,2.2646,NONE,LOW,0,0,0,train
W-105,1890.0,Tipam Sandstone,Porous Sandstone / Siltstone,12.97,25.05,106.7,8.27,2650.1,547.4,9.73,10.14,5,0.3122,3,2,1,2,999.0,2.2646,NONE,LOW,0,0,0,train
W-105,1900.0,Tipam Sandstone,Porous Sandstone / Siltstone,12.21,27.44,109.2,7.82,2670.6,553.6,9.75,10.12,5,0.3122,3,2,1,2,999.0,2.2646,NONE,LOW,0,0,0,train
W-105,1910.0,Tipam Sandstone,Porous Sandstone / Siltstone,12.65,23.49,117.2,8.73,2657.5,541.0,9.83,10.24,5,0.3123,3,2,1,2,999.0,2.265,NONE,LOW,0,0,0,train
W-105,1920.0,Tipam Sandstone,Porous Sandstone / Siltstone,13.32,25.12,116.5,7.59,2677.2,560.1,9.69,10.08,5,0.3123,3,2,1,2,999.0,2.265,NONE,LOW,0,0,0,train
W-105,1930.0,Tipam Sandstone,Porous Sandstone / Siltstone,13.16,25.05,105.0,7.27,2697.1,553.1,9.82,10.25,5,0.3123,3,2,1,2,999.0,2.265,NONE,LOW,0,0,0,train
W-105,1940.0,Tipam Sandstone,Porous Sandstone / Siltstone,11.64,22.94,121.5,8.26,2688.4,552.2,9.78,10.14,5,0.3123,3,2,1,2,999.0,2.265,NONE,LOW,0,0,0,train
W-105,1950.0,Tipam Sandstone,Porous Sandstone / Siltstone,13.55,26.59,106.9,7.39,2674.6,547.5,9.74,10.2,5,0.3123,3,2,1,2,999.0,2.265,NONE,LOW,0,0,0,train
W-105,1960.0,Tipam Sandstone,Porous Sandstone / Siltstone,11.79,25.77,111.1,7.36,2700.1,559.7,9.78,10.19,5,0.3124,3,2,1,2,999.0,2.2652,NONE,LOW,0,0,0,train
W-105,1970.0,Tipam Sandstone,Porous Sandstone / Siltstone,12.18,23.89,109.5,8.16,2670.1,565.5,9.74,10.16,5,0.3124,3,2,1,2,999.0,2.2652,NONE,LOW,0,0,0,train
W-105,1980.0,Tipam Sandstone,Porous Sandstone / Siltstone,11.44,24.74,116.3,8.45,2735.6,550.1,9.66,10.05,5,0.3124,3,2,1,2,999.0,2.2652,NONE,LOW,0,0,0,train
W-105,1990.0,Tipam Sandstone,Porous Sandstone / Siltstone,12.71,25.72,109.1,8.81,2694.3,560.6,9.7,10.05,5,0.3124,3,2,1,2,999.0,2.2654,NONE,LOW,0,0,0,train
W-105,2000.0,Tipam Sandstone,Porous Sandstone / Siltstone,12.28,26.85,113.5,7.75,2720.5,557.0,10.02,10.39,5,0.3125,3,2,1,2,999.0,2.2656,NONE,LOW,0,0,0,train
W-105,2010.0,Tipam Sandstone,Porous Sandstone / Siltstone,12.53,25.9,115.6,8.35,2700.7,554.8,9.74,10.08,5,0.3125,3,2,1,2,999.0,2.2656,NONE,LOW,0,0,0,train
W-105,2020.0,Tipam Sandstone,Porous Sandstone / Siltstone,12.67,27.42,110.8,8.73,2726.7,546.1,9.75,10.15,5,0.3125,3,2,1,2,999.0,2.2656,NONE,LOW,0,0,0,train
W-105,2030.0,Tipam Sandstone,Porous Sandstone / Siltstone,12.23,27.96,105.6,8.16,2725.9,547.5,9.83,10.22,5,0.3126,3,2,1,2,999.0,2.2658,NONE,LOW,0,0,0,train
W-105,2040.0,Tipam Sandstone,Porous Sandstone / Siltstone,12.99,25.56,105.7,8.58,2720.0,558.1,9.79,10.22,5,0.3126,3,2,1,2,999.0,2.266,NONE,LOW,0,0,0,train
W-105,2050.0,Tipam Sandstone,Porous Sandstone / Siltstone,13.17,25.33,111.9,7.72,2701.1,538.7,9.97,10.37,5,0.3126,3,2,1,2,999.0,2.266,NONE,LOW,0,0,0,train
W-105,2060.0,Tipam Sandstone,Porous Sandstone / Siltstone,12.46,24.92,103.9,9.06,2723.1,543.4,9.84,10.26,5,0.3127,3,2,1,2,999.0,2.2662,NONE,LOW,0,0,0,train
W-105,2070.0,Tipam Sandstone,Porous Sandstone / Siltstone,12.87,22.94,120.6,7.08,2712.3,540.9,9.98,10.35,5,0.3127,3,2,1,2,999.0,2.2662,NONE,LOW,0,0,0,train
W-105,2080.0,Tipam Sandstone,Porous Sandstone / Siltstone,11.26,26.21,114.6,7.58,2685.2,548.9,9.82,10.21,5,0.3128,3,2,1,2,999.0,2.2666,NONE,LOW,0,0,0,train
W-105,2090.0,Tipam Sandstone,Porous Sandstone / Siltstone,11.79,26.98,112.4,7.47,2699.3,551.1,9.75,10.12,5,0.3128,3,2,1,2,999.0,2.2666,NONE,LOW,0,0,0,train
W-105,2100.0,Tipam Sandstone,Porous Sandstone / Siltstone,13.38,26.33,105.1,8.2,2720.6,548.8,9.81,10.23,5,0.3129,3,2,1,2,999.0,2.2668,NONE,LOW,0,0,0,train
W-105,2110.0,Tipam Sandstone,Porous Sandstone / Siltstone,12.52,26.37,118.3,8.6,2748.3,551.0,9.86,10.23,5,0.313,3,2,1,2,999.0,2.2672,NONE,LOW,0,0,0,train
W-105,2120.0,Tipam Sandstone,Porous Sandstone / Siltstone,12.59,25.79,109.0,7.52,2756.4,555.5,9.89,10.3,5,0.313,3,2,1,2,999.0,2.2672,NONE,LOW,0,0,0,train
W-105,2130.0,Tipam Sandstone,Porous Sandstone / Siltstone,12.09,23.96,104.3,7.63,2710.2,552.3,9.8,10.22,5,0.3131,3,2,1,2,999.0,2.2676,NONE,LOW,0,0,0,train
W-105,2140.0,Tipam Sandstone,Porous Sandstone / Siltstone,13.35,25.62,109.5,7.97,2762.3,550.8,9.79,10.19,5,0.3132,3,2,1,2,999.0,2.2678,NONE,LOW,0,0,0,train
W-105,2150.0,Tipam Sandstone,Porous Sandstone / Siltstone,11.96,27.92,101.7,8.67,2750.0,544.0,9.67,10.04,5,0.3132,3,2,1,2,999.0,2.2678,NONE,LOW,0,0,0,train
W-105,2160.0,Tipam Sandstone,Porous Sandstone / Siltstone,13.35,26.5,110.5,7.68,2743.4,544.6,9.95,10.35,5,0.3133,3,2,1,2,999.0,2.2682,NONE,LOW,0,0,0,train
W-105,2170.0,Tipam Sandstone,Porous Sandstone / Siltstone,12.44,25.42,104.5,8.06,2723.5,552.0,9.94,10.3,5,0.3134,3,2,1,2,999.0,2.2687,NONE,LOW,0,0,0,train
W-105,2180.0,Tipam Sandstone,Porous Sandstone / Siltstone,11.86,26.78,108.6,8.86,2749.3,565.6,9.86,10.27,5,0.3135,3,2,1,2,999.0,2.2689,NONE,LOW,0,0,0,train
W-105,2190.0,Tipam Sandstone,Porous Sandstone / Siltstone,12.37,27.17,114.9,8.45,2760.8,547.4,9.91,10.31,5,0.3136,3,2,1,2,999.0,2.2694,NONE,LOW,0,0,0,train
W-105,2200.0,Tipam Sandstone,Porous Sandstone / Siltstone,13.31,26.09,107.0,7.55,2770.7,542.6,9.89,10.32,5,0.3137,3,2,1,2,999.0,2.2696,NONE,LOW,0,0,0,train
W-105,2210.0,Tipam Sandstone,Porous Sandstone / Siltstone,12.17,28.72,104.2,8.83,2760.5,533.4,9.84,10.29,5,0.3139,3,2,1,2,999.0,2.2702,NONE,LOW,0,0,0,train
W-105,2220.0,Tipam Sandstone,Porous Sandstone / Siltstone,12.24,25.72,103.7,9.21,2731.9,539.9,9.88,10.29,5,0.314,3,2,1,2,999.0,2.2706,NONE,LOW,0,0,0,train
W-105,2230.0,Tipam Sandstone,Porous Sandstone / Siltstone,11.91,28.11,111.9,7.81,2758.0,546.5,9.67,10.07,5,0.3141,3,2,1,2,999.0,2.271,NONE,LOW,0,0,0,train
W-105,2240.0,Tipam Sandstone,Porous Sandstone / Siltstone,12.15,26.23,107.1,8.52,2779.3,542.5,9.74,10.1,5,0.3143,3,2,1,2,999.0,2.2716,NONE,LOW,0,0,0,train
W-105,2250.0,Tipam Sandstone,Porous Sandstone / Siltstone,13.79,25.77,109.4,8.04,2759.8,546.3,9.79,10.22,5,0.3144,3,2,1,2,999.0,2.272,NONE,LOW,0,0,0,train
W-105,2260.0,Tipam Sandstone,Porous Sandstone / Siltstone,13.01,27.75,113.6,8.79,2798.3,568.6,9.84,10.27,5,0.3146,3,2,1,2,999.0,2.2726,NONE,LOW,0,0,0,train
W-105,2270.0,Tipam Sandstone,Porous Sandstone / Siltstone,13.01,27.93,117.7,7.52,2781.4,544.6,9.75,10.16,5,0.3148,3,2,1,2,999.0,2.2732,NONE,LOW,0,0,0,train
W-105,2280.0,Tipam Sandstone,Porous Sandstone / Siltstone,12.79,25.43,113.2,8.1,2773.8,565.6,9.78,10.17,5,0.315,3,2,1,2,999.0,2.2738,NONE,LOW,0,0,0,train
W-105,2290.0,Tipam Sandstone,Porous Sandstone / Siltstone,12.56,27.4,118.9,8.03,2758.3,565.0,9.83,10.22,5,0.3152,3,2,1,2,999.0,2.2744,NONE,LOW,0,0,0,train
W-105,2300.0,Tipam Sandstone,Porous Sandstone / Siltstone,12.06,25.7,102.8,7.82,2773.2,559.4,9.67,10.09,5,0.3154,3,2,1,2,999.0,2.275,NONE,LOW,0,0,0,train
W-105,2310.0,Tipam Sandstone,Porous Sandstone / Siltstone,11.96,28.3,115.6,8.2,2788.1,539.9,9.85,10.28,5,0.3156,3,2,1,2,999.0,2.2758,NONE,LOW,0,0,0,train
W-105,2320.0,Tipam Sandstone,Porous Sandstone / Siltstone,12.69,26.57,109.4,7.79,2771.0,555.2,9.94,10.35,5,0.3159,3,2,1,2,999.0,2.2766,NONE,LOW,0,0,0,train
W-105,2330.0,Tipam Sandstone,Porous Sandstone / Siltstone,12.72,26.28,108.0,7.72,2777.8,564.4,9.88,10.34,5,0.3161,3,2,1,2,999.0,2.2775,NONE,LOW,0,0,0,train
W-105,2340.0,Tipam Sandstone,Porous Sandstone / Siltstone,12.57,25.73,110.9,7.6,2825.8,537.2,9.87,10.28,5,0.3164,3,2,1,2,999.0,2.2785,NONE,LOW,0,0,0,train
W-105,2350.0,Tipam Sandstone,Porous Sandstone / Siltstone,12.49,28.2,114.1,7.97,2806.5,544.7,9.73,10.14,5,0.3167,3,2,1,2,999.0,2.2794,NONE,LOW,0,0,0,train
W-105,2360.0,Tipam Sandstone,Porous Sandstone / Siltstone,12.7,26.8,108.9,8.51,2762.7,542.4,9.88,10.3,5,0.317,3,2,1,2,999.0,2.2804,NONE,LOW,0,0,0,train
W-105,2370.0,Tipam Sandstone,Porous Sandstone / Siltstone,11.63,29.1,105.6,7.9,2777.0,547.6,9.76,10.14,5,0.3174,3,2,1,2,999.0,2.2816,NONE,LOW,0,0,0,train
W-105,2380.0,Tipam Sandstone,Porous Sandstone / Siltstone,12.57,28.7,107.6,9.07,2747.4,537.3,9.86,10.31,5,0.3178,3,2,0,2,999.0,2.0584,NONE,LOW,0,0,0,train
W-105,2390.0,Tipam Sandstone,Porous Sandstone / Siltstone,12.7,28.08,112.3,8.15,2773.4,556.5,9.84,10.26,5,0.3182,3,2,0,2,999.0,2.0694,NONE,LOW,0,0,0,train
W-105,2400.0,Tipam Sandstone,Porous Sandstone / Siltstone,13.56,28.0,105.1,8.89,2774.5,552.7,9.91,10.31,5,0.3186,3,2,0,2,999.0,2.0813,NONE,LOW,0,0,0,train
W-105,2410.0,Tipam Sandstone,Porous Sandstone / Siltstone,12.96,27.93,112.1,7.59,2798.1,543.8,9.77,10.16,5,0.319,3,2,0,2,999.0,2.0938,NONE,LOW,0,0,0,train
W-105,2420.0,Tipam Sandstone,Porous Sandstone / Siltstone,13.61,27.37,101.5,8.7,2816.2,549.0,9.79,10.18,5,0.3195,3,2,0,2,999.0,2.1074,NONE,LOW,0,0,0,train
W-105,2430.0,Tipam Sandstone,Porous Sandstone / Siltstone,13.66,27.78,103.0,8.16,2837.7,551.3,9.72,10.1,5,0.32,3,2,0,2,999.0,2.1219,NONE,LOW,0,0,0,train
W-105,2440.0,Tipam Sandstone,Porous Sandstone / Siltstone,11.95,29.59,109.7,7.16,2819.6,551.1,9.72,10.11,5,0.3206,3,2,0,2,999.0,2.1136,NONE,LOW,0,0,0,train
W-105,2450.0,Tipam Sandstone,Porous Sandstone / Siltstone,11.86,29.1,111.0,8.24,2818.6,552.6,9.72,10.1,5,0.3212,3,2,0,2,999.0,2.1032,NONE,LOW,0,0,0,train
W-105,2460.0,Tipam Sandstone,Porous Sandstone / Siltstone,13.2,29.54,105.1,7.9,2836.0,565.1,9.78,10.24,5,0.3218,3,2,0,2,999.0,2.0939,NONE,LOW,0,0,0,train
W-105,2470.0,Tipam Sandstone,Porous Sandstone / Siltstone,13.27,27.95,114.2,8.39,2785.9,554.4,9.74,10.17,5,0.3225,3,2,0,2,999.0,2.0855,NONE,LOW,0,0,0,train
W-105,2480.0,Tipam Sandstone,Porous Sandstone / Siltstone,12.35,26.03,112.7,8.1,2796.9,547.4,9.8,10.2,5,0.3232,3,2,0,2,999.0,2.0781,NONE,LOW,0,0,0,train
W-105,2490.0,Tipam Sandstone,Porous Sandstone / Siltstone,12.5,25.86,115.4,8.01,2795.0,530.3,9.76,10.19,5,0.324,3,2,0,2,999.0,2.0712,NONE,LOW,0,0,0,train
W-105,2500.0,Tipam Sandstone,Porous Sandstone / Siltstone,12.63,29.04,113.4,8.1,2818.6,546.7,9.84,10.26,5,0.3248,3,2,1,2,999.0,2.3059,NONE,LOW,0,0,0,train
W-105,2510.0,Tipam Sandstone,Porous Sandstone / Siltstone,12.44,29.81,111.5,8.19,2887.6,563.2,9.91,10.36,5,0.3257,2,2,0,3,999.0,2.0775,NONE,LOW,0,0,0,train
W-105,2520.0,Tipam Sandstone,Porous Sandstone / Siltstone,13.82,27.98,109.1,6.92,2838.2,541.3,9.74,10.15,5,0.3267,2,2,0,3,999.0,2.0813,NONE,LOW,0,0,0,train
W-105,2530.0,Tipam Sandstone,Porous Sandstone / Siltstone,13.58,28.78,119.1,7.49,2871.2,535.6,9.71,10.11,5,0.3277,2,2,0,3,999.0,2.0854,NONE,LOW,0,0,0,train
W-105,2540.0,Tipam Sandstone,Porous Sandstone / Siltstone,12.23,27.54,106.3,7.37,2823.9,550.9,9.75,10.18,5,0.3287,2,2,0,3,999.0,2.0896,NONE,LOW,0,0,0,train
W-105,2550.0,Tipam Sandstone,Porous Sandstone / Siltstone,13.2,26.43,108.3,8.36,2846.1,543.1,9.82,10.25,5,0.3299,2,2,0,3,999.0,2.0945,NONE,LOW,0,0,0,train
W-105,2560.0,Tipam Sandstone,Porous Sandstone / Siltstone,12.03,28.82,110.0,7.74,2826.1,541.4,9.76,10.15,5,0.3311,2,2,0,3,999.0,2.0993,NONE,LOW,0,0,0,train
W-105,2570.0,Tipam Sandstone,Porous Sandstone / Siltstone,12.65,29.43,112.1,7.69,2801.3,542.6,9.89,10.27,5,0.3325,2,2,0,3,999.0,2.1049,NONE,LOW,0,0,0,train
W-105,2580.0,Tipam Sandstone,Porous Sandstone / Siltstone,13.09,29.48,118.8,7.62,2884.9,562.7,9.74,10.13,5,0.3339,2,2,0,3,999.0,2.1106,NONE,LOW,0,0,0,train
W-105,2590.0,Tipam Sandstone,Porous Sandstone / Siltstone,13.24,28.29,109.5,7.69,2788.5,550.6,9.84,10.22,5,0.3354,2,2,0,3,999.0,2.1166,NONE,LOW,0,0,0,train
W-105,2600.0,Tipam Sandstone,Porous Sandstone / Siltstone,12.75,26.66,113.2,8.24,2840.0,549.5,9.71,10.08,5,0.337,2,2,0,3,999.0,2.1232,NONE,LOW,0,0,0,train
W-105,2610.0,Tipam Sandstone,Porous Sandstone / Siltstone,12.61,28.75,112.0,7.68,2814.5,557.7,9.86,10.28,5,0.3387,2,2,0,3,999.0,2.1301,NONE,LOW,0,0,0,train
W-105,2620.0,Tipam Sandstone,Porous Sandstone / Siltstone,12.75,29.99,114.6,7.72,2817.8,539.5,9.76,10.15,5,0.3405,2,2,0,3,999.0,2.1374,NONE,LOW,0,0,0,train
W-105,2630.0,Tipam Sandstone,Porous Sandstone / Siltstone,12.06,27.8,107.5,7.73,2857.2,539.8,9.92,10.35,5,0.3425,2,2,0,3,999.0,2.1454,NONE,LOW,0,0,0,train
W-105,2640.0,Tipam Sandstone,Porous Sandstone / Siltstone,13.99,27.15,116.4,8.7,2849.7,546.8,9.79,10.16,5,0.3446,2,2,0,3,999.0,2.154,NONE,LOW,0,0,0,train
W-105,2650.0,Tipam Sandstone,Porous Sandstone / Siltstone,12.5,28.62,103.6,9.15,2856.0,550.5,9.73,10.11,5,0.3469,2,2,0,3,999.0,2.1631,NONE,LOW,0,0,0,train
W-105,2660.0,Tipam Sandstone,Porous Sandstone / Siltstone,12.29,28.64,109.9,8.4,2870.7,555.6,9.78,10.18,5,0.3493,2,2,0,3,999.0,2.1729,NONE,LOW,0,0,0,train
W-105,2670.0,Tipam Sandstone,Porous Sandstone / Siltstone,12.36,29.88,111.3,7.92,2862.8,549.1,9.82,10.22,5,0.3518,2,2,0,3,999.0,2.1831,NONE,LOW,0,0,0,train
W-105,2680.0,Tipam Sandstone,Porous Sandstone / Siltstone,12.16,29.64,113.3,8.89,2854.9,555.3,9.8,10.14,5,0.3546,2,2,0,3,999.0,2.1944,NONE,LOW,0,0,0,train
W-105,2690.0,Tipam Sandstone,Porous Sandstone / Siltstone,11.63,27.58,111.3,7.69,2853.5,546.1,9.87,10.29,5,0.3575,2,2,0,3,999.0,2.2061,NONE,LOW,0,0,0,train
W-105,2700.0,Tipam Sandstone,Porous Sandstone / Siltstone,12.47,28.35,113.3,8.42,2829.1,558.4,9.73,10.11,5,0.3607,2,2,0,3,999.0,2.2189,NONE,LOW,0,0,0,train
W-105,2710.0,Tipam Sandstone,Porous Sandstone / Siltstone,11.94,29.29,120.2,8.06,2866.0,548.1,9.82,10.17,5,0.364,2,2,0,3,999.0,2.2323,NONE,LOW,0,0,0,train
W-105,2720.0,Tipam Sandstone,Porous Sandstone / Siltstone,12.69,27.62,105.9,8.01,2903.3,540.8,9.92,10.35,5,0.3676,2,2,0,3,999.0,2.247,NONE,LOW,0,0,0,train
W-105,2730.0,Tipam Sandstone,Porous Sandstone / Siltstone,11.94,28.36,117.0,7.31,2864.2,557.6,9.79,10.2,5,0.3714,2,2,0,3,999.0,2.2623,NONE,LOW,0,0,0,train
W-105,2740.0,Tipam Sandstone,Porous Sandstone / Siltstone,13.08,30.17,111.3,7.69,2873.5,552.3,9.74,10.1,5,0.3755,2,2,0,3,999.0,2.279,NONE,LOW,0,0,0,train
W-105,2750.0,Tipam Sandstone,Porous Sandstone / Siltstone,13.52,28.72,111.4,8.59,2936.4,562.5,9.91,10.25,5,0.3799,1,3,0,3,999.0,2.3059,NONE,LOW,0,0,0,train
W-105,2760.0,Tipam Sandstone,Porous Sandstone / Siltstone,12.8,28.45,117.1,8.81,2869.6,548.7,9.77,10.15,5,0.3846,1,3,0,3,999.0,2.3359,NONE,LOW,0,0,0,train
W-105,2770.0,Tipam Sandstone,Porous Sandstone / Siltstone,12.36,30.23,106.4,6.69,2852.4,541.8,9.78,10.16,5,0.3896,1,3,0,3,999.0,2.3682,NONE,LOW,0,0,0,train
W-105,2780.0,Tipam Sandstone,Porous Sandstone / Siltstone,11.85,27.67,106.3,7.44,2881.1,545.2,9.81,10.24,5,0.395,1,3,0,3,999.0,2.4027,NONE,LOW,0,0,0,train
W-105,2790.0,Tipam Sandstone,Porous Sandstone / Siltstone,12.29,28.51,113.2,7.92,2923.8,540.8,9.72,10.12,5,0.4007,1,3,0,3,999.0,2.4125,NONE,LOW,0,0,0,train
W-105,2800.0,Barail,Coal / Shale / Sandstone Sequence,5.76,29.12,116.9,11.07,3296.8,469.5,10.55,10.91,5,0.5318,2,2,0,3,999.0,3.2804,NONE,LOW,0,0,0,train
W-105,2810.0,Barail,Coal / Shale / Sandstone Sequence,6.23,28.75,109.1,10.68,3286.9,484.0,10.54,10.9,5,0.5383,2,2,0,3,999.0,3.3067,NONE,LOW,0,0,0,train
W-105,2820.0,Barail,Coal / Shale / Sandstone Sequence,6.68,28.34,111.4,10.74,3327.2,482.9,10.57,10.97,5,0.5453,2,2,0,3,999.0,3.3352,NONE,LOW,0,0,0,train
W-105,2830.0,Barail,Coal / Shale / Sandstone Sequence,6.3,28.58,115.5,12.42,3290.2,479.1,10.69,11.12,5,0.5528,2,2,0,3,999.0,3.3655,NONE,LOW,0,0,0,train
W-105,2840.0,Barail,Coal / Shale / Sandstone Sequence,6.86,30.3,107.8,11.71,3309.8,470.3,10.59,10.96,5,0.5608,2,2,0,3,999.0,3.3978,NONE,LOW,0,0,0,train
W-105,2850.0,Barail,Coal / Shale / Sandstone Sequence,7.06,30.55,113.0,11.72,3322.8,482.2,10.55,10.96,5,0.5693,2,2,0,3,999.0,3.4321,NONE,LOW,0,0,0,train
W-105,2860.0,Barail,Coal / Shale / Sandstone Sequence,5.66,28.49,105.9,12.05,3356.4,462.6,10.64,11.08,5,0.5784,2,2,0,3,999.0,3.469,NONE,LOW,0,0,0,train
W-105,2870.0,Barail,Coal / Shale / Sandstone Sequence,7.11,30.09,115.8,11.6,3283.4,479.2,10.61,11.02,5,0.5882,2,2,0,3,999.0,3.5085,NONE,LOW,0,0,0,train
W-105,2880.0,Barail,Coal / Shale / Sandstone Sequence,6.89,29.44,107.6,10.96,3310.2,481.6,10.58,10.92,5,0.5986,2,2,0,3,999.0,3.5508,NONE,LOW,0,0,0,train
W-105,2890.0,Barail,Coal / Shale / Sandstone Sequence,5.3,28.82,114.8,10.91,3340.1,502.8,10.54,10.98,5,0.6097,2,2,0,3,999.0,3.5958,NONE,LOW,0,0,0,train
W-105,2900.0,Barail,Coal / Shale / Sandstone Sequence,7.02,27.96,103.7,11.51,3335.0,488.8,10.61,10.99,5,0.6216,2,2,0,3,999.0,3.6438,NONE,LOW,0,0,0,train
W-105,2910.0,Barail,Coal / Shale / Sandstone Sequence,6.6,29.48,109.7,11.07,3334.5,481.6,10.62,11.0,5,0.6344,2,2,0,3,999.0,3.6955,NONE,LOW,0,0,0,train
W-105,2920.0,Barail,Coal / Shale / Sandstone Sequence,7.12,30.49,105.8,11.55,3307.2,480.8,10.65,11.03,5,0.6266,2,2,0,3,999.0,3.7078,NONE,LOW,0,0,0,train
W-105,2930.0,Barail,Coal / Shale / Sandstone Sequence,6.97,31.1,114.2,11.36,3321.9,493.9,10.7,11.1,5,0.6241,2,2,0,3,999.0,3.7325,NONE,LOW,0,0,0,train
W-105,2940.0,Barail,Coal / Shale / Sandstone Sequence,7.1,29.93,116.0,11.62,3334.5,492.2,10.49,10.85,5,0.637,2,2,0,3,999.0,3.79,NONE,LOW,0,0,0,train
W-105,2950.0,Barail,Coal / Shale / Sandstone Sequence,5.97,27.17,113.5,11.22,3360.1,483.1,10.55,10.97,5,0.6241,2,2,0,3,999.0,3.7982,NONE,LOW,0,0,0,train
W-105,2960.0,Barail,Coal / Shale / Sandstone Sequence,6.04,29.95,113.7,11.47,3322.5,470.4,10.56,10.97,5,0.612,2,2,0,3,999.0,3.7863,NONE,LOW,0,0,0,train
W-105,2970.0,Barail,Coal / Shale / Sandstone Sequence,6.46,29.59,108.2,11.65,3356.4,495.7,10.56,10.98,5,0.6144,2,2,0,3,999.0,3.7758,NONE,LOW,0,0,0,train
W-105,2980.0,Barail,Coal / Shale / Sandstone Sequence,6.01,28.0,109.9,11.93,3362.5,489.7,10.73,11.05,5,0.6266,2,2,0,3,999.0,3.7693,NONE,LOW,0,0,0,train
W-105,2990.0,Barail,Coal / Shale / Sandstone Sequence,6.7,28.11,112.9,11.58,3357.0,488.0,10.7,11.11,5,0.6344,2,2,0,3,999.0,3.756,NONE,LOW,0,0,0,train
W-105,3000.0,Barail,Coal / Shale / Sandstone Sequence,6.41,28.06,112.6,12.2,3319.0,474.6,10.48,10.86,5,0.6216,2,2,0,3,999.0,3.7036,NONE,LOW,0,0,0,train
W-105,3010.0,Barail,Coal / Shale / Sandstone Sequence,6.75,29.51,112.6,12.03,3380.0,471.1,10.56,11.01,5,0.6344,2,2,0,3,999.0,3.7043,NONE,LOW,0,0,0,train
W-105,3020.0,Barail,Coal / Shale / Sandstone Sequence,7.43,29.89,107.0,11.01,3327.5,480.1,10.72,11.14,5,0.6266,2,2,0,3,999.0,3.6657,NONE,LOW,0,0,0,train
W-105,3030.0,Barail,Coal / Shale / Sandstone Sequence,6.21,30.07,109.6,11.18,3375.9,482.9,10.7,11.11,5,0.6144,2,2,0,3,999.0,3.62,NONE,LOW,0,0,0,train
W-105,3040.0,Barail,Coal / Shale / Sandstone Sequence,6.87,30.89,106.6,11.95,3366.4,476.5,10.63,11.04,5,0.6029,2,2,0,3,999.0,3.5773,NONE,LOW,0,0,0,train
W-105,3050.0,Barail,Coal / Shale / Sandstone Sequence,7.15,28.94,115.3,11.51,3349.8,475.7,10.63,11.0,5,0.5922,2,2,0,3,999.0,3.5379,NONE,LOW,0,0,0,train
W-105,3060.0,Barail,Coal / Shale / Sandstone Sequence,6.91,32.62,103.5,11.02,3383.8,479.6,10.46,10.89,5,0.5822,2,2,0,3,999.0,3.5012,NONE,LOW,0,0,0,train
W-105,3070.0,Barail,Coal / Shale / Sandstone Sequence,6.15,30.01,100.5,10.93,3391.2,489.5,10.59,11.03,5,0.5729,2,2,0,3,999.0,3.4673,NONE,LOW,0,0,0,train
W-105,3080.0,Barail,Coal / Shale / Sandstone Sequence,5.15,29.56,115.3,12.31,3404.1,478.1,10.64,11.0,5,0.5641,2,2,0,3,999.0,3.4356,NONE,LOW,0,0,0,train
W-105,3090.0,Barail,Coal / Shale / Sandstone Sequence,6.51,32.24,110.9,11.51,3374.3,483.2,10.6,11.02,5,0.5559,2,2,0,3,999.0,3.4067,NONE,LOW,0,0,0,train
W-105,3100.0,Barail,Coal / Shale / Sandstone Sequence,5.87,32.04,103.4,12.32,3327.2,475.3,10.54,10.97,5,0.5482,2,2,0,3,999.0,3.3798,NONE,LOW,0,0,0,train
W-105,3110.0,Barail,Coal / Shale / Sandstone Sequence,5.71,30.95,110.3,11.39,3361.9,479.7,10.6,10.98,5,0.5411,2,2,0,3,999.0,3.3553,NONE,LOW,0,0,0,train
W-105,3120.0,Barail,Coal / Shale / Sandstone Sequence,6.36,30.03,107.8,12.39,3339.0,482.9,10.79,11.19,5,0.5344,2,2,0,3,999.0,3.3326,NONE,LOW,0,0,0,train
W-105,3130.0,Barail,Coal / Shale / Sandstone Sequence,6.01,30.9,106.5,11.63,3425.7,481.4,10.49,10.84,5,0.5281,2,2,0,3,999.0,3.312,NONE,LOW,0,0,0,train
W-105,3140.0,Barail,Coal / Shale / Sandstone Sequence,6.33,30.14,110.6,11.66,3428.3,480.0,10.53,10.9,5,0.5222,2,2,0,3,999.0,3.293,NONE,LOW,0,0,0,train
W-105,3150.0,Barail,Coal / Shale / Sandstone Sequence,7.26,30.88,109.0,11.81,3382.2,463.6,10.69,11.11,5,0.5167,2,2,0,3,999.0,3.2759,NONE,LOW,0,0,0,train
W-105,3160.0,Barail,Coal / Shale / Sandstone Sequence,7.36,29.76,110.9,11.62,3392.1,480.9,10.67,11.07,5,0.5116,2,2,0,3,999.0,3.2606,NONE,LOW,0,0,0,train
W-105,3170.0,Barail,Coal / Shale / Sandstone Sequence,6.94,32.14,107.0,11.41,3381.9,475.5,10.62,10.97,5,0.5068,2,2,0,3,999.0,3.2469,NONE,LOW,0,0,0,train
W-105,3180.0,Barail,Coal / Shale / Sandstone Sequence,6.79,30.53,110.0,11.71,3430.3,476.6,10.6,10.97,5,0.5023,2,2,0,3,999.0,3.2348,NONE,LOW,0,0,0,train
W-105,3190.0,Barail,Coal / Shale / Sandstone Sequence,7.63,29.37,112.6,12.08,3338.4,483.3,10.59,11.01,5,0.498,2,2,0,3,999.0,3.2238,NONE,LOW,0,0,0,train
W-105,3200.0,Barail,Coal / Shale / Sandstone Sequence,6.11,30.09,108.7,11.35,3387.7,477.2,10.58,11.01,5,0.4941,2,2,0,3,999.0,3.2145,NONE,LOW,0,0,0,train
W-105,3210.0,Barail,Coal / Shale / Sandstone Sequence,5.45,32.29,109.2,11.31,3399.7,481.7,10.5,10.89,5,0.4904,2,2,0,3,999.0,3.2069,NONE,LOW,0,0,0,train
W-105,3220.0,Barail,Coal / Shale / Sandstone Sequence,5.92,30.52,101.1,12.09,3400.6,485.4,10.64,11.05,5,0.487,2,2,0,3,999.0,3.2004,NONE,LOW,0,0,0,train
W-105,3230.0,Barail,Coal / Shale / Sandstone Sequence,6.5,31.39,106.2,10.91,3405.0,474.6,10.64,11.09,5,0.4838,2,2,0,3,999.0,3.1952,NONE,LOW,0,0,0,train
W-105,3240.0,Barail,Coal / Shale / Sandstone Sequence,6.07,30.63,110.5,11.47,3416.8,480.5,10.63,10.99,5,0.4807,2,2,0,3,999.0,3.1914,NONE,LOW,0,0,0,train
W-105,3250.0,Barail,Coal / Shale / Sandstone Sequence,6.28,31.67,108.6,12.12,3411.3,490.9,10.43,10.86,5,0.4779,2,2,0,3,999.0,3.1888,NONE,LOW,0,0,0,train
W-105,3260.0,Barail,Coal / Shale / Sandstone Sequence,5.78,31.06,114.9,11.64,3428.9,468.9,10.68,11.14,5,0.4753,2,2,0,3,999.0,3.1879,NONE,LOW,0,0,0,train
W-105,3270.0,Barail,Coal / Shale / Sandstone Sequence,5.3,30.66,100.2,10.96,3481.5,477.0,10.54,10.89,5,0.4798,2,2,0,3,999.0,3.1879,NONE,LOW,0,0,0,train
W-105,3280.0,Barail,Coal / Shale / Sandstone Sequence,5.96,32.16,106.4,11.64,3391.3,500.8,10.6,11.02,5,0.4846,2,2,0,3,999.0,3.1892,NONE,LOW,0,0,0,train
W-105,3290.0,Barail,Coal / Shale / Sandstone Sequence,6.32,30.5,107.0,11.11,3464.5,475.6,10.59,10.92,5,0.4897,2,2,0,3,999.0,3.1919,NONE,LOW,0,0,0,train
W-105,3300.0,Barail,Coal / Shale / Sandstone Sequence,7.06,30.9,109.5,12.08,3405.6,485.1,10.51,10.89,5,0.4952,2,2,0,3,999.0,3.1958,NONE,LOW,0,0,0,train
W-105,3310.0,Barail,Coal / Shale / Sandstone Sequence,6.27,30.95,113.3,11.87,3423.4,476.2,10.65,11.09,5,0.5011,2,2,0,3,999.0,3.2014,NONE,LOW,0,0,0,train
W-105,3320.0,Barail,Coal / Shale / Sandstone Sequence,6.27,30.5,114.1,11.56,3425.9,480.9,10.65,11.06,5,0.5074,2,2,0,3,999.0,3.2082,NONE,LOW,0,0,0,train
W-105,3330.0,Barail,Coal / Shale / Sandstone Sequence,7.22,32.83,112.1,12.19,3432.7,485.5,10.6,11.03,5,0.5141,2,2,0,3,999.0,3.2162,NONE,LOW,0,0,0,train
W-105,3340.0,Barail,Coal / Shale / Sandstone Sequence,7.05,32.12,117.8,11.23,3431.1,478.3,10.68,11.07,5,0.5217,2,2,0,3,999.0,3.2257,NONE,LOW,0,0,0,train
W-105,3350.0,Barail,Coal / Shale / Sandstone Sequence,7.32,30.17,110.7,10.79,3453.0,473.7,10.44,10.81,5,0.5306,2,2,0,3,999.0,3.2365,NONE,LOW,0,0,0,train
W-105,3360.0,Barail,Coal / Shale / Sandstone Sequence,6.08,30.75,110.7,11.9,3419.5,472.1,10.62,11.02,5,0.5402,2,2,0,3,999.0,3.2492,NONE,LOW,0,0,0,train
W-105,3370.0,Barail,Coal / Shale / Sandstone Sequence,7.38,30.19,108.7,12.09,3491.8,472.1,10.64,11.02,5,0.5504,2,2,0,3,999.0,3.2631,NONE,LOW,0,0,0,train
W-105,3380.0,Barail,Coal / Shale / Sandstone Sequence,6.15,30.61,111.0,12.27,3412.3,492.0,10.63,11.01,5,0.5613,2,2,0,3,999.0,3.2786,NONE,LOW,0,0,0,train
W-105,3390.0,Barail,Coal / Shale / Sandstone Sequence,7.45,31.95,108.8,11.86,3443.2,484.2,10.63,11.02,5,0.573,3,2,0,2,999.0,3.3016,NONE,LOW,0,0,0,train
W-105,3400.0,Barail,Coal / Shale / Sandstone Sequence,5.66,30.38,104.4,11.47,3411.8,474.5,10.67,11.04,5,0.5854,3,2,0,2,999.0,3.3318,NONE,LOW,0,0,0,train
W-105,3410.0,Barail,Coal / Shale / Sandstone Sequence,5.91,30.1,111.0,12.34,3449.6,479.7,10.72,11.16,5,0.5874,3,2,0,2,999.0,3.3514,NONE,LOW,0,0,0,train
W-105,3420.0,Barail,Coal / Shale / Sandstone Sequence,6.76,30.98,111.8,10.82,3439.4,491.5,10.67,11.11,5,0.5996,3,2,0,2,999.0,3.3605,NONE,LOW,0,0,0,train
W-105,3430.0,Barail,Coal / Shale / Sandstone Sequence,5.34,30.27,107.3,11.41,3426.2,478.0,10.63,11.09,5,0.6074,3,2,0,2,999.0,3.3665,NONE,LOW,0,0,0,train
W-105,3440.0,Barail,Coal / Shale / Sandstone Sequence,6.63,30.54,103.4,10.89,3418.0,480.6,10.63,11.04,5,0.5946,3,2,0,2,999.0,3.3273,NONE,LOW,0,0,0,train
W-105,3450.0,Barail,Coal / Shale / Sandstone Sequence,6.59,33.56,117.8,11.89,3458.1,485.9,10.52,10.96,5,0.5827,3,2,0,2,999.0,3.2909,NONE,LOW,0,0,0,train
W-105,3460.0,Barail,Coal / Shale / Sandstone Sequence,7.39,31.19,107.9,11.32,3473.0,471.1,10.44,10.83,5,0.5716,3,2,0,2,999.0,3.2565,NONE,LOW,0,0,0,train
W-105,3470.0,Barail,Coal / Shale / Sandstone Sequence,6.63,32.34,108.7,11.85,3493.9,488.0,10.64,11.05,5,0.5612,3,2,0,2,999.0,3.2245,NONE,LOW,0,0,0,train
W-105,3480.0,Barail,Coal / Shale / Sandstone Sequence,7.02,35.13,114.9,11.46,3447.2,477.9,10.68,11.07,5,0.5514,3,2,0,2,999.0,3.1946,NONE,LOW,0,0,0,train
W-105,3490.0,Barail,Coal / Shale / Sandstone Sequence,6.08,33.39,104.4,10.68,3469.1,473.3,10.64,11.0,5,0.5423,2,2,0,3,999.0,3.1751,NONE,LOW,0,0,0,train
W-105,3500.0,Barail,Coal / Shale / Sandstone Sequence,6.04,32.01,107.5,11.23,3474.9,488.1,10.55,10.99,5,0.5338,2,2,0,3,999.0,3.1571,NONE,LOW,0,0,0,train
W-105,3510.0,Barail,Coal / Shale / Sandstone Sequence,6.64,31.82,111.9,11.7,3510.6,464.9,10.61,11.0,5,0.5258,2,2,0,3,999.0,3.1403,NONE,LOW,0,0,0,train
W-105,3520.0,Barail,Coal / Shale / Sandstone Sequence,6.48,30.95,104.8,11.9,3461.1,466.0,10.63,11.05,5,0.5183,2,2,0,3,999.0,3.1247,NONE,LOW,0,0,0,train
W-105,3530.0,Barail,Coal / Shale / Sandstone Sequence,6.43,31.02,109.5,12.11,3442.1,467.5,10.64,11.02,5,0.5113,2,2,0,3,999.0,3.1098,NONE,LOW,0,0,0,train
W-105,3540.0,Barail,Coal / Shale / Sandstone Sequence,6.2,32.93,114.4,11.64,3499.0,482.2,10.6,11.0,5,0.5048,2,2,0,3,999.0,3.0962,NONE,LOW,0,0,0,train
W-105,3550.0,Barail,Coal / Shale / Sandstone Sequence,5.88,30.58,109.4,11.62,3451.3,480.6,10.5,10.87,5,0.4987,2,2,0,3,999.0,3.0833,NONE,LOW,0,0,0,train
W-105,3560.0,Barail,Coal / Shale / Sandstone Sequence,6.12,30.9,112.4,11.42,3510.4,476.5,10.51,10.9,5,0.493,2,2,0,3,999.0,3.0714,NONE,LOW,0,0,0,train
W-105,3570.0,Barail,Coal / Shale / Sandstone Sequence,5.53,33.82,116.6,11.88,3484.2,491.4,10.75,11.14,5,0.4876,2,2,0,3,999.0,3.06,NONE,LOW,0,0,0,train
W-105,3580.0,Barail,Coal / Shale / Sandstone Sequence,6.27,31.64,106.2,12.06,3475.7,479.8,10.54,10.9,5,0.4826,2,2,0,3,999.0,3.0495,NONE,LOW,0,0,0,train
W-105,3590.0,Barail,Coal / Shale / Sandstone Sequence,5.81,30.94,109.6,12.03,3508.5,484.1,10.6,11.0,5,0.4779,2,2,0,3,999.0,3.0396,NONE,LOW,0,0,0,train
W-105,3600.0,Kopili,Overpressured Fissile Shale,5.47,31.72,113.3,10.62,3679.0,414.4,12.17,12.56,5,0.3485,2,2,1,2,999.0,2.2237,NONE,LOW,0,0,0,train
